engine,distance_m,round,bob_received,eve_received,secure_round,key_secure_after_round,cumulative_bob_rx,cumulative_secure_rounds,cumulative_equivocation
fallback,10.0,1,1,1,0,0,1,0,0.000000
fallback,10.0,2,1,1,0,0,2,0,0.000000
fallback,10.0,3,1,1,0,0,3,0,0.000000
fallback,10.0,4,1,1,0,0,4,0,0.000000
fallback,10.0,5,1,1,0,0,5,0,0.000000
fallback,10.0,6,1,1,0,0,6,0,0.000000
fallback,10.0,7,1,1,0,0,7,0,0.000000
fallback,10.0,8,1,1,0,0,8,0,0.000000
fallback,10.0,9,1,1,0,0,9,0,0.000000
fallback,10.0,10,1,1,0,0,10,0,0.000000
fallback,10.0,11,1,1,0,0,11,0,0.000000
fallback,10.0,12,1,1,0,0,12,0,0.000000
fallback,10.0,13,1,1,0,0,13,0,0.000000
fallback,10.0,14,1,1,0,0,14,0,0.000000
fallback,10.0,15,1,1,0,0,15,0,0.000000
fallback,10.0,16,1,1,0,0,16,0,0.000000
fallback,10.0,17,1,1,0,0,17,0,0.000000
fallback,10.0,18,1,1,0,0,18,0,0.000000
fallback,10.0,19,1,1,0,0,19,0,0.000000
fallback,10.0,20,1,1,0,0,20,0,0.000000
fallback,10.0,21,1,1,0,0,21,0,0.000000
fallback,10.0,22,1,1,0,0,22,0,0.000000
fallback,10.0,23,1,1,0,0,23,0,0.000000
fallback,10.0,24,1,1,0,0,24,0,0.000000
fallback,10.0,25,1,1,0,0,25,0,0.000000
fallback,10.0,26,1,1,0,0,26,0,0.000000
fallback,10.0,27,1,1,0,0,27,0,0.000000
fallback,10.0,28,1,1,0,0,28,0,0.000000
fallback,10.0,29,1,1,0,0,29,0,0.000000
fallback,10.0,30,1,1,0,0,30,0,0.000000
fallback,10.0,31,1,1,0,0,31,0,0.000000
fallback,10.0,32,1,1,0,0,32,0,0.000000
fallback,10.0,33,1,1,0,0,33,0,0.000000
fallback,10.0,34,1,1,0,0,34,0,0.000000
fallback,10.0,35,1,1,0,0,35,0,0.000000
fallback,10.0,36,1,1,0,0,36,0,0.000000
fallback,10.0,37,1,1,0,0,37,0,0.000000
fallback,10.0,38,1,1,0,0,38,0,0.000000
fallback,10.0,39,1,1,0,0,39,0,0.000000
fallback,10.0,40,1,1,0,0,40,0,0.000000
fallback,10.0,41,1,1,0,0,41,0,0.000000
fallback,10.0,42,0,1,0,0,41,0,0.000000
fallback,10.0,43,1,1,0,0,42,0,0.000000
fallback,10.0,44,1,1,0,0,43,0,0.000000
fallback,10.0,45,1,1,0,0,44,0,0.000000
fallback,10.0,46,0,1,0,0,44,0,0.000000
fallback,10.0,47,1,1,0,0,45,0,0.000000
fallback,10.0,48,1,1,0,0,46,0,0.000000
fallback,10.0,49,1,1,0,0,47,0,0.000000
fallback,10.0,50,1,1,0,0,48,0,0.000000
fallback,10.0,51,1,1,0,0,49,0,0.000000
fallback,10.0,52,1,1,0,0,50,0,0.000000
fallback,10.0,53,1,1,0,0,51,0,0.000000
fallback,10.0,54,1,1,0,0,52,0,0.000000
fallback,10.0,55,1,1,0,0,53,0,0.000000
fallback,10.0,56,1,1,0,0,54,0,0.000000
fallback,10.0,57,1,1,0,0,55,0,0.000000
fallback,10.0,58,1,1,0,0,56,0,0.000000
fallback,10.0,59,1,1,0,0,57,0,0.000000
fallback,10.0,60,1,1,0,0,58,0,0.000000
fallback,10.0,61,1,1,0,0,59,0,0.000000
fallback,10.0,62,1,1,0,0,60,0,0.000000
fallback,10.0,63,1,1,0,0,61,0,0.000000
fallback,10.0,64,1,1,0,0,62,0,0.000000
fallback,10.0,65,1,1,0,0,63,0,0.000000
fallback,10.0,66,1,1,0,0,64,0,0.000000
fallback,10.0,67,1,1,0,0,65,0,0.000000
fallback,10.0,68,1,1,0,0,66,0,0.000000
fallback,10.0,69,1,1,0,0,67,0,0.000000
fallback,10.0,70,1,1,0,0,68,0,0.000000
fallback,10.0,71,1,1,0,0,69,0,0.000000
fallback,10.0,72,1,1,0,0,70,0,0.000000
fallback,10.0,73,1,1,0,0,71,0,0.000000
fallback,10.0,74,1,1,0,0,72,0,0.000000
fallback,10.0,75,1,1,0,0,73,0,0.000000
fallback,10.0,76,1,1,0,0,74,0,0.000000
fallback,10.0,77,1,1,0,0,75,0,0.000000
fallback,10.0,78,1,1,0,0,76,0,0.000000
fallback,10.0,79,1,1,0,0,77,0,0.000000
fallback,10.0,80,1,1,0,0,78,0,0.000000
fallback,10.0,81,1,1,0,0,79,0,0.000000
fallback,10.0,82,1,1,0,0,80,0,0.000000
fallback,10.0,83,1,1,0,0,81,0,0.000000
fallback,10.0,84,1,1,0,0,82,0,0.000000
fallback,10.0,85,1,1,0,0,83,0,0.000000
fallback,10.0,86,1,1,0,0,84,0,0.000000
fallback,10.0,87,1,1,0,0,85,0,0.000000
fallback,10.0,88,1,1,0,0,86,0,0.000000
fallback,10.0,89,1,1,0,0,87,0,0.000000
fallback,10.0,90,1,1,0,0,88,0,0.000000
fallback,10.0,91,1,1,0,0,89,0,0.000000
fallback,10.0,92,0,1,0,0,89,0,0.000000
fallback,10.0,93,1,1,0,0,90,0,0.000000
fallback,10.0,94,1,1,0,0,91,0,0.000000
fallback,10.0,95,1,1,0,0,92,0,0.000000
fallback,10.0,96,1,1,0,0,93,0,0.000000
fallback,10.0,97,1,1,0,0,94,0,0.000000
fallback,10.0,98,1,1,0,0,95,0,0.000000
fallback,10.0,99,1,1,0,0,96,0,0.000000
fallback,10.0,100,1,1,0,0,97,0,0.000000
fallback,10.0,101,1,1,0,0,98,0,0.000000
fallback,10.0,102,1,1,0,0,99,0,0.000000
fallback,10.0,103,1,1,0,0,100,0,0.000000
fallback,10.0,104,1,1,0,0,101,0,0.000000
fallback,10.0,105,1,1,0,0,102,0,0.000000
fallback,10.0,106,1,1,0,0,103,0,0.000000
fallback,10.0,107,1,1,0,0,104,0,0.000000
fallback,10.0,108,1,1,0,0,105,0,0.000000
fallback,10.0,109,1,1,0,0,106,0,0.000000
fallback,10.0,110,1,1,0,0,107,0,0.000000
fallback,10.0,111,1,1,0,0,108,0,0.000000
fallback,10.0,112,1,1,0,0,109,0,0.000000
fallback,10.0,113,1,1,0,0,110,0,0.000000
fallback,10.0,114,1,1,0,0,111,0,0.000000
fallback,10.0,115,0,1,0,0,111,0,0.000000
fallback,10.0,116,1,1,0,0,112,0,0.000000
fallback,10.0,117,1,1,0,0,113,0,0.000000
fallback,10.0,118,1,1,0,0,114,0,0.000000
fallback,10.0,119,1,1,0,0,115,0,0.000000
fallback,10.0,120,1,1,0,0,116,0,0.000000
fallback,10.0,121,1,1,0,0,117,0,0.000000
fallback,10.0,122,1,1,0,0,118,0,0.000000
fallback,10.0,123,1,1,0,0,119,0,0.000000
fallback,10.0,124,1,1,0,0,120,0,0.000000
fallback,10.0,125,1,1,0,0,121,0,0.000000
fallback,10.0,126,1,1,0,0,122,0,0.000000
fallback,10.0,127,1,1,0,0,123,0,0.000000
fallback,10.0,128,0,1,0,0,123,0,0.000000
fallback,10.0,129,1,1,0,0,124,0,0.000000
fallback,10.0,130,1,1,0,0,125,0,0.000000
fallback,10.0,131,1,1,0,0,126,0,0.000000
fallback,10.0,132,1,1,0,0,127,0,0.000000
fallback,10.0,133,1,1,0,0,128,0,0.000000
fallback,10.0,134,1,1,0,0,129,0,0.000000
fallback,10.0,135,1,1,0,0,130,0,0.000000
fallback,10.0,136,1,1,0,0,131,0,0.000000
fallback,10.0,137,1,1,0,0,132,0,0.000000
fallback,10.0,138,1,1,0,0,133,0,0.000000
fallback,10.0,139,1,1,0,0,134,0,0.000000
fallback,10.0,140,1,1,0,0,135,0,0.000000
fallback,10.0,141,1,1,0,0,136,0,0.000000
fallback,10.0,142,1,1,0,0,137,0,0.000000
fallback,10.0,143,1,1,0,0,138,0,0.000000
fallback,10.0,144,1,1,0,0,139,0,0.000000
fallback,10.0,145,1,1,0,0,140,0,0.000000
fallback,10.0,146,1,1,0,0,141,0,0.000000
fallback,10.0,147,1,1,0,0,142,0,0.000000
fallback,10.0,148,1,1,0,0,143,0,0.000000
fallback,10.0,149,1,1,0,0,144,0,0.000000
fallback,10.0,150,1,1,0,0,145,0,0.000000
fallback,10.0,151,1,1,0,0,146,0,0.000000
fallback,10.0,152,0,1,0,0,146,0,0.000000
fallback,10.0,153,1,1,0,0,147,0,0.000000
fallback,10.0,154,0,1,0,0,147,0,0.000000
fallback,10.0,155,1,1,0,0,148,0,0.000000
fallback,10.0,156,1,1,0,0,149,0,0.000000
fallback,10.0,157,1,1,0,0,150,0,0.000000
fallback,10.0,158,1,1,0,0,151,0,0.000000
fallback,10.0,159,1,1,0,0,152,0,0.000000
fallback,10.0,160,1,1,0,0,153,0,0.000000
fallback,10.0,161,1,1,0,0,154,0,0.000000
fallback,10.0,162,1,1,0,0,155,0,0.000000
fallback,10.0,163,1,1,0,0,156,0,0.000000
fallback,10.0,164,1,1,0,0,157,0,0.000000
fallback,10.0,165,1,1,0,0,158,0,0.000000
fallback,10.0,166,1,1,0,0,159,0,0.000000
fallback,10.0,167,1,1,0,0,160,0,0.000000
fallback,10.0,168,1,1,0,0,161,0,0.000000
fallback,10.0,169,1,1,0,0,162,0,0.000000
fallback,10.0,170,1,1,0,0,163,0,0.000000
fallback,10.0,171,1,1,0,0,164,0,0.000000
fallback,10.0,172,1,1,0,0,165,0,0.000000
fallback,10.0,173,1,1,0,0,166,0,0.000000
fallback,10.0,174,1,1,0,0,167,0,0.000000
fallback,10.0,175,1,1,0,0,168,0,0.000000
fallback,10.0,176,1,1,0,0,169,0,0.000000
fallback,10.0,177,1,1,0,0,170,0,0.000000
fallback,10.0,178,1,1,0,0,171,0,0.000000
fallback,10.0,179,1,1,0,0,172,0,0.000000
fallback,10.0,180,1,1,0,0,173,0,0.000000
fallback,10.0,181,1,1,0,0,174,0,0.000000
fallback,10.0,182,1,1,0,0,175,0,0.000000
fallback,10.0,183,1,1,0,0,176,0,0.000000
fallback,10.0,184,1,1,0,0,177,0,0.000000
fallback,10.0,185,1,1,0,0,178,0,0.000000
fallback,10.0,186,1,1,0,0,179,0,0.000000
fallback,10.0,187,1,1,0,0,180,0,0.000000
fallback,10.0,188,1,1,0,0,181,0,0.000000
fallback,10.0,189,1,1,0,0,182,0,0.000000
fallback,10.0,190,1,1,0,0,183,0,0.000000
fallback,10.0,191,1,1,0,0,184,0,0.000000
fallback,10.0,192,1,1,0,0,185,0,0.000000
fallback,10.0,193,1,1,0,0,186,0,0.000000
fallback,10.0,194,1,1,0,0,187,0,0.000000
fallback,10.0,195,1,1,0,0,188,0,0.000000
fallback,10.0,196,1,1,0,0,189,0,0.000000
fallback,10.0,197,1,0,1,1,190,1,0.633091
fallback,10.0,198,1,1,0,1,191,1,0.633086
fallback,10.0,199,1,1,0,1,192,1,0.633081
fallback,10.0,200,1,1,0,1,193,1,0.633076
fallback,10.0,201,1,1,0,1,194,1,0.633071
fallback,10.0,202,1,1,0,1,195,1,0.633066
fallback,10.0,203,1,1,0,1,196,1,0.633061
fallback,10.0,204,1,1,0,1,197,1,0.633056
fallback,10.0,205,1,1,0,1,198,1,0.633052
fallback,10.0,206,1,1,0,1,199,1,0.633047
fallback,10.0,207,1,1,0,1,200,1,0.633042
fallback,10.0,208,1,1,0,1,201,1,0.633038
fallback,10.0,209,1,1,0,1,202,1,0.633033
fallback,10.0,210,1,1,0,1,203,1,0.633029
fallback,10.0,211,1,1,0,1,204,1,0.633024
fallback,10.0,212,1,1,0,1,205,1,0.633020
fallback,10.0,213,1,1,0,1,206,1,0.633015
fallback,10.0,214,1,1,0,1,207,1,0.633011
fallback,10.0,215,1,1,0,1,208,1,0.633007
fallback,10.0,216,1,1,0,1,209,1,0.633002
fallback,10.0,217,1,1,0,1,210,1,0.632998
fallback,10.0,218,1,1,0,1,211,1,0.632994
fallback,10.0,219,1,1,0,1,212,1,0.632990
fallback,10.0,220,1,1,0,1,213,1,0.632986
fallback,10.0,221,1,1,0,1,214,1,0.632982
fallback,10.0,222,1,1,0,1,215,1,0.632978
fallback,10.0,223,1,1,0,1,216,1,0.632974
fallback,10.0,224,0,1,0,1,216,1,0.632974
fallback,10.0,225,1,1,0,1,217,1,0.632970
fallback,10.0,226,1,1,0,1,218,1,0.632966
fallback,10.0,227,1,1,0,1,219,1,0.632962
fallback,10.0,228,1,1,0,1,220,1,0.632958
fallback,10.0,229,1,1,0,1,221,1,0.632954
fallback,10.0,230,1,1,0,1,222,1,0.632951
fallback,10.0,231,1,1,0,1,223,1,0.632947
fallback,10.0,232,1,1,0,1,224,1,0.632943
fallback,10.0,233,1,1,0,1,225,1,0.632940
fallback,10.0,234,1,1,0,1,226,1,0.632936
fallback,10.0,235,1,1,0,1,227,1,0.632932
fallback,10.0,236,0,1,0,1,227,1,0.632932
fallback,10.0,237,1,1,0,1,228,1,0.632929
fallback,10.0,238,1,1,0,1,229,1,0.632925
fallback,10.0,239,1,1,0,1,230,1,0.632922
fallback,10.0,240,1,1,0,1,231,1,0.632918
fallback,10.0,241,1,1,0,1,232,1,0.632915
fallback,10.0,242,1,1,0,1,233,1,0.632911
fallback,10.0,243,1,1,0,1,234,1,0.632908
fallback,10.0,244,1,1,0,1,235,1,0.632905
fallback,10.0,245,1,1,0,1,236,1,0.632901
fallback,10.0,246,1,1,0,1,237,1,0.632898
fallback,10.0,247,1,1,0,1,238,1,0.632895
fallback,10.0,248,1,1,0,1,239,1,0.632892
fallback,10.0,249,1,1,0,1,240,1,0.632888
fallback,10.0,250,1,1,0,1,241,1,0.632885
fallback,10.0,251,1,1,0,1,242,1,0.632882
fallback,10.0,252,1,1,0,1,243,1,0.632879
fallback,10.0,253,1,1,0,1,244,1,0.632876
fallback,10.0,254,1,1,0,1,245,1,0.632873
fallback,10.0,255,1,1,0,1,246,1,0.632870
fallback,10.0,256,1,1,0,1,247,1,0.632867
fallback,10.0,257,1,1,0,1,248,1,0.632863
fallback,10.0,258,1,1,0,1,249,1,0.632861
fallback,10.0,259,1,1,0,1,250,1,0.632858
fallback,10.0,260,1,1,0,1,251,1,0.632855
fallback,10.0,261,1,1,0,1,252,1,0.632852
fallback,10.0,262,1,1,0,1,253,1,0.632849
fallback,10.0,263,1,1,0,1,254,1,0.632846
fallback,10.0,264,1,1,0,1,255,1,0.632843
fallback,10.0,265,1,1,0,1,256,1,0.632840
fallback,10.0,266,1,1,0,1,257,1,0.632837
fallback,10.0,267,1,1,0,1,258,1,0.632835
fallback,10.0,268,1,1,0,1,259,1,0.632832
fallback,10.0,269,1,1,0,1,260,1,0.632829
fallback,10.0,270,1,1,0,1,261,1,0.632826
fallback,10.0,271,1,1,0,1,262,1,0.632824
fallback,10.0,272,1,1,0,1,263,1,0.632821
fallback,10.0,273,1,1,0,1,264,1,0.632818
fallback,10.0,274,1,1,0,1,265,1,0.632816
fallback,10.0,275,1,1,0,1,266,1,0.632813
fallback,10.0,276,1,1,0,1,267,1,0.632811
fallback,10.0,277,1,1,0,1,268,1,0.632808
fallback,10.0,278,1,1,0,1,269,1,0.632805
fallback,10.0,279,1,1,0,1,270,1,0.632803
fallback,10.0,280,1,1,0,1,271,1,0.632800
fallback,10.0,281,1,1,0,1,272,1,0.632798
fallback,10.0,282,1,1,0,1,273,1,0.632795
fallback,10.0,283,1,1,0,1,274,1,0.632793
fallback,10.0,284,1,1,0,1,275,1,0.632790
fallback,10.0,285,1,1,0,1,276,1,0.632788
fallback,10.0,286,1,1,0,1,277,1,0.632786
fallback,10.0,287,1,1,0,1,278,1,0.632783
fallback,10.0,288,1,1,0,1,279,1,0.632781
fallback,10.0,289,1,1,0,1,280,1,0.632778
fallback,10.0,290,1,1,0,1,281,1,0.632776
fallback,10.0,291,1,1,0,1,282,1,0.632774
fallback,10.0,292,1,1,0,1,283,1,0.632771
fallback,10.0,293,1,1,0,1,284,1,0.632769
fallback,10.0,294,0,1,0,1,284,1,0.632769
fallback,10.0,295,1,1,0,1,285,1,0.632767
fallback,10.0,296,1,1,0,1,286,1,0.632765
fallback,10.0,297,1,1,0,1,287,1,0.632762
fallback,10.0,298,1,1,0,1,288,1,0.632760
fallback,10.0,299,1,1,0,1,289,1,0.632758
fallback,10.0,300,1,1,0,1,290,1,0.632756
fallback,10.0,301,1,1,0,1,291,1,0.632754
fallback,10.0,302,1,1,0,1,292,1,0.632751
fallback,10.0,303,1,1,0,1,293,1,0.632749
fallback,10.0,304,1,1,0,1,294,1,0.632747
fallback,10.0,305,1,1,0,1,295,1,0.632745
fallback,10.0,306,0,1,0,1,295,1,0.632745
fallback,10.0,307,1,1,0,1,296,1,0.632743
fallback,10.0,308,1,1,0,1,297,1,0.632741
fallback,10.0,309,1,1,0,1,298,1,0.632739
fallback,10.0,310,1,1,0,1,299,1,0.632737
fallback,10.0,311,1,1,0,1,300,1,0.632735
fallback,10.0,312,1,1,0,1,301,1,0.632733
fallback,10.0,313,1,1,0,1,302,1,0.632730
fallback,10.0,314,1,1,0,1,303,1,0.632728
fallback,10.0,315,1,1,0,1,304,1,0.632726
fallback,10.0,316,1,1,0,1,305,1,0.632724
fallback,10.0,317,1,1,0,1,306,1,0.632722
fallback,10.0,318,1,1,0,1,307,1,0.632721
fallback,10.0,319,1,1,0,1,308,1,0.632719
fallback,10.0,320,1,1,0,1,309,1,0.632717
fallback,10.0,321,1,1,0,1,310,1,0.632715
fallback,10.0,322,1,1,0,1,311,1,0.632713
fallback,10.0,323,0,1,0,1,311,1,0.632713
fallback,10.0,324,1,1,0,1,312,1,0.632711
fallback,10.0,325,1,1,0,1,313,1,0.632709
fallback,10.0,326,1,1,0,1,314,1,0.632707
fallback,10.0,327,1,1,0,1,315,1,0.632705
fallback,10.0,328,1,1,0,1,316,1,0.632703
fallback,10.0,329,1,1,0,1,317,1,0.632702
fallback,10.0,330,1,1,0,1,318,1,0.632700
fallback,10.0,331,1,1,0,1,319,1,0.632698
fallback,10.0,332,1,1,0,1,320,1,0.632696
fallback,10.0,333,1,1,0,1,321,1,0.632694
fallback,10.0,334,1,1,0,1,322,1,0.632693
fallback,10.0,335,1,1,0,1,323,1,0.632691
fallback,10.0,336,1,1,0,1,324,1,0.632689
fallback,10.0,337,1,1,0,1,325,1,0.632687
fallback,10.0,338,1,1,0,1,326,1,0.632686
fallback,10.0,339,0,1,0,1,326,1,0.632686
fallback,10.0,340,1,1,0,1,327,1,0.632684
fallback,10.0,341,1,1,0,1,328,1,0.632682
fallback,10.0,342,1,1,0,1,329,1,0.632680
fallback,10.0,343,1,1,0,1,330,1,0.632679
fallback,10.0,344,1,1,0,1,331,1,0.632677
fallback,10.0,345,1,1,0,1,332,1,0.632675
fallback,10.0,346,1,0,1,1,333,2,0.865478
fallback,10.0,347,1,1,0,1,334,2,0.865476
fallback,10.0,348,1,1,0,1,335,2,0.865473
fallback,10.0,349,1,1,0,1,336,2,0.865471
fallback,10.0,350,1,1,0,1,337,2,0.865469
fallback,10.0,351,1,1,0,1,338,2,0.865466
fallback,10.0,352,1,1,0,1,339,2,0.865464
fallback,10.0,353,1,1,0,1,340,2,0.865462
fallback,10.0,354,1,1,0,1,341,2,0.865459
fallback,10.0,355,1,1,0,1,342,2,0.865457
fallback,10.0,356,1,1,0,1,343,2,0.865455
fallback,10.0,357,1,1,0,1,344,2,0.865452
fallback,10.0,358,1,1,0,1,345,2,0.865450
fallback,10.0,359,1,1,0,1,346,2,0.865448
fallback,10.0,360,1,1,0,1,347,2,0.865445
fallback,10.0,361,1,1,0,1,348,2,0.865443
fallback,10.0,362,1,1,0,1,349,2,0.865441
fallback,10.0,363,1,1,0,1,350,2,0.865439
fallback,10.0,364,1,1,0,1,351,2,0.865437
fallback,10.0,365,1,1,0,1,352,2,0.865434
fallback,10.0,366,1,1,0,1,353,2,0.865432
fallback,10.0,367,1,1,0,1,354,2,0.865430
fallback,10.0,368,1,1,0,1,355,2,0.865428
fallback,10.0,369,1,1,0,1,356,2,0.865426
fallback,10.0,370,1,1,0,1,357,2,0.865424
fallback,10.0,371,1,1,0,1,358,2,0.865421
fallback,10.0,372,1,1,0,1,359,2,0.865419
fallback,10.0,373,0,1,0,1,359,2,0.865419
fallback,10.0,374,1,1,0,1,360,2,0.865417
fallback,10.0,375,1,1,0,1,361,2,0.865415
fallback,10.0,376,1,1,0,1,362,2,0.865413
fallback,10.0,377,1,1,0,1,363,2,0.865411
fallback,10.0,378,1,1,0,1,364,2,0.865409
fallback,10.0,379,1,1,0,1,365,2,0.865407
fallback,10.0,380,1,1,0,1,366,2,0.865405
fallback,10.0,381,1,1,0,1,367,2,0.865403
fallback,10.0,382,1,1,0,1,368,2,0.865401
fallback,10.0,383,1,1,0,1,369,2,0.865399
fallback,10.0,384,1,1,0,1,370,2,0.865397
fallback,10.0,385,1,1,0,1,371,2,0.865395
fallback,10.0,386,1,1,0,1,372,2,0.865393
fallback,10.0,387,1,1,0,1,373,2,0.865391
fallback,10.0,388,1,1,0,1,374,2,0.865389
fallback,10.0,389,1,1,0,1,375,2,0.865387
fallback,10.0,390,1,1,0,1,376,2,0.865385
fallback,10.0,391,1,1,0,1,377,2,0.865383
fallback,10.0,392,1,1,0,1,378,2,0.865381
fallback,10.0,393,1,1,0,1,379,2,0.865380
fallback,10.0,394,1,1,0,1,380,2,0.865378
fallback,10.0,395,1,1,0,1,381,2,0.865376
fallback,10.0,396,1,1,0,1,382,2,0.865374
fallback,10.0,397,1,1,0,1,383,2,0.865372
fallback,10.0,398,1,1,0,1,384,2,0.865370
fallback,10.0,399,1,1,0,1,385,2,0.865368
fallback,10.0,400,1,1,0,1,386,2,0.865367
fallback,15.0,1,1,1,0,0,1,0,0.000000
fallback,15.0,2,1,1,0,0,2,0,0.000000
fallback,15.0,3,1,1,0,0,3,0,0.000000
fallback,15.0,4,1,1,0,0,4,0,0.000000
fallback,15.0,5,1,1,0,0,5,0,0.000000
fallback,15.0,6,1,1,0,0,6,0,0.000000
fallback,15.0,7,1,1,0,0,7,0,0.000000
fallback,15.0,8,1,1,0,0,8,0,0.000000
fallback,15.0,9,1,1,0,0,9,0,0.000000
fallback,15.0,10,1,1,0,0,10,0,0.000000
fallback,15.0,11,1,1,0,0,11,0,0.000000
fallback,15.0,12,0,1,0,0,11,0,0.000000
fallback,15.0,13,1,1,0,0,12,0,0.000000
fallback,15.0,14,1,0,1,1,13,1,0.646742
fallback,15.0,15,1,1,0,1,14,1,0.645665
fallback,15.0,16,1,1,0,1,15,1,0.644736
fallback,15.0,17,1,1,0,1,16,1,0.643926
fallback,15.0,18,1,1,0,1,17,1,0.643214
fallback,15.0,19,1,1,0,1,18,1,0.642583
fallback,15.0,20,1,1,0,1,19,1,0.642020
fallback,15.0,21,1,1,0,1,20,1,0.641514
fallback,15.0,22,1,1,0,1,21,1,0.641058
fallback,15.0,23,1,1,0,1,22,1,0.640643
fallback,15.0,24,1,1,0,1,23,1,0.640266
fallback,15.0,25,1,1,0,1,24,1,0.639921
fallback,15.0,26,1,1,0,1,25,1,0.639603
fallback,15.0,27,1,1,0,1,26,1,0.639311
fallback,15.0,28,1,1,0,1,27,1,0.639040
fallback,15.0,29,1,1,0,1,28,1,0.638789
fallback,15.0,30,1,1,0,1,29,1,0.638556
fallback,15.0,31,1,1,0,1,30,1,0.638338
fallback,15.0,32,0,1,0,1,30,1,0.638338
fallback,15.0,33,1,1,0,1,31,1,0.638135
fallback,15.0,34,1,1,0,1,32,1,0.637945
fallback,15.0,35,1,1,0,1,33,1,0.637766
fallback,15.0,36,1,1,0,1,34,1,0.637598
fallback,15.0,37,1,1,0,1,35,1,0.637439
fallback,15.0,38,1,1,0,1,36,1,0.637290
fallback,15.0,39,1,1,0,1,37,1,0.637149
fallback,15.0,40,1,1,0,1,38,1,0.637015
fallback,15.0,41,1,1,0,1,39,1,0.636888
fallback,15.0,42,1,1,0,1,40,1,0.636768
fallback,15.0,43,1,1,0,1,41,1,0.636653
fallback,15.0,44,1,1,0,1,42,1,0.636544
fallback,15.0,45,1,1,0,1,43,1,0.636440
fallback,15.0,46,1,1,0,1,44,1,0.636341
fallback,15.0,47,1,1,0,1,45,1,0.636246
fallback,15.0,48,1,1,0,1,46,1,0.636156
fallback,15.0,49,1,1,0,1,47,1,0.636069
fallback,15.0,50,1,1,0,1,48,1,0.635986
fallback,15.0,51,1,1,0,1,49,1,0.635907
fallback,15.0,52,1,1,0,1,50,1,0.635830
fallback,15.0,53,1,1,0,1,51,1,0.635757
fallback,15.0,54,1,1,0,1,52,1,0.635686
fallback,15.0,55,1,1,0,1,53,1,0.635619
fallback,15.0,56,1,1,0,1,54,1,0.635553
fallback,15.0,57,1,1,0,1,55,1,0.635490
fallback,15.0,58,1,1,0,1,56,1,0.635430
fallback,15.0,59,1,1,0,1,57,1,0.635371
fallback,15.0,60,1,1,0,1,58,1,0.635315
fallback,15.0,61,1,1,0,1,59,1,0.635260
fallback,15.0,62,1,1,0,1,60,1,0.635208
fallback,15.0,63,1,1,0,1,61,1,0.635157
fallback,15.0,64,1,1,0,1,62,1,0.635107
fallback,15.0,65,1,1,0,1,63,1,0.635060
fallback,15.0,66,1,1,0,1,64,1,0.635013
fallback,15.0,67,1,1,0,1,65,1,0.634969
fallback,15.0,68,1,1,0,1,66,1,0.634925
fallback,15.0,69,1,1,0,1,67,1,0.634883
fallback,15.0,70,1,1,0,1,68,1,0.634842
fallback,15.0,71,1,1,0,1,69,1,0.634803
fallback,15.0,72,1,1,0,1,70,1,0.634764
fallback,15.0,73,1,1,0,1,71,1,0.634727
fallback,15.0,74,1,1,0,1,72,1,0.634690
fallback,15.0,75,1,1,0,1,73,1,0.634655
fallback,15.0,76,1,1,0,1,74,1,0.634620
fallback,15.0,77,1,1,0,1,75,1,0.634587
fallback,15.0,78,1,1,0,1,76,1,0.634554
fallback,15.0,79,1,1,0,1,77,1,0.634522
fallback,15.0,80,1,1,0,1,78,1,0.634491
fallback,15.0,81,1,1,0,1,79,1,0.634461
fallback,15.0,82,1,1,0,1,80,1,0.634432
fallback,15.0,83,1,1,0,1,81,1,0.634403
fallback,15.0,84,1,1,0,1,82,1,0.634375
fallback,15.0,85,1,1,0,1,83,1,0.634348
fallback,15.0,86,1,1,0,1,84,1,0.634321
fallback,15.0,87,1,1,0,1,85,1,0.634295
fallback,15.0,88,1,1,0,1,86,1,0.634270
fallback,15.0,89,1,1,0,1,87,1,0.634245
fallback,15.0,90,1,0,1,1,88,2,0.867752
fallback,15.0,91,1,1,0,1,89,2,0.867717
fallback,15.0,92,1,1,0,1,90,2,0.867683
fallback,15.0,93,1,1,0,1,91,2,0.867650
fallback,15.0,94,1,1,0,1,92,2,0.867617
fallback,15.0,95,1,1,0,1,93,2,0.867586
fallback,15.0,96,1,1,0,1,94,2,0.867554
fallback,15.0,97,1,1,0,1,95,2,0.867524
fallback,15.0,98,1,1,0,1,96,2,0.867494
fallback,15.0,99,1,1,0,1,97,2,0.867465
fallback,15.0,100,1,1,0,1,98,2,0.867436
fallback,15.0,101,0,1,0,1,98,2,0.867436
fallback,15.0,102,1,1,0,1,99,2,0.867408
fallback,15.0,103,1,1,0,1,100,2,0.867380
fallback,15.0,104,1,1,0,1,101,2,0.867353
fallback,15.0,105,1,1,0,1,102,2,0.867327
fallback,15.0,106,1,1,0,1,103,2,0.867301
fallback,15.0,107,1,1,0,1,104,2,0.867276
fallback,15.0,108,1,1,0,1,105,2,0.867251
fallback,15.0,109,1,1,0,1,106,2,0.867226
fallback,15.0,110,1,1,0,1,107,2,0.867202
fallback,15.0,111,1,1,0,1,108,2,0.867179
fallback,15.0,112,1,1,0,1,109,2,0.867156
fallback,15.0,113,1,1,0,1,110,2,0.867133
fallback,15.0,114,1,1,0,1,111,2,0.867111
fallback,15.0,115,1,1,0,1,112,2,0.867089
fallback,15.0,116,1,1,0,1,113,2,0.867067
fallback,15.0,117,1,1,0,1,114,2,0.867046
fallback,15.0,118,1,1,0,1,115,2,0.867025
fallback,15.0,119,1,1,0,1,116,2,0.867005
fallback,15.0,120,1,1,0,1,117,2,0.866985
fallback,15.0,121,1,1,0,1,118,2,0.866965
fallback,15.0,122,0,1,0,1,118,2,0.866965
fallback,15.0,123,1,1,0,1,119,2,0.866946
fallback,15.0,124,1,1,0,1,120,2,0.866927
fallback,15.0,125,1,1,0,1,121,2,0.866908
fallback,15.0,126,1,1,0,1,122,2,0.866889
fallback,15.0,127,1,1,0,1,123,2,0.866871
fallback,15.0,128,1,1,0,1,124,2,0.866853
fallback,15.0,129,1,1,0,1,125,2,0.866836
fallback,15.0,130,1,1,0,1,126,2,0.866819
fallback,15.0,131,1,1,0,1,127,2,0.866802
fallback,15.0,132,1,1,0,1,128,2,0.866785
fallback,15.0,133,1,1,0,1,129,2,0.866768
fallback,15.0,134,1,1,0,1,130,2,0.866752
fallback,15.0,135,1,1,0,1,131,2,0.866736
fallback,15.0,136,1,0,1,1,132,3,0.951907
fallback,15.0,137,1,1,0,1,133,3,0.951894
fallback,15.0,138,1,1,0,1,134,3,0.951882
fallback,15.0,139,1,1,0,1,135,3,0.951869
fallback,15.0,140,1,1,0,1,136,3,0.951857
fallback,15.0,141,1,1,0,1,137,3,0.951845
fallback,15.0,142,1,1,0,1,138,3,0.951833
fallback,15.0,143,1,1,0,1,139,3,0.951822
fallback,15.0,144,1,1,0,1,140,3,0.951810
fallback,15.0,145,1,1,0,1,141,3,0.951799
fallback,15.0,146,1,1,0,1,142,3,0.951788
fallback,15.0,147,1,1,0,1,143,3,0.951777
fallback,15.0,148,1,1,0,1,144,3,0.951766
fallback,15.0,149,1,1,0,1,145,3,0.951755
fallback,15.0,150,1,1,0,1,146,3,0.951745
fallback,15.0,151,1,1,0,1,147,3,0.951734
fallback,15.0,152,1,1,0,1,148,3,0.951724
fallback,15.0,153,1,1,0,1,149,3,0.951714
fallback,15.0,154,1,1,0,1,150,3,0.951704
fallback,15.0,155,1,1,0,1,151,3,0.951694
fallback,15.0,156,1,1,0,1,152,3,0.951684
fallback,15.0,157,1,1,0,1,153,3,0.951675
fallback,15.0,158,1,1,0,1,154,3,0.951665
fallback,15.0,159,1,1,0,1,155,3,0.951656
fallback,15.0,160,1,1,0,1,156,3,0.951647
fallback,15.0,161,1,1,0,1,157,3,0.951638
fallback,15.0,162,1,1,0,1,158,3,0.951629
fallback,15.0,163,1,1,0,1,159,3,0.951620
fallback,15.0,164,1,1,0,1,160,3,0.951611
fallback,15.0,165,1,1,0,1,161,3,0.951602
fallback,15.0,166,1,1,0,1,162,3,0.951594
fallback,15.0,167,1,1,0,1,163,3,0.951585
fallback,15.0,168,1,1,0,1,164,3,0.951577
fallback,15.0,169,1,1,0,1,165,3,0.951569
fallback,15.0,170,1,1,0,1,166,3,0.951560
fallback,15.0,171,1,1,0,1,167,3,0.951552
fallback,15.0,172,1,1,0,1,168,3,0.951544
fallback,15.0,173,1,1,0,1,169,3,0.951537
fallback,15.0,174,1,1,0,1,170,3,0.951529
fallback,15.0,175,1,1,0,1,171,3,0.951521
fallback,15.0,176,1,1,0,1,172,3,0.951514
fallback,15.0,177,1,1,0,1,173,3,0.951506
fallback,15.0,178,1,1,0,1,174,3,0.951499
fallback,15.0,179,1,1,0,1,175,3,0.951491
fallback,15.0,180,1,1,0,1,176,3,0.951484
fallback,15.0,181,1,1,0,1,177,3,0.951477
fallback,15.0,182,1,1,0,1,178,3,0.951470
fallback,15.0,183,1,1,0,1,179,3,0.951463
fallback,15.0,184,1,1,0,1,180,3,0.951456
fallback,15.0,185,1,1,0,1,181,3,0.951449
fallback,15.0,186,1,1,0,1,182,3,0.951442
fallback,15.0,187,1,1,0,1,183,3,0.951435
fallback,15.0,188,1,1,0,1,184,3,0.951429
fallback,15.0,189,1,1,0,1,185,3,0.951422
fallback,15.0,190,1,1,0,1,186,3,0.951416
fallback,15.0,191,1,1,0,1,187,3,0.951409
fallback,15.0,192,1,1,0,1,188,3,0.951403
fallback,15.0,193,1,1,0,1,189,3,0.951397
fallback,15.0,194,1,1,0,1,190,3,0.951391
fallback,15.0,195,1,1,0,1,191,3,0.951384
fallback,15.0,196,1,1,0,1,192,3,0.951378
fallback,15.0,197,1,1,0,1,193,3,0.951372
fallback,15.0,198,1,1,0,1,194,3,0.951366
fallback,15.0,199,1,1,0,1,195,3,0.951360
fallback,15.0,200,1,1,0,1,196,3,0.951355
fallback,15.0,201,1,1,0,1,197,3,0.951349
fallback,15.0,202,1,1,0,1,198,3,0.951343
fallback,15.0,203,1,1,0,1,199,3,0.951337
fallback,15.0,204,1,1,0,1,200,3,0.951332
fallback,15.0,205,1,1,0,1,201,3,0.951326
fallback,15.0,206,1,1,0,1,202,3,0.951321
fallback,15.0,207,1,1,0,1,203,3,0.951315
fallback,15.0,208,1,1,0,1,204,3,0.951310
fallback,15.0,209,1,1,0,1,205,3,0.951304
fallback,15.0,210,1,1,0,1,206,3,0.951299
fallback,15.0,211,1,1,0,1,207,3,0.951294
fallback,15.0,212,1,1,0,1,208,3,0.951289
fallback,15.0,213,1,1,0,1,209,3,0.951284
fallback,15.0,214,1,1,0,1,210,3,0.951278
fallback,15.0,215,1,1,0,1,211,3,0.951273
fallback,15.0,216,1,1,0,1,212,3,0.951268
fallback,15.0,217,1,1,0,1,213,3,0.951264
fallback,15.0,218,1,1,0,1,214,3,0.951259
fallback,15.0,219,1,1,0,1,215,3,0.951254
fallback,15.0,220,1,1,0,1,216,3,0.951249
fallback,15.0,221,1,0,1,1,217,4,0.982355
fallback,15.0,222,1,1,0,1,218,4,0.982352
fallback,15.0,223,1,1,0,1,219,4,0.982349
fallback,15.0,224,1,1,0,1,220,4,0.982346
fallback,15.0,225,1,1,0,1,221,4,0.982343
fallback,15.0,226,1,1,0,1,222,4,0.982340
fallback,15.0,227,1,1,0,1,223,4,0.982337
fallback,15.0,228,1,1,0,1,224,4,0.982335
fallback,15.0,229,1,1,0,1,225,4,0.982332
fallback,15.0,230,1,1,0,1,226,4,0.982329
fallback,15.0,231,1,1,0,1,227,4,0.982326
fallback,15.0,232,1,1,0,1,228,4,0.982323
fallback,15.0,233,1,1,0,1,229,4,0.982320
fallback,15.0,234,1,1,0,1,230,4,0.982318
fallback,15.0,235,1,1,0,1,231,4,0.982315
fallback,15.0,236,1,1,0,1,232,4,0.982312
fallback,15.0,237,1,1,0,1,233,4,0.982310
fallback,15.0,238,1,1,0,1,234,4,0.982307
fallback,15.0,239,1,1,0,1,235,4,0.982304
fallback,15.0,240,1,1,0,1,236,4,0.982302
fallback,15.0,241,0,1,0,1,236,4,0.982302
fallback,15.0,242,1,1,0,1,237,4,0.982299
fallback,15.0,243,1,1,0,1,238,4,0.982297
fallback,15.0,244,1,1,0,1,239,4,0.982294
fallback,15.0,245,1,1,0,1,240,4,0.982291
fallback,15.0,246,1,1,0,1,241,4,0.982289
fallback,15.0,247,1,1,0,1,242,4,0.982286
fallback,15.0,248,1,1,0,1,243,4,0.982284
fallback,15.0,249,1,1,0,1,244,4,0.982282
fallback,15.0,250,1,1,0,1,245,4,0.982279
fallback,15.0,251,1,1,0,1,246,4,0.982277
fallback,15.0,252,1,1,0,1,247,4,0.982274
fallback,15.0,253,1,1,0,1,248,4,0.982272
fallback,15.0,254,1,1,0,1,249,4,0.982270
fallback,15.0,255,1,1,0,1,250,4,0.982267
fallback,15.0,256,1,1,0,1,251,4,0.982265
fallback,15.0,257,1,1,0,1,252,4,0.982263
fallback,15.0,258,1,1,0,1,253,4,0.982260
fallback,15.0,259,1,1,0,1,254,4,0.982258
fallback,15.0,260,1,1,0,1,255,4,0.982256
fallback,15.0,261,1,1,0,1,256,4,0.982254
fallback,15.0,262,1,1,0,1,257,4,0.982252
fallback,15.0,263,1,1,0,1,258,4,0.982249
fallback,15.0,264,1,0,1,1,259,5,0.993584
fallback,15.0,265,1,1,0,1,260,5,0.993582
fallback,15.0,266,1,1,0,1,261,5,0.993581
fallback,15.0,267,1,1,0,1,262,5,0.993580
fallback,15.0,268,1,1,0,1,263,5,0.993579
fallback,15.0,269,1,1,0,1,264,5,0.993578
fallback,15.0,270,1,1,0,1,265,5,0.993576
fallback,15.0,271,0,1,0,1,265,5,0.993576
fallback,15.0,272,1,1,0,1,266,5,0.993575
fallback,15.0,273,1,1,0,1,267,5,0.993574
fallback,15.0,274,1,1,0,1,268,5,0.993573
fallback,15.0,275,1,1,0,1,269,5,0.993572
fallback,15.0,276,1,1,0,1,270,5,0.993571
fallback,15.0,277,1,1,0,1,271,5,0.993569
fallback,15.0,278,1,1,0,1,272,5,0.993568
fallback,15.0,279,1,1,0,1,273,5,0.993567
fallback,15.0,280,1,1,0,1,274,5,0.993566
fallback,15.0,281,1,1,0,1,275,5,0.993565
fallback,15.0,282,1,0,1,1,276,6,0.997680
fallback,15.0,283,1,0,1,1,277,7,0.999167
fallback,15.0,284,1,1,0,1,278,7,0.999166
fallback,15.0,285,1,1,0,1,279,7,0.999166
fallback,15.0,286,1,1,0,1,280,7,0.999166
fallback,15.0,287,1,1,0,1,281,7,0.999165
fallback,15.0,288,1,1,0,1,282,7,0.999165
fallback,15.0,289,1,1,0,1,283,7,0.999165
fallback,15.0,290,1,1,0,1,284,7,0.999165
fallback,15.0,291,1,1,0,1,285,7,0.999164
fallback,15.0,292,1,1,0,1,286,7,0.999164
fallback,15.0,293,1,1,0,1,287,7,0.999164
fallback,15.0,294,1,1,0,1,288,7,0.999164
fallback,15.0,295,1,1,0,1,289,7,0.999163
fallback,15.0,296,1,1,0,1,290,7,0.999163
fallback,15.0,297,1,1,0,1,291,7,0.999163
fallback,15.0,298,0,1,0,1,291,7,0.999163
fallback,15.0,299,1,1,0,1,292,7,0.999163
fallback,15.0,300,0,1,0,1,292,7,0.999163
fallback,15.0,301,1,1,0,1,293,7,0.999162
fallback,15.0,302,1,1,0,1,294,7,0.999162
fallback,15.0,303,1,1,0,1,295,7,0.999162
fallback,15.0,304,1,1,0,1,296,7,0.999162
fallback,15.0,305,1,1,0,1,297,7,0.999161
fallback,15.0,306,1,1,0,1,298,7,0.999161
fallback,15.0,307,1,1,0,1,299,7,0.999161
fallback,15.0,308,1,1,0,1,300,7,0.999161
fallback,15.0,309,1,1,0,1,301,7,0.999160
fallback,15.0,310,1,1,0,1,302,7,0.999160
fallback,15.0,311,1,1,0,1,303,7,0.999160
fallback,15.0,312,1,1,0,1,304,7,0.999160
fallback,15.0,313,1,1,0,1,305,7,0.999160
fallback,15.0,314,1,1,0,1,306,7,0.999159
fallback,15.0,315,1,1,0,1,307,7,0.999159
fallback,15.0,316,1,1,0,1,308,7,0.999159
fallback,15.0,317,1,1,0,1,309,7,0.999159
fallback,15.0,318,1,1,0,1,310,7,0.999158
fallback,15.0,319,1,1,0,1,311,7,0.999158
fallback,15.0,320,1,1,0,1,312,7,0.999158
fallback,15.0,321,1,1,0,1,313,7,0.999158
fallback,15.0,322,1,1,0,1,314,7,0.999158
fallback,15.0,323,1,1,0,1,315,7,0.999157
fallback,15.0,324,1,1,0,1,316,7,0.999157
fallback,15.0,325,1,1,0,1,317,7,0.999157
fallback,15.0,326,1,1,0,1,318,7,0.999157
fallback,15.0,327,1,1,0,1,319,7,0.999156
fallback,15.0,328,1,1,0,1,320,7,0.999156
fallback,15.0,329,1,1,0,1,321,7,0.999156
fallback,15.0,330,1,1,0,1,322,7,0.999156
fallback,15.0,331,1,1,0,1,323,7,0.999156
fallback,15.0,332,1,1,0,1,324,7,0.999155
fallback,15.0,333,0,1,0,1,324,7,0.999155
fallback,15.0,334,1,1,0,1,325,7,0.999155
fallback,15.0,335,1,1,0,1,326,7,0.999155
fallback,15.0,336,1,1,0,1,327,7,0.999155
fallback,15.0,337,1,1,0,1,328,7,0.999155
fallback,15.0,338,1,1,0,1,329,7,0.999154
fallback,15.0,339,1,1,0,1,330,7,0.999154
fallback,15.0,340,1,1,0,1,331,7,0.999154
fallback,15.0,341,1,1,0,1,332,7,0.999154
fallback,15.0,342,1,1,0,1,333,7,0.999154
fallback,15.0,343,1,1,0,1,334,7,0.999153
fallback,15.0,344,1,1,0,1,335,7,0.999153
fallback,15.0,345,1,1,0,1,336,7,0.999153
fallback,15.0,346,1,1,0,1,337,7,0.999153
fallback,15.0,347,1,1,0,1,338,7,0.999153
fallback,15.0,348,1,1,0,1,339,7,0.999153
fallback,15.0,349,1,1,0,1,340,7,0.999152
fallback,15.0,350,1,1,0,1,341,7,0.999152
fallback,15.0,351,1,1,0,1,342,7,0.999152
fallback,15.0,352,1,1,0,1,343,7,0.999152
fallback,15.0,353,1,1,0,1,344,7,0.999152
fallback,15.0,354,1,1,0,1,345,7,0.999151
fallback,15.0,355,1,1,0,1,346,7,0.999151
fallback,15.0,356,1,1,0,1,347,7,0.999151
fallback,15.0,357,1,1,0,1,348,7,0.999151
fallback,15.0,358,1,1,0,1,349,7,0.999151
fallback,15.0,359,1,1,0,1,350,7,0.999151
fallback,15.0,360,1,1,0,1,351,7,0.999150
fallback,15.0,361,1,1,0,1,352,7,0.999150
fallback,15.0,362,1,1,0,1,353,7,0.999150
fallback,15.0,363,1,1,0,1,354,7,0.999150
fallback,15.0,364,1,1,0,1,355,7,0.999150
fallback,15.0,365,1,1,0,1,356,7,0.999150
fallback,15.0,366,1,1,0,1,357,7,0.999149
fallback,15.0,367,0,1,0,1,357,7,0.999149
fallback,15.0,368,1,1,0,1,358,7,0.999149
fallback,15.0,369,1,1,0,1,359,7,0.999149
fallback,15.0,370,1,1,0,1,360,7,0.999149
fallback,15.0,371,1,1,0,1,361,7,0.999149
fallback,15.0,372,1,1,0,1,362,7,0.999149
fallback,15.0,373,1,1,0,1,363,7,0.999148
fallback,15.0,374,1,1,0,1,364,7,0.999148
fallback,15.0,375,1,1,0,1,365,7,0.999148
fallback,15.0,376,1,1,0,1,366,7,0.999148
fallback,15.0,377,1,1,0,1,367,7,0.999148
fallback,15.0,378,1,1,0,1,368,7,0.999148
fallback,15.0,379,0,1,0,1,368,7,0.999148
fallback,15.0,380,1,1,0,1,369,7,0.999147
fallback,15.0,381,1,1,0,1,370,7,0.999147
fallback,15.0,382,1,1,0,1,371,7,0.999147
fallback,15.0,383,1,0,1,1,372,8,0.999693
fallback,15.0,384,0,1,0,1,372,8,0.999693
fallback,15.0,385,1,1,0,1,373,8,0.999693
fallback,15.0,386,1,1,0,1,374,8,0.999692
fallback,15.0,387,1,1,0,1,375,8,0.999692
fallback,15.0,388,1,1,0,1,376,8,0.999692
fallback,15.0,389,1,1,0,1,377,8,0.999692
fallback,15.0,390,1,1,0,1,378,8,0.999692
fallback,15.0,391,1,1,0,1,379,8,0.999692
fallback,15.0,392,1,1,0,1,380,8,0.999692
fallback,15.0,393,0,1,0,1,380,8,0.999692
fallback,15.0,394,1,1,0,1,381,8,0.999692
fallback,15.0,395,1,1,0,1,382,8,0.999692
fallback,15.0,396,1,1,0,1,383,8,0.999692
fallback,15.0,397,1,1,0,1,384,8,0.999692
fallback,15.0,398,1,1,0,1,385,8,0.999692
fallback,15.0,399,1,1,0,1,386,8,0.999692
fallback,15.0,400,1,1,0,1,387,8,0.999692
fallback,20.0,1,1,1,0,0,1,0,0.000000
fallback,20.0,2,1,1,0,0,2,0,0.000000
fallback,20.0,3,0,1,0,0,2,0,0.000000
fallback,20.0,4,1,1,0,0,3,0,0.000000
fallback,20.0,5,1,1,0,0,4,0,0.000000
fallback,20.0,6,1,1,0,0,5,0,0.000000
fallback,20.0,7,1,1,0,0,6,0,0.000000
fallback,20.0,8,1,1,0,0,7,0,0.000000
fallback,20.0,9,1,1,0,0,8,0,0.000000
fallback,20.0,10,1,1,0,0,9,0,0.000000
fallback,20.0,11,1,1,0,0,10,0,0.000000
fallback,20.0,12,1,1,0,0,11,0,0.000000
fallback,20.0,13,1,1,0,0,12,0,0.000000
fallback,20.0,14,1,1,0,0,13,0,0.000000
fallback,20.0,15,1,1,0,0,14,0,0.000000
fallback,20.0,16,1,1,0,0,15,0,0.000000
fallback,20.0,17,1,1,0,0,16,0,0.000000
fallback,20.0,18,1,0,1,1,17,1,0.643214
fallback,20.0,19,1,1,0,1,18,1,0.642583
fallback,20.0,20,1,1,0,1,19,1,0.642020
fallback,20.0,21,1,1,0,1,20,1,0.641514
fallback,20.0,22,1,1,0,1,21,1,0.641058
fallback,20.0,23,1,1,0,1,22,1,0.640643
fallback,20.0,24,1,1,0,1,23,1,0.640266
fallback,20.0,25,1,1,0,1,24,1,0.639921
fallback,20.0,26,1,1,0,1,25,1,0.639603
fallback,20.0,27,1,1,0,1,26,1,0.639311
fallback,20.0,28,1,1,0,1,27,1,0.639040
fallback,20.0,29,1,1,0,1,28,1,0.638789
fallback,20.0,30,1,1,0,1,29,1,0.638556
fallback,20.0,31,0,1,0,1,29,1,0.638556
fallback,20.0,32,0,1,0,1,29,1,0.638556
fallback,20.0,33,1,1,0,1,30,1,0.638338
fallback,20.0,34,1,1,0,1,31,1,0.638135
fallback,20.0,35,1,1,0,1,32,1,0.637945
fallback,20.0,36,1,1,0,1,33,1,0.637766
fallback,20.0,37,1,1,0,1,34,1,0.637598
fallback,20.0,38,1,1,0,1,35,1,0.637439
fallback,20.0,39,1,1,0,1,36,1,0.637290
fallback,20.0,40,1,1,0,1,37,1,0.637149
fallback,20.0,41,1,1,0,1,38,1,0.637015
fallback,20.0,42,1,1,0,1,39,1,0.636888
fallback,20.0,43,1,1,0,1,40,1,0.636768
fallback,20.0,44,1,1,0,1,41,1,0.636653
fallback,20.0,45,1,1,0,1,42,1,0.636544
fallback,20.0,46,1,1,0,1,43,1,0.636440
fallback,20.0,47,1,1,0,1,44,1,0.636341
fallback,20.0,48,1,1,0,1,45,1,0.636246
fallback,20.0,49,1,1,0,1,46,1,0.636156
fallback,20.0,50,0,1,0,1,46,1,0.636156
fallback,20.0,51,1,1,0,1,47,1,0.636069
fallback,20.0,52,1,1,0,1,48,1,0.635986
fallback,20.0,53,1,1,0,1,49,1,0.635907
fallback,20.0,54,1,1,0,1,50,1,0.635830
fallback,20.0,55,1,1,0,1,51,1,0.635757
fallback,20.0,56,1,1,0,1,52,1,0.635686
fallback,20.0,57,1,1,0,1,53,1,0.635619
fallback,20.0,58,1,1,0,1,54,1,0.635553
fallback,20.0,59,1,1,0,1,55,1,0.635490
fallback,20.0,60,1,1,0,1,56,1,0.635430
fallback,20.0,61,1,1,0,1,57,1,0.635371
fallback,20.0,62,1,1,0,1,58,1,0.635315
fallback,20.0,63,1,1,0,1,59,1,0.635260
fallback,20.0,64,1,1,0,1,60,1,0.635208
fallback,20.0,65,1,1,0,1,61,1,0.635157
fallback,20.0,66,1,1,0,1,62,1,0.635107
fallback,20.0,67,1,1,0,1,63,1,0.635060
fallback,20.0,68,1,1,0,1,64,1,0.635013
fallback,20.0,69,1,1,0,1,65,1,0.634969
fallback,20.0,70,1,1,0,1,66,1,0.634925
fallback,20.0,71,1,1,0,1,67,1,0.634883
fallback,20.0,72,1,1,0,1,68,1,0.634842
fallback,20.0,73,1,1,0,1,69,1,0.634803
fallback,20.0,74,1,1,0,1,70,1,0.634764
fallback,20.0,75,1,0,1,1,71,2,0.868495
fallback,20.0,76,1,1,0,1,72,2,0.868441
fallback,20.0,77,1,1,0,1,73,2,0.868389
fallback,20.0,78,1,1,0,1,74,2,0.868339
fallback,20.0,79,1,1,0,1,75,2,0.868290
fallback,20.0,80,1,1,0,1,76,2,0.868242
fallback,20.0,81,1,1,0,1,77,2,0.868195
fallback,20.0,82,1,1,0,1,78,2,0.868150
fallback,20.0,83,1,1,0,1,79,2,0.868105
fallback,20.0,84,1,1,0,1,80,2,0.868062
fallback,20.0,85,1,1,0,1,81,2,0.868020
fallback,20.0,86,1,1,0,1,82,2,0.867979
fallback,20.0,87,1,1,0,1,83,2,0.867939
fallback,20.0,88,1,1,0,1,84,2,0.867900
fallback,20.0,89,1,1,0,1,85,2,0.867862
fallback,20.0,90,1,1,0,1,86,2,0.867824
fallback,20.0,91,1,1,0,1,87,2,0.867788
fallback,20.0,92,1,1,0,1,88,2,0.867752
fallback,20.0,93,1,1,0,1,89,2,0.867717
fallback,20.0,94,0,1,0,1,89,2,0.867717
fallback,20.0,95,1,1,0,1,90,2,0.867683
fallback,20.0,96,1,1,0,1,91,2,0.867650
fallback,20.0,97,0,1,0,1,91,2,0.867650
fallback,20.0,98,1,1,0,1,92,2,0.867617
fallback,20.0,99,1,1,0,1,93,2,0.867586
fallback,20.0,100,1,1,0,1,94,2,0.867554
fallback,20.0,101,1,1,0,1,95,2,0.867524
fallback,20.0,102,1,1,0,1,96,2,0.867494
fallback,20.0,103,1,1,0,1,97,2,0.867465
fallback,20.0,104,1,1,0,1,98,2,0.867436
fallback,20.0,105,0,0,0,1,98,2,0.867436
fallback,20.0,106,1,1,0,1,99,2,0.867408
fallback,20.0,107,1,1,0,1,100,2,0.867380
fallback,20.0,108,1,1,0,1,101,2,0.867353
fallback,20.0,109,1,1,0,1,102,2,0.867327
fallback,20.0,110,1,1,0,1,103,2,0.867301
fallback,20.0,111,1,1,0,1,104,2,0.867276
fallback,20.0,112,1,1,0,1,105,2,0.867251
fallback,20.0,113,1,1,0,1,106,2,0.867226
fallback,20.0,114,1,1,0,1,107,2,0.867202
fallback,20.0,115,1,1,0,1,108,2,0.867179
fallback,20.0,116,1,1,0,1,109,2,0.867156
fallback,20.0,117,1,1,0,1,110,2,0.867133
fallback,20.0,118,1,1,0,1,111,2,0.867111
fallback,20.0,119,1,1,0,1,112,2,0.867089
fallback,20.0,120,0,1,0,1,112,2,0.867089
fallback,20.0,121,1,1,0,1,113,2,0.867067
fallback,20.0,122,1,1,0,1,114,2,0.867046
fallback,20.0,123,1,1,0,1,115,2,0.867025
fallback,20.0,124,1,1,0,1,116,2,0.867005
fallback,20.0,125,1,1,0,1,117,2,0.866985
fallback,20.0,126,1,1,0,1,118,2,0.866965
fallback,20.0,127,1,1,0,1,119,2,0.866946
fallback,20.0,128,1,1,0,1,120,2,0.866927
fallback,20.0,129,1,1,0,1,121,2,0.866908
fallback,20.0,130,1,1,0,1,122,2,0.866889
fallback,20.0,131,1,1,0,1,123,2,0.866871
fallback,20.0,132,1,1,0,1,124,2,0.866853
fallback,20.0,133,1,0,1,1,125,3,0.952002
fallback,20.0,134,1,1,0,1,126,3,0.951987
fallback,20.0,135,1,1,0,1,127,3,0.951973
fallback,20.0,136,1,1,0,1,128,3,0.951960
fallback,20.0,137,1,1,0,1,129,3,0.951946
fallback,20.0,138,1,1,0,1,130,3,0.951933
fallback,20.0,139,1,1,0,1,131,3,0.951920
fallback,20.0,140,1,1,0,1,132,3,0.951907
fallback,20.0,141,1,1,0,1,133,3,0.951894
fallback,20.0,142,1,0,1,1,134,4,0.982767
fallback,20.0,143,1,1,0,1,135,4,0.982759
fallback,20.0,144,1,1,0,1,136,4,0.982751
fallback,20.0,145,1,1,0,1,137,4,0.982743
fallback,20.0,146,1,1,0,1,138,4,0.982736
fallback,20.0,147,1,1,0,1,139,4,0.982728
fallback,20.0,148,1,1,0,1,140,4,0.982721
fallback,20.0,149,1,1,0,1,141,4,0.982714
fallback,20.0,150,1,1,0,1,142,4,0.982706
fallback,20.0,151,1,1,0,1,143,4,0.982699
fallback,20.0,152,1,1,0,1,144,4,0.982692
fallback,20.0,153,1,1,0,1,145,4,0.982685
fallback,20.0,154,1,1,0,1,146,4,0.982679
fallback,20.0,155,1,1,0,1,147,4,0.982672
fallback,20.0,156,1,1,0,1,148,4,0.982665
fallback,20.0,157,1,1,0,1,149,4,0.982659
fallback,20.0,158,1,1,0,1,150,4,0.982652
fallback,20.0,159,0,1,0,1,150,4,0.982652
fallback,20.0,160,1,1,0,1,151,4,0.982646
fallback,20.0,161,1,1,0,1,152,4,0.982640
fallback,20.0,162,1,1,0,1,153,4,0.982634
fallback,20.0,163,1,1,0,1,154,4,0.982627
fallback,20.0,164,1,1,0,1,155,4,0.982621
fallback,20.0,165,1,1,0,1,156,4,0.982615
fallback,20.0,166,0,1,0,1,156,4,0.982615
fallback,20.0,167,1,1,0,1,157,4,0.982610
fallback,20.0,168,1,1,0,1,158,4,0.982604
fallback,20.0,169,1,0,1,1,159,5,0.993782
fallback,20.0,170,1,1,0,1,160,5,0.993779
fallback,20.0,171,1,1,0,1,161,5,0.993776
fallback,20.0,172,1,1,0,1,162,5,0.993773
fallback,20.0,173,1,1,0,1,163,5,0.993769
fallback,20.0,174,1,1,0,1,164,5,0.993766
fallback,20.0,175,1,1,0,1,165,5,0.993763
fallback,20.0,176,1,1,0,1,166,5,0.993760
fallback,20.0,177,1,1,0,1,167,5,0.993758
fallback,20.0,178,1,1,0,1,168,5,0.993755
fallback,20.0,179,0,1,0,1,168,5,0.993755
fallback,20.0,180,1,1,0,1,169,5,0.993752
fallback,20.0,181,1,1,0,1,170,5,0.993749
fallback,20.0,182,1,1,0,1,171,5,0.993746
fallback,20.0,183,1,1,0,1,172,5,0.993743
fallback,20.0,184,1,1,0,1,173,5,0.993741
fallback,20.0,185,1,1,0,1,174,5,0.993738
fallback,20.0,186,1,1,0,1,175,5,0.993735
fallback,20.0,187,1,1,0,1,176,5,0.993733
fallback,20.0,188,1,1,0,1,177,5,0.993730
fallback,20.0,189,1,1,0,1,178,5,0.993727
fallback,20.0,190,1,1,0,1,179,5,0.993725
fallback,20.0,191,1,1,0,1,180,5,0.993722
fallback,20.0,192,1,1,0,1,181,5,0.993720
fallback,20.0,193,1,1,0,1,182,5,0.993717
fallback,20.0,194,1,1,0,1,183,5,0.993715
fallback,20.0,195,1,1,0,1,184,5,0.993712
fallback,20.0,196,1,1,0,1,185,5,0.993710
fallback,20.0,197,1,1,0,1,186,5,0.993708
fallback,20.0,198,1,1,0,1,187,5,0.993705
fallback,20.0,199,1,1,0,1,188,5,0.993703
fallback,20.0,200,1,1,0,1,189,5,0.993701
fallback,20.0,201,1,1,0,1,190,5,0.993698
fallback,20.0,202,1,1,0,1,191,5,0.993696
fallback,20.0,203,1,1,0,1,192,5,0.993694
fallback,20.0,204,1,1,0,1,193,5,0.993692
fallback,20.0,205,1,1,0,1,194,5,0.993690
fallback,20.0,206,1,1,0,1,195,5,0.993687
fallback,20.0,207,1,1,0,1,196,5,0.993685
fallback,20.0,208,1,1,0,1,197,5,0.993683
fallback,20.0,209,1,1,0,1,198,5,0.993681
fallback,20.0,210,1,1,0,1,199,5,0.993679
fallback,20.0,211,1,1,0,1,200,5,0.993677
fallback,20.0,212,1,0,1,1,201,6,0.997738
fallback,20.0,213,1,1,0,1,202,6,0.997737
fallback,20.0,214,1,1,0,1,203,6,0.997736
fallback,20.0,215,1,1,0,1,204,6,0.997735
fallback,20.0,216,1,1,0,1,205,6,0.997734
fallback,20.0,217,1,1,0,1,206,6,0.997733
fallback,20.0,218,1,1,0,1,207,6,0.997732
fallback,20.0,219,1,0,1,1,208,7,0.999192
fallback,20.0,220,1,1,0,1,209,7,0.999191
fallback,20.0,221,0,0,0,1,209,7,0.999191
fallback,20.0,222,1,1,0,1,210,7,0.999191
fallback,20.0,223,1,1,0,1,211,7,0.999190
fallback,20.0,224,1,1,0,1,212,7,0.999190
fallback,20.0,225,1,1,0,1,213,7,0.999189
fallback,20.0,226,1,1,0,1,214,7,0.999189
fallback,20.0,227,1,1,0,1,215,7,0.999188
fallback,20.0,228,1,1,0,1,216,7,0.999188
fallback,20.0,229,1,0,1,1,217,8,0.999712
fallback,20.0,230,0,1,0,1,217,8,0.999712
fallback,20.0,231,1,0,1,1,218,9,0.999898
fallback,20.0,232,1,1,0,1,219,9,0.999898
fallback,20.0,233,1,1,0,1,220,9,0.999898
fallback,20.0,234,1,1,0,1,221,9,0.999898
fallback,20.0,235,1,1,0,1,222,9,0.999898
fallback,20.0,236,1,1,0,1,223,9,0.999898
fallback,20.0,237,0,1,0,1,223,9,0.999898
fallback,20.0,238,0,1,0,1,223,9,0.999898
fallback,20.0,239,1,1,0,1,224,9,0.999898
fallback,20.0,240,1,1,0,1,225,9,0.999897
fallback,20.0,241,1,1,0,1,226,9,0.999897
fallback,20.0,242,1,1,0,1,227,9,0.999897
fallback,20.0,243,1,1,0,1,228,9,0.999897
fallback,20.0,244,1,1,0,1,229,9,0.999897
fallback,20.0,245,1,1,0,1,230,9,0.999897
fallback,20.0,246,1,1,0,1,231,9,0.999897
fallback,20.0,247,1,1,0,1,232,9,0.999897
fallback,20.0,248,1,1,0,1,233,9,0.999897
fallback,20.0,249,1,1,0,1,234,9,0.999897
fallback,20.0,250,1,1,0,1,235,9,0.999897
fallback,20.0,251,1,1,0,1,236,9,0.999897
fallback,20.0,252,1,1,0,1,237,9,0.999896
fallback,20.0,253,1,1,0,1,238,9,0.999896
fallback,20.0,254,1,1,0,1,239,9,0.999896
fallback,20.0,255,1,1,0,1,240,9,0.999896
fallback,20.0,256,1,1,0,1,241,9,0.999896
fallback,20.0,257,1,1,0,1,242,9,0.999896
fallback,20.0,258,1,1,0,1,243,9,0.999896
fallback,20.0,259,1,1,0,1,244,9,0.999896
fallback,20.0,260,1,1,0,1,245,9,0.999896
fallback,20.0,261,1,1,0,1,246,9,0.999896
fallback,20.0,262,1,1,0,1,247,9,0.999896
fallback,20.0,263,1,0,1,1,248,10,0.999963
fallback,20.0,264,0,1,0,1,248,10,0.999963
fallback,20.0,265,1,1,0,1,249,10,0.999963
fallback,20.0,266,1,1,0,1,250,10,0.999963
fallback,20.0,267,1,1,0,1,251,10,0.999963
fallback,20.0,268,1,1,0,1,252,10,0.999963
fallback,20.0,269,1,1,0,1,253,10,0.999963
fallback,20.0,270,1,1,0,1,254,10,0.999963
fallback,20.0,271,1,1,0,1,255,10,0.999963
fallback,20.0,272,1,1,0,1,256,10,0.999963
fallback,20.0,273,1,1,0,1,257,10,0.999963
fallback,20.0,274,1,1,0,1,258,10,0.999963
fallback,20.0,275,1,1,0,1,259,10,0.999963
fallback,20.0,276,1,0,1,1,260,11,0.999987
fallback,20.0,277,1,1,0,1,261,11,0.999987
fallback,20.0,278,1,1,0,1,262,11,0.999987
fallback,20.0,279,1,1,0,1,263,11,0.999987
fallback,20.0,280,1,1,0,1,264,11,0.999987
fallback,20.0,281,1,1,0,1,265,11,0.999987
fallback,20.0,282,1,1,0,1,266,11,0.999987
fallback,20.0,283,1,1,0,1,267,11,0.999987
fallback,20.0,284,1,1,0,1,268,11,0.999987
fallback,20.0,285,1,1,0,1,269,11,0.999987
fallback,20.0,286,1,1,0,1,270,11,0.999987
fallback,20.0,287,1,1,0,1,271,11,0.999987
fallback,20.0,288,1,1,0,1,272,11,0.999987
fallback,20.0,289,1,1,0,1,273,11,0.999987
fallback,20.0,290,1,1,0,1,274,11,0.999987
fallback,20.0,291,1,1,0,1,275,11,0.999987
fallback,20.0,292,1,1,0,1,276,11,0.999987
fallback,20.0,293,1,1,0,1,277,11,0.999987
fallback,20.0,294,1,1,0,1,278,11,0.999987
fallback,20.0,295,1,1,0,1,279,11,0.999987
fallback,20.0,296,0,1,0,1,279,11,0.999987
fallback,20.0,297,1,1,0,1,280,11,0.999987
fallback,20.0,298,1,1,0,1,281,11,0.999987
fallback,20.0,299,1,1,0,1,282,11,0.999987
fallback,20.0,300,1,1,0,1,283,11,0.999987
fallback,20.0,301,1,1,0,1,284,11,0.999987
fallback,20.0,302,1,1,0,1,285,11,0.999987
fallback,20.0,303,1,1,0,1,286,11,0.999987
fallback,20.0,304,1,1,0,1,287,11,0.999987
fallback,20.0,305,1,1,0,1,288,11,0.999987
fallback,20.0,306,1,1,0,1,289,11,0.999987
fallback,20.0,307,1,1,0,1,290,11,0.999987
fallback,20.0,308,1,1,0,1,291,11,0.999987
fallback,20.0,309,1,1,0,1,292,11,0.999986
fallback,20.0,310,1,1,0,1,293,11,0.999986
fallback,20.0,311,1,1,0,1,294,11,0.999986
fallback,20.0,312,0,1,0,1,294,11,0.999986
fallback,20.0,313,1,1,0,1,295,11,0.999986
fallback,20.0,314,1,1,0,1,296,11,0.999986
fallback,20.0,315,1,1,0,1,297,11,0.999986
fallback,20.0,316,1,0,1,1,298,12,0.999995
fallback,20.0,317,1,1,0,1,299,12,0.999995
fallback,20.0,318,1,1,0,1,300,12,0.999995
fallback,20.0,319,0,1,0,1,300,12,0.999995
fallback,20.0,320,1,1,0,1,301,12,0.999995
fallback,20.0,321,1,1,0,1,302,12,0.999995
fallback,20.0,322,1,1,0,1,303,12,0.999995
fallback,20.0,323,1,1,0,1,304,12,0.999995
fallback,20.0,324,1,1,0,1,305,12,0.999995
fallback,20.0,325,1,1,0,1,306,12,0.999995
fallback,20.0,326,1,1,0,1,307,12,0.999995
fallback,20.0,327,1,1,0,1,308,12,0.999995
fallback,20.0,328,1,1,0,1,309,12,0.999995
fallback,20.0,329,1,1,0,1,310,12,0.999995
fallback,20.0,330,1,1,0,1,311,12,0.999995
fallback,20.0,331,1,1,0,1,312,12,0.999995
fallback,20.0,332,1,1,0,1,313,12,0.999995
fallback,20.0,333,1,1,0,1,314,12,0.999995
fallback,20.0,334,1,1,0,1,315,12,0.999995
fallback,20.0,335,1,1,0,1,316,12,0.999995
fallback,20.0,336,1,1,0,1,317,12,0.999995
fallback,20.0,337,1,1,0,1,318,12,0.999995
fallback,20.0,338,0,1,0,1,318,12,0.999995
fallback,20.0,339,1,1,0,1,319,12,0.999995
fallback,20.0,340,0,1,0,1,319,12,0.999995
fallback,20.0,341,1,1,0,1,320,12,0.999995
fallback,20.0,342,1,1,0,1,321,12,0.999995
fallback,20.0,343,1,1,0,1,322,12,0.999995
fallback,20.0,344,1,1,0,1,323,12,0.999995
fallback,20.0,345,1,1,0,1,324,12,0.999995
fallback,20.0,346,1,1,0,1,325,12,0.999995
fallback,20.0,347,1,1,0,1,326,12,0.999995
fallback,20.0,348,1,1,0,1,327,12,0.999995
fallback,20.0,349,1,1,0,1,328,12,0.999995
fallback,20.0,350,1,1,0,1,329,12,0.999995
fallback,20.0,351,1,1,0,1,330,12,0.999995
fallback,20.0,352,1,1,0,1,331,12,0.999995
fallback,20.0,353,1,1,0,1,332,12,0.999995
fallback,20.0,354,1,1,0,1,333,12,0.999995
fallback,20.0,355,1,1,0,1,334,12,0.999995
fallback,20.0,356,1,1,0,1,335,12,0.999995
fallback,20.0,357,1,1,0,1,336,12,0.999995
fallback,20.0,358,1,1,0,1,337,12,0.999995
fallback,20.0,359,1,1,0,1,338,12,0.999995
fallback,20.0,360,1,1,0,1,339,12,0.999995
fallback,20.0,361,1,1,0,1,340,12,0.999995
fallback,20.0,362,1,1,0,1,341,12,0.999995
fallback,20.0,363,1,1,0,1,342,12,0.999995
fallback,20.0,364,1,1,0,1,343,12,0.999995
fallback,20.0,365,1,1,0,1,344,12,0.999995
fallback,20.0,366,1,1,0,1,345,12,0.999995
fallback,20.0,367,1,1,0,1,346,12,0.999995
fallback,20.0,368,1,1,0,1,347,12,0.999995
fallback,20.0,369,1,1,0,1,348,12,0.999995
fallback,20.0,370,1,1,0,1,349,12,0.999995
fallback,20.0,371,1,1,0,1,350,12,0.999995
fallback,20.0,372,1,1,0,1,351,12,0.999995
fallback,20.0,373,1,1,0,1,352,12,0.999995
fallback,20.0,374,1,1,0,1,353,12,0.999995
fallback,20.0,375,1,1,0,1,354,12,0.999995
fallback,20.0,376,1,1,0,1,355,12,0.999995
fallback,20.0,377,1,1,0,1,356,12,0.999995
fallback,20.0,378,1,1,0,1,357,12,0.999995
fallback,20.0,379,1,1,0,1,358,12,0.999995
fallback,20.0,380,1,1,0,1,359,12,0.999995
fallback,20.0,381,1,1,0,1,360,12,0.999995
fallback,20.0,382,1,1,0,1,361,12,0.999995
fallback,20.0,383,1,0,1,1,362,13,0.999998
fallback,20.0,384,1,1,0,1,363,13,0.999998
fallback,20.0,385,1,1,0,1,364,13,0.999998
fallback,20.0,386,1,1,0,1,365,13,0.999998
fallback,20.0,387,1,1,0,1,366,13,0.999998
fallback,20.0,388,1,1,0,1,367,13,0.999998
fallback,20.0,389,1,1,0,1,368,13,0.999998
fallback,20.0,390,1,1,0,1,369,13,0.999998
fallback,20.0,391,1,1,0,1,370,13,0.999998
fallback,20.0,392,1,1,0,1,371,13,0.999998
fallback,20.0,393,1,1,0,1,372,13,0.999998
fallback,20.0,394,1,1,0,1,373,13,0.999998
fallback,20.0,395,1,1,0,1,374,13,0.999998
fallback,20.0,396,1,1,0,1,375,13,0.999998
fallback,20.0,397,1,0,1,1,376,14,0.999999
fallback,20.0,398,1,1,0,1,377,14,0.999999
fallback,20.0,399,1,1,0,1,378,14,0.999999
fallback,20.0,400,0,1,0,1,378,14,0.999999
fallback,25.0,1,1,1,0,0,1,0,0.000000
fallback,25.0,2,1,0,1,1,2,1,0.750000
fallback,25.0,3,1,1,0,1,3,1,0.703704
fallback,25.0,4,1,1,0,1,4,1,0.683594
fallback,25.0,5,1,1,0,1,5,1,0.672320
fallback,25.0,6,1,1,0,1,6,1,0.665102
fallback,25.0,7,1,1,0,1,7,1,0.660083
fallback,25.0,8,1,1,0,1,8,1,0.656391
fallback,25.0,9,1,1,0,1,9,1,0.653561
fallback,25.0,10,0,1,0,1,9,1,0.653561
fallback,25.0,11,1,1,0,1,10,1,0.651322
fallback,25.0,12,1,1,0,1,11,1,0.649506
fallback,25.0,13,1,1,0,1,12,1,0.648004
fallback,25.0,14,1,1,0,1,13,1,0.646742
fallback,25.0,15,1,1,0,1,14,1,0.645665
fallback,25.0,16,1,1,0,1,15,1,0.644736
fallback,25.0,17,1,1,0,1,16,1,0.643926
fallback,25.0,18,1,1,0,1,17,1,0.643214
fallback,25.0,19,1,1,0,1,18,1,0.642583
fallback,25.0,20,1,1,0,1,19,1,0.642020
fallback,25.0,21,1,1,0,1,20,1,0.641514
fallback,25.0,22,0,1,0,1,20,1,0.641514
fallback,25.0,23,1,1,0,1,21,1,0.641058
fallback,25.0,24,1,1,0,1,22,1,0.640643
fallback,25.0,25,1,1,0,1,23,1,0.640266
fallback,25.0,26,1,1,0,1,24,1,0.639921
fallback,25.0,27,1,1,0,1,25,1,0.639603
fallback,25.0,28,1,1,0,1,26,1,0.639311
fallback,25.0,29,1,1,0,1,27,1,0.639040
fallback,25.0,30,1,1,0,1,28,1,0.638789
fallback,25.0,31,1,1,0,1,29,1,0.638556
fallback,25.0,32,1,1,0,1,30,1,0.638338
fallback,25.0,33,1,1,0,1,31,1,0.638135
fallback,25.0,34,1,1,0,1,32,1,0.637945
fallback,25.0,35,1,1,0,1,33,1,0.637766
fallback,25.0,36,1,1,0,1,34,1,0.637598
fallback,25.0,37,1,1,0,1,35,1,0.637439
fallback,25.0,38,1,1,0,1,36,1,0.637290
fallback,25.0,39,1,1,0,1,37,1,0.637149
fallback,25.0,40,1,1,0,1,38,1,0.637015
fallback,25.0,41,1,1,0,1,39,1,0.636888
fallback,25.0,42,1,1,0,1,40,1,0.636768
fallback,25.0,43,1,1,0,1,41,1,0.636653
fallback,25.0,44,1,1,0,1,42,1,0.636544
fallback,25.0,45,1,1,0,1,43,1,0.636440
fallback,25.0,46,1,1,0,1,44,1,0.636341
fallback,25.0,47,1,0,1,1,45,2,0.870724
fallback,25.0,48,1,1,0,1,46,2,0.870591
fallback,25.0,49,1,1,0,1,47,2,0.870464
fallback,25.0,50,1,1,0,1,48,2,0.870343
fallback,25.0,51,1,1,0,1,49,2,0.870226
fallback,25.0,52,1,0,1,1,50,3,0.954669
fallback,25.0,53,1,1,0,1,51,3,0.954582
fallback,25.0,54,1,1,0,1,52,3,0.954499
fallback,25.0,55,1,1,0,1,53,3,0.954418
fallback,25.0,56,1,1,0,1,54,3,0.954341
fallback,25.0,57,1,1,0,1,55,3,0.954266
fallback,25.0,58,1,0,1,1,56,4,0.984236
fallback,25.0,59,1,1,0,1,57,4,0.984193
fallback,25.0,60,1,1,0,1,58,4,0.984151
fallback,25.0,61,1,1,0,1,59,4,0.984110
fallback,25.0,62,1,1,0,1,60,4,0.984070
fallback,25.0,63,1,1,0,1,61,4,0.984032
fallback,25.0,64,1,1,0,1,62,4,0.983995
fallback,25.0,65,1,1,0,1,63,4,0.983959
fallback,25.0,66,1,1,0,1,64,4,0.983925
fallback,25.0,67,1,1,0,1,65,4,0.983891
fallback,25.0,68,1,1,0,1,66,4,0.983858
fallback,25.0,69,1,0,1,1,67,5,0.994464
fallback,25.0,70,1,1,0,1,68,5,0.994447
fallback,25.0,71,1,1,0,1,69,5,0.994430
fallback,25.0,72,1,1,0,1,70,5,0.994414
fallback,25.0,73,1,1,0,1,71,5,0.994399
fallback,25.0,74,1,1,0,1,72,5,0.994384
fallback,25.0,75,1,1,0,1,73,5,0.994369
fallback,25.0,76,1,1,0,1,74,5,0.994355
fallback,25.0,77,1,1,0,1,75,5,0.994341
fallback,25.0,78,1,1,0,1,76,5,0.994327
fallback,25.0,79,1,1,0,1,77,5,0.994314
fallback,25.0,80,1,1,0,1,78,5,0.994301
fallback,25.0,81,1,1,0,1,79,5,0.994288
fallback,25.0,82,1,1,0,1,80,5,0.994276
fallback,25.0,83,1,1,0,1,81,5,0.994264
fallback,25.0,84,1,1,0,1,82,5,0.994252
fallback,25.0,85,1,0,1,1,83,6,0.998026
fallback,25.0,86,1,1,0,1,84,6,0.998021
fallback,25.0,87,1,1,0,1,85,6,0.998015
fallback,25.0,88,1,0,1,1,86,7,0.999325
fallback,25.0,89,1,1,0,1,87,7,0.999323
fallback,25.0,90,1,1,0,1,88,7,0.999320
fallback,25.0,91,1,1,0,1,89,7,0.999318
fallback,25.0,92,1,1,0,1,90,7,0.999316
fallback,25.0,93,1,1,0,1,91,7,0.999313
fallback,25.0,94,1,1,0,1,92,7,0.999311
fallback,25.0,95,1,1,0,1,93,7,0.999309
fallback,25.0,96,1,0,1,1,94,8,0.999766
fallback,25.0,97,1,0,1,1,95,9,0.999922
fallback,25.0,98,1,1,0,1,96,9,0.999921
fallback,25.0,99,1,1,0,1,97,9,0.999921
fallback,25.0,100,1,1,0,1,98,9,0.999921
fallback,25.0,101,1,1,0,1,99,9,0.999920
fallback,25.0,102,1,0,1,1,100,10,0.999973
fallback,25.0,103,1,0,1,1,101,11,0.999991
fallback,25.0,104,1,1,0,1,102,11,0.999991
fallback,25.0,105,1,1,0,1,103,11,0.999991
fallback,25.0,106,1,1,0,1,104,11,0.999991
fallback,25.0,107,1,0,1,1,105,12,0.999997
fallback,25.0,108,1,1,0,1,106,12,0.999997
fallback,25.0,109,1,1,0,1,107,12,0.999997
fallback,25.0,110,1,1,0,1,108,12,0.999997
fallback,25.0,111,1,1,0,1,109,12,0.999997
fallback,25.0,112,1,1,0,1,110,12,0.999997
fallback,25.0,113,1,1,0,1,111,12,0.999997
fallback,25.0,114,1,1,0,1,112,12,0.999997
fallback,25.0,115,1,1,0,1,113,12,0.999997
fallback,25.0,116,1,1,0,1,114,12,0.999997
fallback,25.0,117,1,0,1,1,115,13,0.999999
fallback,25.0,118,1,1,0,1,116,13,0.999999
fallback,25.0,119,1,1,0,1,117,13,0.999999
fallback,25.0,120,1,0,1,1,118,14,1.000000
fallback,25.0,121,1,1,0,1,119,14,1.000000
fallback,25.0,122,1,1,0,1,120,14,1.000000
fallback,25.0,123,1,1,0,1,121,14,1.000000
fallback,25.0,124,1,1,0,1,122,14,1.000000
fallback,25.0,125,1,1,0,1,123,14,1.000000
fallback,25.0,126,1,1,0,1,124,14,1.000000
fallback,25.0,127,1,1,0,1,125,14,1.000000
fallback,25.0,128,1,1,0,1,126,14,1.000000
fallback,25.0,129,1,1,0,1,127,14,1.000000
fallback,25.0,130,1,1,0,1,128,14,1.000000
fallback,25.0,131,1,1,0,1,129,14,1.000000
fallback,25.0,132,1,1,0,1,130,14,1.000000
fallback,25.0,133,1,1,0,1,131,14,1.000000
fallback,25.0,134,1,1,0,1,132,14,1.000000
fallback,25.0,135,1,1,0,1,133,14,1.000000
fallback,25.0,136,1,1,0,1,134,14,1.000000
fallback,25.0,137,1,1,0,1,135,14,1.000000
fallback,25.0,138,1,1,0,1,136,14,1.000000
fallback,25.0,139,1,1,0,1,137,14,1.000000
fallback,25.0,140,1,1,0,1,138,14,1.000000
fallback,25.0,141,1,1,0,1,139,14,1.000000
fallback,25.0,142,1,1,0,1,140,14,1.000000
fallback,25.0,143,1,1,0,1,141,14,1.000000
fallback,25.0,144,1,1,0,1,142,14,1.000000
fallback,25.0,145,1,1,0,1,143,14,1.000000
fallback,25.0,146,1,1,0,1,144,14,1.000000
fallback,25.0,147,1,1,0,1,145,14,1.000000
fallback,25.0,148,1,1,0,1,146,14,1.000000
fallback,25.0,149,1,1,0,1,147,14,1.000000
fallback,25.0,150,1,1,0,1,148,14,1.000000
fallback,25.0,151,1,1,0,1,149,14,1.000000
fallback,25.0,152,0,1,0,1,149,14,1.000000
fallback,25.0,153,1,1,0,1,150,14,1.000000
fallback,25.0,154,1,1,0,1,151,14,1.000000
fallback,25.0,155,0,0,0,1,151,14,1.000000
fallback,25.0,156,1,1,0,1,152,14,1.000000
fallback,25.0,157,1,1,0,1,153,14,1.000000
fallback,25.0,158,1,1,0,1,154,14,1.000000
fallback,25.0,159,1,1,0,1,155,14,1.000000
fallback,25.0,160,1,1,0,1,156,14,1.000000
fallback,25.0,161,1,1,0,1,157,14,1.000000
fallback,25.0,162,1,1,0,1,158,14,1.000000
fallback,25.0,163,1,1,0,1,159,14,1.000000
fallback,25.0,164,1,1,0,1,160,14,1.000000
fallback,25.0,165,0,0,0,1,160,14,1.000000
fallback,25.0,166,1,1,0,1,161,14,1.000000
fallback,25.0,167,1,1,0,1,162,14,1.000000
fallback,25.0,168,1,1,0,1,163,14,1.000000
fallback,25.0,169,1,1,0,1,164,14,1.000000
fallback,25.0,170,1,1,0,1,165,14,1.000000
fallback,25.0,171,1,1,0,1,166,14,1.000000
fallback,25.0,172,1,0,1,1,167,15,1.000000
fallback,25.0,173,1,1,0,1,168,15,1.000000
fallback,25.0,174,1,1,0,1,169,15,1.000000
fallback,25.0,175,1,1,0,1,170,15,1.000000
fallback,25.0,176,1,1,0,1,171,15,1.000000
fallback,25.0,177,1,1,0,1,172,15,1.000000
fallback,25.0,178,1,0,1,1,173,16,1.000000
fallback,25.0,179,1,1,0,1,174,16,1.000000
fallback,25.0,180,1,1,0,1,175,16,1.000000
fallback,25.0,181,1,1,0,1,176,16,1.000000
fallback,25.0,182,1,0,1,1,177,17,1.000000
fallback,25.0,183,1,1,0,1,178,17,1.000000
fallback,25.0,184,1,1,0,1,179,17,1.000000
fallback,25.0,185,1,1,0,1,180,17,1.000000
fallback,25.0,186,1,1,0,1,181,17,1.000000
fallback,25.0,187,1,1,0,1,182,17,1.000000
fallback,25.0,188,1,1,0,1,183,17,1.000000
fallback,25.0,189,1,1,0,1,184,17,1.000000
fallback,25.0,190,1,1,0,1,185,17,1.000000
fallback,25.0,191,1,1,0,1,186,17,1.000000
fallback,25.0,192,1,1,0,1,187,17,1.000000
fallback,25.0,193,1,1,0,1,188,17,1.000000
fallback,25.0,194,1,1,0,1,189,17,1.000000
fallback,25.0,195,1,1,0,1,190,17,1.000000
fallback,25.0,196,1,1,0,1,191,17,1.000000
fallback,25.0,197,1,0,1,1,192,18,1.000000
fallback,25.0,198,1,1,0,1,193,18,1.000000
fallback,25.0,199,1,1,0,1,194,18,1.000000
fallback,25.0,200,1,1,0,1,195,18,1.000000
fallback,25.0,201,1,1,0,1,196,18,1.000000
fallback,25.0,202,1,1,0,1,197,18,1.000000
fallback,25.0,203,1,1,0,1,198,18,1.000000
fallback,25.0,204,1,1,0,1,199,18,1.000000
fallback,25.0,205,1,1,0,1,200,18,1.000000
fallback,25.0,206,1,1,0,1,201,18,1.000000
fallback,25.0,207,1,1,0,1,202,18,1.000000
fallback,25.0,208,1,1,0,1,203,18,1.000000
fallback,25.0,209,1,0,1,1,204,19,1.000000
fallback,25.0,210,1,1,0,1,205,19,1.000000
fallback,25.0,211,1,1,0,1,206,19,1.000000
fallback,25.0,212,1,1,0,1,207,19,1.000000
fallback,25.0,213,1,1,0,1,208,19,1.000000
fallback,25.0,214,1,1,0,1,209,19,1.000000
fallback,25.0,215,1,1,0,1,210,19,1.000000
fallback,25.0,216,1,1,0,1,211,19,1.000000
fallback,25.0,217,1,1,0,1,212,19,1.000000
fallback,25.0,218,1,1,0,1,213,19,1.000000
fallback,25.0,219,1,1,0,1,214,19,1.000000
fallback,25.0,220,1,0,1,1,215,20,1.000000
fallback,25.0,221,1,0,1,1,216,21,1.000000
fallback,25.0,222,1,1,0,1,217,21,1.000000
fallback,25.0,223,1,1,0,1,218,21,1.000000
fallback,25.0,224,1,1,0,1,219,21,1.000000
fallback,25.0,225,1,1,0,1,220,21,1.000000
fallback,25.0,226,1,0,1,1,221,22,1.000000
fallback,25.0,227,1,1,0,1,222,22,1.000000
fallback,25.0,228,1,1,0,1,223,22,1.000000
fallback,25.0,229,1,0,1,1,224,23,1.000000
fallback,25.0,230,1,1,0,1,225,23,1.000000
fallback,25.0,231,1,0,1,1,226,24,1.000000
fallback,25.0,232,1,1,0,1,227,24,1.000000
fallback,25.0,233,1,1,0,1,228,24,1.000000
fallback,25.0,234,1,1,0,1,229,24,1.000000
fallback,25.0,235,1,1,0,1,230,24,1.000000
fallback,25.0,236,1,1,0,1,231,24,1.000000
fallback,25.0,237,0,0,0,1,231,24,1.000000
fallback,25.0,238,1,1,0,1,232,24,1.000000
fallback,25.0,239,1,1,0,1,233,24,1.000000
fallback,25.0,240,1,1,0,1,234,24,1.000000
fallback,25.0,241,1,0,1,1,235,25,1.000000
fallback,25.0,242,1,1,0,1,236,25,1.000000
fallback,25.0,243,1,1,0,1,237,25,1.000000
fallback,25.0,244,1,1,0,1,238,25,1.000000
fallback,25.0,245,1,1,0,1,239,25,1.000000
fallback,25.0,246,1,1,0,1,240,25,1.000000
fallback,25.0,247,1,1,0,1,241,25,1.000000
fallback,25.0,248,1,1,0,1,242,25,1.000000
fallback,25.0,249,0,1,0,1,242,25,1.000000
fallback,25.0,250,1,1,0,1,243,25,1.000000
fallback,25.0,251,1,1,0,1,244,25,1.000000
fallback,25.0,252,1,1,0,1,245,25,1.000000
fallback,25.0,253,1,1,0,1,246,25,1.000000
fallback,25.0,254,1,1,0,1,247,25,1.000000
fallback,25.0,255,1,1,0,1,248,25,1.000000
fallback,25.0,256,1,1,0,1,249,25,1.000000
fallback,25.0,257,1,1,0,1,250,25,1.000000
fallback,25.0,258,1,1,0,1,251,25,1.000000
fallback,25.0,259,1,1,0,1,252,25,1.000000
fallback,25.0,260,1,1,0,1,253,25,1.000000
fallback,25.0,261,1,1,0,1,254,25,1.000000
fallback,25.0,262,1,1,0,1,255,25,1.000000
fallback,25.0,263,1,1,0,1,256,25,1.000000
fallback,25.0,264,1,1,0,1,257,25,1.000000
fallback,25.0,265,1,1,0,1,258,25,1.000000
fallback,25.0,266,1,1,0,1,259,25,1.000000
fallback,25.0,267,1,1,0,1,260,25,1.000000
fallback,25.0,268,1,1,0,1,261,25,1.000000
fallback,25.0,269,1,1,0,1,262,25,1.000000
fallback,25.0,270,1,0,1,1,263,26,1.000000
fallback,25.0,271,1,1,0,1,264,26,1.000000
fallback,25.0,272,1,1,0,1,265,26,1.000000
fallback,25.0,273,1,1,0,1,266,26,1.000000
fallback,25.0,274,1,1,0,1,267,26,1.000000
fallback,25.0,275,1,1,0,1,268,26,1.000000
fallback,25.0,276,1,1,0,1,269,26,1.000000
fallback,25.0,277,1,1,0,1,270,26,1.000000
fallback,25.0,278,1,0,1,1,271,27,1.000000
fallback,25.0,279,1,1,0,1,272,27,1.000000
fallback,25.0,280,1,0,1,1,273,28,1.000000
fallback,25.0,281,1,1,0,1,274,28,1.000000
fallback,25.0,282,1,0,1,1,275,29,1.000000
fallback,25.0,283,1,1,0,1,276,29,1.000000
fallback,25.0,284,1,1,0,1,277,29,1.000000
fallback,25.0,285,1,1,0,1,278,29,1.000000
fallback,25.0,286,1,1,0,1,279,29,1.000000
fallback,25.0,287,1,1,0,1,280,29,1.000000
fallback,25.0,288,1,1,0,1,281,29,1.000000
fallback,25.0,289,1,1,0,1,282,29,1.000000
fallback,25.0,290,1,1,0,1,283,29,1.000000
fallback,25.0,291,1,1,0,1,284,29,1.000000
fallback,25.0,292,1,1,0,1,285,29,1.000000
fallback,25.0,293,1,1,0,1,286,29,1.000000
fallback,25.0,294,1,1,0,1,287,29,1.000000
fallback,25.0,295,1,1,0,1,288,29,1.000000
fallback,25.0,296,1,1,0,1,289,29,1.000000
fallback,25.0,297,1,1,0,1,290,29,1.000000
fallback,25.0,298,1,1,0,1,291,29,1.000000
fallback,25.0,299,1,1,0,1,292,29,1.000000
fallback,25.0,300,1,1,0,1,293,29,1.000000
fallback,25.0,301,1,1,0,1,294,29,1.000000
fallback,25.0,302,1,1,0,1,295,29,1.000000
fallback,25.0,303,1,0,1,1,296,30,1.000000
fallback,25.0,304,1,1,0,1,297,30,1.000000
fallback,25.0,305,1,1,0,1,298,30,1.000000
fallback,25.0,306,1,1,0,1,299,30,1.000000
fallback,25.0,307,1,1,0,1,300,30,1.000000
fallback,25.0,308,1,1,0,1,301,30,1.000000
fallback,25.0,309,1,1,0,1,302,30,1.000000
fallback,25.0,310,1,1,0,1,303,30,1.000000
fallback,25.0,311,1,1,0,1,304,30,1.000000
fallback,25.0,312,0,1,0,1,304,30,1.000000
fallback,25.0,313,1,1,0,1,305,30,1.000000
fallback,25.0,314,1,1,0,1,306,30,1.000000
fallback,25.0,315,1,1,0,1,307,30,1.000000
fallback,25.0,316,1,1,0,1,308,30,1.000000
fallback,25.0,317,1,1,0,1,309,30,1.000000
fallback,25.0,318,1,0,1,1,310,31,1.000000
fallback,25.0,319,1,1,0,1,311,31,1.000000
fallback,25.0,320,1,1,0,1,312,31,1.000000
fallback,25.0,321,1,1,0,1,313,31,1.000000
fallback,25.0,322,1,1,0,1,314,31,1.000000
fallback,25.0,323,1,0,1,1,315,32,1.000000
fallback,25.0,324,1,1,0,1,316,32,1.000000
fallback,25.0,325,1,1,0,1,317,32,1.000000
fallback,25.0,326,1,1,0,1,318,32,1.000000
fallback,25.0,327,1,1,0,1,319,32,1.000000
fallback,25.0,328,1,1,0,1,320,32,1.000000
fallback,25.0,329,1,1,0,1,321,32,1.000000
fallback,25.0,330,1,1,0,1,322,32,1.000000
fallback,25.0,331,1,1,0,1,323,32,1.000000
fallback,25.0,332,1,1,0,1,324,32,1.000000
fallback,25.0,333,1,0,1,1,325,33,1.000000
fallback,25.0,334,1,0,1,1,326,34,1.000000
fallback,25.0,335,1,1,0,1,327,34,1.000000
fallback,25.0,336,1,1,0,1,328,34,1.000000
fallback,25.0,337,1,1,0,1,329,34,1.000000
fallback,25.0,338,1,1,0,1,330,34,1.000000
fallback,25.0,339,1,1,0,1,331,34,1.000000
fallback,25.0,340,1,1,0,1,332,34,1.000000
fallback,25.0,341,1,0,1,1,333,35,1.000000
fallback,25.0,342,1,1,0,1,334,35,1.000000
fallback,25.0,343,1,1,0,1,335,35,1.000000
fallback,25.0,344,1,1,0,1,336,35,1.000000
fallback,25.0,345,1,1,0,1,337,35,1.000000
fallback,25.0,346,1,1,0,1,338,35,1.000000
fallback,25.0,347,1,1,0,1,339,35,1.000000
fallback,25.0,348,1,1,0,1,340,35,1.000000
fallback,25.0,349,1,1,0,1,341,35,1.000000
fallback,25.0,350,1,1,0,1,342,35,1.000000
fallback,25.0,351,1,1,0,1,343,35,1.000000
fallback,25.0,352,1,1,0,1,344,35,1.000000
fallback,25.0,353,1,1,0,1,345,35,1.000000
fallback,25.0,354,1,1,0,1,346,35,1.000000
fallback,25.0,355,1,1,0,1,347,35,1.000000
fallback,25.0,356,1,1,0,1,348,35,1.000000
fallback,25.0,357,1,1,0,1,349,35,1.000000
fallback,25.0,358,1,1,0,1,350,35,1.000000
fallback,25.0,359,1,1,0,1,351,35,1.000000
fallback,25.0,360,1,1,0,1,352,35,1.000000
fallback,25.0,361,1,1,0,1,353,35,1.000000
fallback,25.0,362,1,1,0,1,354,35,1.000000
fallback,25.0,363,1,0,1,1,355,36,1.000000
fallback,25.0,364,1,0,1,1,356,37,1.000000
fallback,25.0,365,1,1,0,1,357,37,1.000000
fallback,25.0,366,1,1,0,1,358,37,1.000000
fallback,25.0,367,1,1,0,1,359,37,1.000000
fallback,25.0,368,1,0,1,1,360,38,1.000000
fallback,25.0,369,1,1,0,1,361,38,1.000000
fallback,25.0,370,1,1,0,1,362,38,1.000000
fallback,25.0,371,1,1,0,1,363,38,1.000000
fallback,25.0,372,1,1,0,1,364,38,1.000000
fallback,25.0,373,1,1,0,1,365,38,1.000000
fallback,25.0,374,1,1,0,1,366,38,1.000000
fallback,25.0,375,1,1,0,1,367,38,1.000000
fallback,25.0,376,1,1,0,1,368,38,1.000000
fallback,25.0,377,1,1,0,1,369,38,1.000000
fallback,25.0,378,1,1,0,1,370,38,1.000000
fallback,25.0,379,1,1,0,1,371,38,1.000000
fallback,25.0,380,1,1,0,1,372,38,1.000000
fallback,25.0,381,1,1,0,1,373,38,1.000000
fallback,25.0,382,1,1,0,1,374,38,1.000000
fallback,25.0,383,1,1,0,1,375,38,1.000000
fallback,25.0,384,1,1,0,1,376,38,1.000000
fallback,25.0,385,1,0,1,1,377,39,1.000000
fallback,25.0,386,1,1,0,1,378,39,1.000000
fallback,25.0,387,1,1,0,1,379,39,1.000000
fallback,25.0,388,1,1,0,1,380,39,1.000000
fallback,25.0,389,1,1,0,1,381,39,1.000000
fallback,25.0,390,1,1,0,1,382,39,1.000000
fallback,25.0,391,1,1,0,1,383,39,1.000000
fallback,25.0,392,1,0,1,1,384,40,1.000000
fallback,25.0,393,0,1,0,1,384,40,1.000000
fallback,25.0,394,1,1,0,1,385,40,1.000000
fallback,25.0,395,1,1,0,1,386,40,1.000000
fallback,25.0,396,1,1,0,1,387,40,1.000000
fallback,25.0,397,1,1,0,1,388,40,1.000000
fallback,25.0,398,1,1,0,1,389,40,1.000000
fallback,25.0,399,1,1,0,1,390,40,1.000000
fallback,25.0,400,1,1,0,1,391,40,1.000000
fallback,30.0,1,1,1,0,0,1,0,0.000000
fallback,30.0,2,1,0,1,1,2,1,0.750000
fallback,30.0,3,1,1,0,1,3,1,0.703704
fallback,30.0,4,1,1,0,1,4,1,0.683594
fallback,30.0,5,1,1,0,1,5,1,0.672320
fallback,30.0,6,1,1,0,1,6,1,0.665102
fallback,30.0,7,1,1,0,1,7,1,0.660083
fallback,30.0,8,1,0,1,1,8,2,0.899887
fallback,30.0,9,1,1,0,1,9,2,0.895840
fallback,30.0,10,1,1,0,1,10,2,0.892626
fallback,30.0,11,0,1,0,1,10,2,0.892626
fallback,30.0,12,1,1,0,1,11,2,0.890011
fallback,30.0,13,1,0,1,1,12,3,0.968324
fallback,30.0,14,1,1,0,1,13,3,0.966983
fallback,30.0,15,1,0,1,1,14,4,0.991001
fallback,30.0,16,1,0,1,1,15,5,0.997716
fallback,30.0,17,1,1,0,1,16,5,0.997509
fallback,30.0,18,1,1,0,1,17,5,0.997318
fallback,30.0,19,1,1,0,1,18,5,0.997142
fallback,30.0,20,1,1,0,1,19,5,0.996979
fallback,30.0,21,1,1,0,1,20,5,0.996829
fallback,30.0,22,1,1,0,1,21,5,0.996689
fallback,30.0,23,1,1,0,1,22,5,0.996560
fallback,30.0,24,1,0,1,1,23,6,0.999044
fallback,30.0,25,1,1,0,1,24,6,0.998997
fallback,30.0,26,1,0,1,1,25,7,0.999729
fallback,30.0,27,1,1,0,1,26,7,0.999713
fallback,30.0,28,1,1,0,1,27,7,0.999697
fallback,30.0,29,1,1,0,1,28,7,0.999683
fallback,30.0,30,1,1,0,1,29,7,0.999668
fallback,30.0,31,1,1,0,1,30,7,0.999655
fallback,30.0,32,1,1,0,1,31,7,0.999642
fallback,30.0,33,1,1,0,1,32,7,0.999629
fallback,30.0,34,0,1,0,1,32,7,0.999629
fallback,30.0,35,1,0,1,1,33,8,0.999895
fallback,30.0,36,1,0,1,1,34,9,0.999971
fallback,30.0,37,1,1,0,1,35,9,0.999970
fallback,30.0,38,1,0,1,1,36,10,0.999992
fallback,30.0,39,0,1,0,1,36,10,0.999992
fallback,30.0,40,1,1,0,1,37,10,0.999991
fallback,30.0,41,1,1,0,1,38,10,0.999991
fallback,30.0,42,1,0,1,1,39,11,0.999998
fallback,30.0,43,1,0,1,1,40,12,0.999999
fallback,30.0,44,1,1,0,1,41,12,0.999999
fallback,30.0,45,1,1,0,1,42,12,0.999999
fallback,30.0,46,1,1,0,1,43,12,0.999999
fallback,30.0,47,1,1,0,1,44,12,0.999999
fallback,30.0,48,1,1,0,1,45,12,0.999999
fallback,30.0,49,1,1,0,1,46,12,0.999999
fallback,30.0,50,1,1,0,1,47,12,0.999999
fallback,30.0,51,1,1,0,1,48,12,0.999999
fallback,30.0,52,1,1,0,1,49,12,0.999999
fallback,30.0,53,0,1,0,1,49,12,0.999999
fallback,30.0,54,0,0,0,1,49,12,0.999999
fallback,30.0,55,1,1,0,1,50,12,0.999999
fallback,30.0,56,1,0,1,1,51,13,1.000000
fallback,30.0,57,1,1,0,1,52,13,1.000000
fallback,30.0,58,0,1,0,1,52,13,1.000000
fallback,30.0,59,1,1,0,1,53,13,1.000000
fallback,30.0,60,1,0,1,1,54,14,1.000000
fallback,30.0,61,1,0,1,1,55,15,1.000000
fallback,30.0,62,1,1,0,1,56,15,1.000000
fallback,30.0,63,1,1,0,1,57,15,1.000000
fallback,30.0,64,1,1,0,1,58,15,1.000000
fallback,30.0,65,1,1,0,1,59,15,1.000000
fallback,30.0,66,1,1,0,1,60,15,1.000000
fallback,30.0,67,1,1,0,1,61,15,1.000000
fallback,30.0,68,1,1,0,1,62,15,1.000000
fallback,30.0,69,1,1,0,1,63,15,1.000000
fallback,30.0,70,1,1,0,1,64,15,1.000000
fallback,30.0,71,1,1,0,1,65,15,1.000000
fallback,30.0,72,1,1,0,1,66,15,1.000000
fallback,30.0,73,1,1,0,1,67,15,1.000000
fallback,30.0,74,1,1,0,1,68,15,1.000000
fallback,30.0,75,1,1,0,1,69,15,1.000000
fallback,30.0,76,1,1,0,1,70,15,1.000000
fallback,30.0,77,1,1,0,1,71,15,1.000000
fallback,30.0,78,1,1,0,1,72,15,1.000000
fallback,30.0,79,1,1,0,1,73,15,1.000000
fallback,30.0,80,1,1,0,1,74,15,1.000000
fallback,30.0,81,1,0,1,1,75,16,1.000000
fallback,30.0,82,1,1,0,1,76,16,1.000000
fallback,30.0,83,1,1,0,1,77,16,1.000000
fallback,30.0,84,1,1,0,1,78,16,1.000000
fallback,30.0,85,1,1,0,1,79,16,1.000000
fallback,30.0,86,1,0,1,1,80,17,1.000000
fallback,30.0,87,1,1,0,1,81,17,1.000000
fallback,30.0,88,1,1,0,1,82,17,1.000000
fallback,30.0,89,0,1,0,1,82,17,1.000000
fallback,30.0,90,1,1,0,1,83,17,1.000000
fallback,30.0,91,1,1,0,1,84,17,1.000000
fallback,30.0,92,1,1,0,1,85,17,1.000000
fallback,30.0,93,1,1,0,1,86,17,1.000000
fallback,30.0,94,1,1,0,1,87,17,1.000000
fallback,30.0,95,1,1,0,1,88,17,1.000000
fallback,30.0,96,1,1,0,1,89,17,1.000000
fallback,30.0,97,1,0,1,1,90,18,1.000000
fallback,30.0,98,1,0,1,1,91,19,1.000000
fallback,30.0,99,1,0,1,1,92,20,1.000000
fallback,30.0,100,1,1,0,1,93,20,1.000000
fallback,30.0,101,1,1,0,1,94,20,1.000000
fallback,30.0,102,1,1,0,1,95,20,1.000000
fallback,30.0,103,1,1,0,1,96,20,1.000000
fallback,30.0,104,1,0,1,1,97,21,1.000000
fallback,30.0,105,1,1,0,1,98,21,1.000000
fallback,30.0,106,1,1,0,1,99,21,1.000000
fallback,30.0,107,1,0,1,1,100,22,1.000000
fallback,30.0,108,1,1,0,1,101,22,1.000000
fallback,30.0,109,1,1,0,1,102,22,1.000000
fallback,30.0,110,1,1,0,1,103,22,1.000000
fallback,30.0,111,1,1,0,1,104,22,1.000000
fallback,30.0,112,1,1,0,1,105,22,1.000000
fallback,30.0,113,1,1,0,1,106,22,1.000000
fallback,30.0,114,1,1,0,1,107,22,1.000000
fallback,30.0,115,1,1,0,1,108,22,1.000000
fallback,30.0,116,1,1,0,1,109,22,1.000000
fallback,30.0,117,1,1,0,1,110,22,1.000000
fallback,30.0,118,1,1,0,1,111,22,1.000000
fallback,30.0,119,0,1,0,1,111,22,1.000000
fallback,30.0,120,1,1,0,1,112,22,1.000000
fallback,30.0,121,1,1,0,1,113,22,1.000000
fallback,30.0,122,1,1,0,1,114,22,1.000000
fallback,30.0,123,1,0,1,1,115,23,1.000000
fallback,30.0,124,1,1,0,1,116,23,1.000000
fallback,30.0,125,1,1,0,1,117,23,1.000000
fallback,30.0,126,1,1,0,1,118,23,1.000000
fallback,30.0,127,1,1,0,1,119,23,1.000000
fallback,30.0,128,1,1,0,1,120,23,1.000000
fallback,30.0,129,1,1,0,1,121,23,1.000000
fallback,30.0,130,0,1,0,1,121,23,1.000000
fallback,30.0,131,1,0,1,1,122,24,1.000000
fallback,30.0,132,1,1,0,1,123,24,1.000000
fallback,30.0,133,1,1,0,1,124,24,1.000000
fallback,30.0,134,1,1,0,1,125,24,1.000000
fallback,30.0,135,1,1,0,1,126,24,1.000000
fallback,30.0,136,1,1,0,1,127,24,1.000000
fallback,30.0,137,1,1,0,1,128,24,1.000000
fallback,30.0,138,1,1,0,1,129,24,1.000000
fallback,30.0,139,1,1,0,1,130,24,1.000000
fallback,30.0,140,1,0,1,1,131,25,1.000000
fallback,30.0,141,1,0,1,1,132,26,1.000000
fallback,30.0,142,0,1,0,1,132,26,1.000000
fallback,30.0,143,1,1,0,1,133,26,1.000000
fallback,30.0,144,1,1,0,1,134,26,1.000000
fallback,30.0,145,1,1,0,1,135,26,1.000000
fallback,30.0,146,1,1,0,1,136,26,1.000000
fallback,30.0,147,1,0,1,1,137,27,1.000000
fallback,30.0,148,1,1,0,1,138,27,1.000000
fallback,30.0,149,1,1,0,1,139,27,1.000000
fallback,30.0,150,1,0,1,1,140,28,1.000000
fallback,30.0,151,1,1,0,1,141,28,1.000000
fallback,30.0,152,1,1,0,1,142,28,1.000000
fallback,30.0,153,1,1,0,1,143,28,1.000000
fallback,30.0,154,1,1,0,1,144,28,1.000000
fallback,30.0,155,1,1,0,1,145,28,1.000000
fallback,30.0,156,1,1,0,1,146,28,1.000000
fallback,30.0,157,1,1,0,1,147,28,1.000000
fallback,30.0,158,1,1,0,1,148,28,1.000000
fallback,30.0,159,1,1,0,1,149,28,1.000000
fallback,30.0,160,1,1,0,1,150,28,1.000000
fallback,30.0,161,1,1,0,1,151,28,1.000000
fallback,30.0,162,1,1,0,1,152,28,1.000000
fallback,30.0,163,1,0,1,1,153,29,1.000000
fallback,30.0,164,1,0,1,1,154,30,1.000000
fallback,30.0,165,1,1,0,1,155,30,1.000000
fallback,30.0,166,1,1,0,1,156,30,1.000000
fallback,30.0,167,1,1,0,1,157,30,1.000000
fallback,30.0,168,1,1,0,1,158,30,1.000000
fallback,30.0,169,1,1,0,1,159,30,1.000000
fallback,30.0,170,1,0,1,1,160,31,1.000000
fallback,30.0,171,1,1,0,1,161,31,1.000000
fallback,30.0,172,1,0,1,1,162,32,1.000000
fallback,30.0,173,1,1,0,1,163,32,1.000000
fallback,30.0,174,1,1,0,1,164,32,1.000000
fallback,30.0,175,1,1,0,1,165,32,1.000000
fallback,30.0,176,1,0,1,1,166,33,1.000000
fallback,30.0,177,1,1,0,1,167,33,1.000000
fallback,30.0,178,1,1,0,1,168,33,1.000000
fallback,30.0,179,1,0,1,1,169,34,1.000000
fallback,30.0,180,1,1,0,1,170,34,1.000000
fallback,30.0,181,1,1,0,1,171,34,1.000000
fallback,30.0,182,1,1,0,1,172,34,1.000000
fallback,30.0,183,1,1,0,1,173,34,1.000000
fallback,30.0,184,1,1,0,1,174,34,1.000000
fallback,30.0,185,1,1,0,1,175,34,1.000000
fallback,30.0,186,1,1,0,1,176,34,1.000000
fallback,30.0,187,1,1,0,1,177,34,1.000000
fallback,30.0,188,1,1,0,1,178,34,1.000000
fallback,30.0,189,1,0,1,1,179,35,1.000000
fallback,30.0,190,1,1,0,1,180,35,1.000000
fallback,30.0,191,1,1,0,1,181,35,1.000000
fallback,30.0,192,1,1,0,1,182,35,1.000000
fallback,30.0,193,1,1,0,1,183,35,1.000000
fallback,30.0,194,1,1,0,1,184,35,1.000000
fallback,30.0,195,1,1,0,1,185,35,1.000000
fallback,30.0,196,1,0,1,1,186,36,1.000000
fallback,30.0,197,1,0,1,1,187,37,1.000000
fallback,30.0,198,1,0,1,1,188,38,1.000000
fallback,30.0,199,1,1,0,1,189,38,1.000000
fallback,30.0,200,1,1,0,1,190,38,1.000000
fallback,30.0,201,1,1,0,1,191,38,1.000000
fallback,30.0,202,1,1,0,1,192,38,1.000000
fallback,30.0,203,1,1,0,1,193,38,1.000000
fallback,30.0,204,1,1,0,1,194,38,1.000000
fallback,30.0,205,1,1,0,1,195,38,1.000000
fallback,30.0,206,1,1,0,1,196,38,1.000000
fallback,30.0,207,1,0,1,1,197,39,1.000000
fallback,30.0,208,0,1,0,1,197,39,1.000000
fallback,30.0,209,1,1,0,1,198,39,1.000000
fallback,30.0,210,1,1,0,1,199,39,1.000000
fallback,30.0,211,1,0,1,1,200,40,1.000000
fallback,30.0,212,1,0,1,1,201,41,1.000000
fallback,30.0,213,1,1,0,1,202,41,1.000000
fallback,30.0,214,1,0,1,1,203,42,1.000000
fallback,30.0,215,1,1,0,1,204,42,1.000000
fallback,30.0,216,1,1,0,1,205,42,1.000000
fallback,30.0,217,0,0,0,1,205,42,1.000000
fallback,30.0,218,1,0,1,1,206,43,1.000000
fallback,30.0,219,1,1,0,1,207,43,1.000000
fallback,30.0,220,1,1,0,1,208,43,1.000000
fallback,30.0,221,1,1,0,1,209,43,1.000000
fallback,30.0,222,1,1,0,1,210,43,1.000000
fallback,30.0,223,0,1,0,1,210,43,1.000000
fallback,30.0,224,1,1,0,1,211,43,1.000000
fallback,30.0,225,1,1,0,1,212,43,1.000000
fallback,30.0,226,1,1,0,1,213,43,1.000000
fallback,30.0,227,1,1,0,1,214,43,1.000000
fallback,30.0,228,1,1,0,1,215,43,1.000000
fallback,30.0,229,1,1,0,1,216,43,1.000000
fallback,30.0,230,1,1,0,1,217,43,1.000000
fallback,30.0,231,1,1,0,1,218,43,1.000000
fallback,30.0,232,1,0,1,1,219,44,1.000000
fallback,30.0,233,1,1,0,1,220,44,1.000000
fallback,30.0,234,1,0,1,1,221,45,1.000000
fallback,30.0,235,1,1,0,1,222,45,1.000000
fallback,30.0,236,1,1,0,1,223,45,1.000000
fallback,30.0,237,0,1,0,1,223,45,1.000000
fallback,30.0,238,1,1,0,1,224,45,1.000000
fallback,30.0,239,1,1,0,1,225,45,1.000000
fallback,30.0,240,1,1,0,1,226,45,1.000000
fallback,30.0,241,1,0,1,1,227,46,1.000000
fallback,30.0,242,1,1,0,1,228,46,1.000000
fallback,30.0,243,1,1,0,1,229,46,1.000000
fallback,30.0,244,1,1,0,1,230,46,1.000000
fallback,30.0,245,1,1,0,1,231,46,1.000000
fallback,30.0,246,1,1,0,1,232,46,1.000000
fallback,30.0,247,1,1,0,1,233,46,1.000000
fallback,30.0,248,1,1,0,1,234,46,1.000000
fallback,30.0,249,1,1,0,1,235,46,1.000000
fallback,30.0,250,0,1,0,1,235,46,1.000000
fallback,30.0,251,1,1,0,1,236,46,1.000000
fallback,30.0,252,1,1,0,1,237,46,1.000000
fallback,30.0,253,1,1,0,1,238,46,1.000000
fallback,30.0,254,1,0,1,1,239,47,1.000000
fallback,30.0,255,1,1,0,1,240,47,1.000000
fallback,30.0,256,1,1,0,1,241,47,1.000000
fallback,30.0,257,1,1,0,1,242,47,1.000000
fallback,30.0,258,1,1,0,1,243,47,1.000000
fallback,30.0,259,1,1,0,1,244,47,1.000000
fallback,30.0,260,1,1,0,1,245,47,1.000000
fallback,30.0,261,1,1,0,1,246,47,1.000000
fallback,30.0,262,1,1,0,1,247,47,1.000000
fallback,30.0,263,1,1,0,1,248,47,1.000000
fallback,30.0,264,1,0,1,1,249,48,1.000000
fallback,30.0,265,1,1,0,1,250,48,1.000000
fallback,30.0,266,1,1,0,1,251,48,1.000000
fallback,30.0,267,1,1,0,1,252,48,1.000000
fallback,30.0,268,1,0,1,1,253,49,1.000000
fallback,30.0,269,1,1,0,1,254,49,1.000000
fallback,30.0,270,1,1,0,1,255,49,1.000000
fallback,30.0,271,1,1,0,1,256,49,1.000000
fallback,30.0,272,1,1,0,1,257,49,1.000000
fallback,30.0,273,1,1,0,1,258,49,1.000000
fallback,30.0,274,1,1,0,1,259,49,1.000000
fallback,30.0,275,0,1,0,1,259,49,1.000000
fallback,30.0,276,1,1,0,1,260,49,1.000000
fallback,30.0,277,1,1,0,1,261,49,1.000000
fallback,30.0,278,1,1,0,1,262,49,1.000000
fallback,30.0,279,1,0,1,1,263,50,1.000000
fallback,30.0,280,1,0,1,1,264,51,1.000000
fallback,30.0,281,1,0,1,1,265,52,1.000000
fallback,30.0,282,1,1,0,1,266,52,1.000000
fallback,30.0,283,1,1,0,1,267,52,1.000000
fallback,30.0,284,1,1,0,1,268,52,1.000000
fallback,30.0,285,1,0,1,1,269,53,1.000000
fallback,30.0,286,1,1,0,1,270,53,1.000000
fallback,30.0,287,1,1,0,1,271,53,1.000000
fallback,30.0,288,1,1,0,1,272,53,1.000000
fallback,30.0,289,1,1,0,1,273,53,1.000000
fallback,30.0,290,1,0,1,1,274,54,1.000000
fallback,30.0,291,1,0,1,1,275,55,1.000000
fallback,30.0,292,1,1,0,1,276,55,1.000000
fallback,30.0,293,1,1,0,1,277,55,1.000000
fallback,30.0,294,1,1,0,1,278,55,1.000000
fallback,30.0,295,1,1,0,1,279,55,1.000000
fallback,30.0,296,1,1,0,1,280,55,1.000000
fallback,30.0,297,1,1,0,1,281,55,1.000000
fallback,30.0,298,1,1,0,1,282,55,1.000000
fallback,30.0,299,1,1,0,1,283,55,1.000000
fallback,30.0,300,1,0,1,1,284,56,1.000000
fallback,30.0,301,1,1,0,1,285,56,1.000000
fallback,30.0,302,1,1,0,1,286,56,1.000000
fallback,30.0,303,0,1,0,1,286,56,1.000000
fallback,30.0,304,1,1,0,1,287,56,1.000000
fallback,30.0,305,1,1,0,1,288,56,1.000000
fallback,30.0,306,1,1,0,1,289,56,1.000000
fallback,30.0,307,1,1,0,1,290,56,1.000000
fallback,30.0,308,1,1,0,1,291,56,1.000000
fallback,30.0,309,1,1,0,1,292,56,1.000000
fallback,30.0,310,1,1,0,1,293,56,1.000000
fallback,30.0,311,1,1,0,1,294,56,1.000000
fallback,30.0,312,1,0,1,1,295,57,1.000000
fallback,30.0,313,1,1,0,1,296,57,1.000000
fallback,30.0,314,1,1,0,1,297,57,1.000000
fallback,30.0,315,1,1,0,1,298,57,1.000000
fallback,30.0,316,1,1,0,1,299,57,1.000000
fallback,30.0,317,1,1,0,1,300,57,1.000000
fallback,30.0,318,1,1,0,1,301,57,1.000000
fallback,30.0,319,1,1,0,1,302,57,1.000000
fallback,30.0,320,1,1,0,1,303,57,1.000000
fallback,30.0,321,1,1,0,1,304,57,1.000000
fallback,30.0,322,1,0,1,1,305,58,1.000000
fallback,30.0,323,1,1,0,1,306,58,1.000000
fallback,30.0,324,1,0,1,1,307,59,1.000000
fallback,30.0,325,1,1,0,1,308,59,1.000000
fallback,30.0,326,1,1,0,1,309,59,1.000000
fallback,30.0,327,1,1,0,1,310,59,1.000000
fallback,30.0,328,1,0,1,1,311,60,1.000000
fallback,30.0,329,1,1,0,1,312,60,1.000000
fallback,30.0,330,1,1,0,1,313,60,1.000000
fallback,30.0,331,1,1,0,1,314,60,1.000000
fallback,30.0,332,1,0,1,1,315,61,1.000000
fallback,30.0,333,1,1,0,1,316,61,1.000000
fallback,30.0,334,1,1,0,1,317,61,1.000000
fallback,30.0,335,1,0,1,1,318,62,1.000000
fallback,30.0,336,1,1,0,1,319,62,1.000000
fallback,30.0,337,1,1,0,1,320,62,1.000000
fallback,30.0,338,1,1,0,1,321,62,1.000000
fallback,30.0,339,1,1,0,1,322,62,1.000000
fallback,30.0,340,1,1,0,1,323,62,1.000000
fallback,30.0,341,1,1,0,1,324,62,1.000000
fallback,30.0,342,1,1,0,1,325,62,1.000000
fallback,30.0,343,1,1,0,1,326,62,1.000000
fallback,30.0,344,1,0,1,1,327,63,1.000000
fallback,30.0,345,1,0,1,1,328,64,1.000000
fallback,30.0,346,1,1,0,1,329,64,1.000000
fallback,30.0,347,1,1,0,1,330,64,1.000000
fallback,30.0,348,1,1,0,1,331,64,1.000000
fallback,30.0,349,1,1,0,1,332,64,1.000000
fallback,30.0,350,1,1,0,1,333,64,1.000000
fallback,30.0,351,1,1,0,1,334,64,1.000000
fallback,30.0,352,1,0,1,1,335,65,1.000000
fallback,30.0,353,1,1,0,1,336,65,1.000000
fallback,30.0,354,1,1,0,1,337,65,1.000000
fallback,30.0,355,1,1,0,1,338,65,1.000000
fallback,30.0,356,0,1,0,1,338,65,1.000000
fallback,30.0,357,1,0,1,1,339,66,1.000000
fallback,30.0,358,1,0,1,1,340,67,1.000000
fallback,30.0,359,1,1,0,1,341,67,1.000000
fallback,30.0,360,1,1,0,1,342,67,1.000000
fallback,30.0,361,1,1,0,1,343,67,1.000000
fallback,30.0,362,1,1,0,1,344,67,1.000000
fallback,30.0,363,1,1,0,1,345,67,1.000000
fallback,30.0,364,1,1,0,1,346,67,1.000000
fallback,30.0,365,1,1,0,1,347,67,1.000000
fallback,30.0,366,1,1,0,1,348,67,1.000000
fallback,30.0,367,1,1,0,1,349,67,1.000000
fallback,30.0,368,1,0,1,1,350,68,1.000000
fallback,30.0,369,1,0,1,1,351,69,1.000000
fallback,30.0,370,1,1,0,1,352,69,1.000000
fallback,30.0,371,1,1,0,1,353,69,1.000000
fallback,30.0,372,1,1,0,1,354,69,1.000000
fallback,30.0,373,1,1,0,1,355,69,1.000000
fallback,30.0,374,1,0,1,1,356,70,1.000000
fallback,30.0,375,1,1,0,1,357,70,1.000000
fallback,30.0,376,1,0,1,1,358,71,1.000000
fallback,30.0,377,1,1,0,1,359,71,1.000000
fallback,30.0,378,1,1,0,1,360,71,1.000000
fallback,30.0,379,1,1,0,1,361,71,1.000000
fallback,30.0,380,1,1,0,1,362,71,1.000000
fallback,30.0,381,1,1,0,1,363,71,1.000000
fallback,30.0,382,1,1,0,1,364,71,1.000000
fallback,30.0,383,1,1,0,1,365,71,1.000000
fallback,30.0,384,1,1,0,1,366,71,1.000000
fallback,30.0,385,1,1,0,1,367,71,1.000000
fallback,30.0,386,1,0,1,1,368,72,1.000000
fallback,30.0,387,1,1,0,1,369,72,1.000000
fallback,30.0,388,1,1,0,1,370,72,1.000000
fallback,30.0,389,1,1,0,1,371,72,1.000000
fallback,30.0,390,1,0,1,1,372,73,1.000000
fallback,30.0,391,1,1,0,1,373,73,1.000000
fallback,30.0,392,1,0,1,1,374,74,1.000000
fallback,30.0,393,1,1,0,1,375,74,1.000000
fallback,30.0,394,1,0,1,1,376,75,1.000000
fallback,30.0,395,1,1,0,1,377,75,1.000000
fallback,30.0,396,1,1,0,1,378,75,1.000000
fallback,30.0,397,1,1,0,1,379,75,1.000000
fallback,30.0,398,1,1,0,1,380,75,1.000000
fallback,30.0,399,1,1,0,1,381,75,1.000000
fallback,30.0,400,1,1,0,1,382,75,1.000000
fallback,35.0,1,1,1,0,0,1,0,0.000000
fallback,35.0,2,0,1,0,0,1,0,0.000000
fallback,35.0,3,1,1,0,0,2,0,0.000000
fallback,35.0,4,1,1,0,0,3,0,0.000000
fallback,35.0,5,1,1,0,0,4,0,0.000000
fallback,35.0,6,1,1,0,0,5,0,0.000000
fallback,35.0,7,1,1,0,0,6,0,0.000000
fallback,35.0,8,1,1,0,0,7,0,0.000000
fallback,35.0,9,1,1,0,0,8,0,0.000000
fallback,35.0,10,1,1,0,0,9,0,0.000000
fallback,35.0,11,1,1,0,0,10,0,0.000000
fallback,35.0,12,1,1,0,0,11,0,0.000000
fallback,35.0,13,1,1,0,0,12,0,0.000000
fallback,35.0,14,1,1,0,0,13,0,0.000000
fallback,35.0,15,1,1,0,0,14,0,0.000000
fallback,35.0,16,0,1,0,0,14,0,0.000000
fallback,35.0,17,1,1,0,0,15,0,0.000000
fallback,35.0,18,1,0,1,1,16,1,0.643926
fallback,35.0,19,1,1,0,1,17,1,0.643214
fallback,35.0,20,1,1,0,1,18,1,0.642583
fallback,35.0,21,1,0,1,1,19,2,0.879160
fallback,35.0,22,1,0,1,1,20,3,0.961240
fallback,35.0,23,1,1,0,1,21,3,0.960725
fallback,35.0,24,1,1,0,1,22,3,0.960255
fallback,35.0,25,1,0,1,1,23,4,0.987652
fallback,35.0,26,1,1,0,1,24,4,0.987421
fallback,35.0,27,1,1,0,1,25,4,0.987207
fallback,35.0,28,1,1,0,1,26,4,0.987008
fallback,35.0,29,1,1,0,1,27,4,0.986823
fallback,35.0,30,0,0,0,1,27,4,0.986823
fallback,35.0,31,1,0,1,1,28,5,0.995945
fallback,35.0,32,1,1,0,1,29,5,0.995864
fallback,35.0,33,1,1,0,1,30,5,0.995787
fallback,35.0,34,1,1,0,1,31,5,0.995715
fallback,35.0,35,1,0,1,1,32,6,0.998699
fallback,35.0,36,1,1,0,1,33,6,0.998669
fallback,35.0,37,1,0,1,1,34,7,0.999605
fallback,35.0,38,1,1,0,1,35,7,0.999594
fallback,35.0,39,1,1,0,1,36,7,0.999584
fallback,35.0,40,1,1,0,1,37,7,0.999573
fallback,35.0,41,0,1,0,1,37,7,0.999573
fallback,35.0,42,1,1,0,1,38,7,0.999564
fallback,35.0,43,1,1,0,1,39,7,0.999554
fallback,35.0,44,1,1,0,1,40,7,0.999545
fallback,35.0,45,1,0,1,1,41,8,0.999864
fallback,35.0,46,1,1,0,1,42,8,0.999860
fallback,35.0,47,1,1,0,1,43,8,0.999857
fallback,35.0,48,1,1,0,1,44,8,0.999854
fallback,35.0,49,1,1,0,1,45,8,0.999851
fallback,35.0,50,1,0,1,1,46,9,0.999955
fallback,35.0,51,1,1,0,1,47,9,0.999954
fallback,35.0,52,1,1,0,1,48,9,0.999953
fallback,35.0,53,1,1,0,1,49,9,0.999952
fallback,35.0,54,1,1,0,1,50,9,0.999951
fallback,35.0,55,1,1,0,1,51,9,0.999950
fallback,35.0,56,1,1,0,1,52,9,0.999949
fallback,35.0,57,1,0,1,1,53,10,0.999985
fallback,35.0,58,1,1,0,1,54,10,0.999984
fallback,35.0,59,1,0,1,1,55,11,0.999995
fallback,35.0,60,1,1,0,1,56,11,0.999995
fallback,35.0,61,1,0,1,1,57,12,0.999999
fallback,35.0,62,1,0,1,1,58,13,1.000000
fallback,35.0,63,1,1,0,1,59,13,1.000000
fallback,35.0,64,0,0,0,1,59,13,1.000000
fallback,35.0,65,1,0,1,1,60,14,1.000000
fallback,35.0,66,1,1,0,1,61,14,1.000000
fallback,35.0,67,1,1,0,1,62,14,1.000000
fallback,35.0,68,1,1,0,1,63,14,1.000000
fallback,35.0,69,1,1,0,1,64,14,1.000000
fallback,35.0,70,1,0,1,1,65,15,1.000000
fallback,35.0,71,1,0,1,1,66,16,1.000000
fallback,35.0,72,1,1,0,1,67,16,1.000000
fallback,35.0,73,1,0,1,1,68,17,1.000000
fallback,35.0,74,1,1,0,1,69,17,1.000000
fallback,35.0,75,1,0,1,1,70,18,1.000000
fallback,35.0,76,1,0,1,1,71,19,1.000000
fallback,35.0,77,1,1,0,1,72,19,1.000000
fallback,35.0,78,1,0,1,1,73,20,1.000000
fallback,35.0,79,1,1,0,1,74,20,1.000000
fallback,35.0,80,1,0,1,1,75,21,1.000000
fallback,35.0,81,1,0,1,1,76,22,1.000000
fallback,35.0,82,1,1,0,1,77,22,1.000000
fallback,35.0,83,1,0,1,1,78,23,1.000000
fallback,35.0,84,1,0,1,1,79,24,1.000000
fallback,35.0,85,1,1,0,1,80,24,1.000000
fallback,35.0,86,1,0,1,1,81,25,1.000000
fallback,35.0,87,1,1,0,1,82,25,1.000000
fallback,35.0,88,1,1,0,1,83,25,1.000000
fallback,35.0,89,1,0,1,1,84,26,1.000000
fallback,35.0,90,1,0,1,1,85,27,1.000000
fallback,35.0,91,1,1,0,1,86,27,1.000000
fallback,35.0,92,1,1,0,1,87,27,1.000000
fallback,35.0,93,1,1,0,1,88,27,1.000000
fallback,35.0,94,1,1,0,1,89,27,1.000000
fallback,35.0,95,1,0,1,1,90,28,1.000000
fallback,35.0,96,1,1,0,1,91,28,1.000000
fallback,35.0,97,1,1,0,1,92,28,1.000000
fallback,35.0,98,1,0,1,1,93,29,1.000000
fallback,35.0,99,1,1,0,1,94,29,1.000000
fallback,35.0,100,1,1,0,1,95,29,1.000000
fallback,35.0,101,1,0,1,1,96,30,1.000000
fallback,35.0,102,1,1,0,1,97,30,1.000000
fallback,35.0,103,1,0,1,1,98,31,1.000000
fallback,35.0,104,1,1,0,1,99,31,1.000000
fallback,35.0,105,1,0,1,1,100,32,1.000000
fallback,35.0,106,1,1,0,1,101,32,1.000000
fallback,35.0,107,1,1,0,1,102,32,1.000000
fallback,35.0,108,1,1,0,1,103,32,1.000000
fallback,35.0,109,0,1,0,1,103,32,1.000000
fallback,35.0,110,1,0,1,1,104,33,1.000000
fallback,35.0,111,1,1,0,1,105,33,1.000000
fallback,35.0,112,1,0,1,1,106,34,1.000000
fallback,35.0,113,1,1,0,1,107,34,1.000000
fallback,35.0,114,1,1,0,1,108,34,1.000000
fallback,35.0,115,1,0,1,1,109,35,1.000000
fallback,35.0,116,1,0,1,1,110,36,1.000000
fallback,35.0,117,1,0,1,1,111,37,1.000000
fallback,35.0,118,1,1,0,1,112,37,1.000000
fallback,35.0,119,1,1,0,1,113,37,1.000000
fallback,35.0,120,1,0,1,1,114,38,1.000000
fallback,35.0,121,1,1,0,1,115,38,1.000000
fallback,35.0,122,1,0,1,1,116,39,1.000000
fallback,35.0,123,1,1,0,1,117,39,1.000000
fallback,35.0,124,1,0,1,1,118,40,1.000000
fallback,35.0,125,1,1,0,1,119,40,1.000000
fallback,35.0,126,1,1,0,1,120,40,1.000000
fallback,35.0,127,0,1,0,1,120,40,1.000000
fallback,35.0,128,1,1,0,1,121,40,1.000000
fallback,35.0,129,1,1,0,1,122,40,1.000000
fallback,35.0,130,1,1,0,1,123,40,1.000000
fallback,35.0,131,1,1,0,1,124,40,1.000000
fallback,35.0,132,1,1,0,1,125,40,1.000000
fallback,35.0,133,1,1,0,1,126,40,1.000000
fallback,35.0,134,1,1,0,1,127,40,1.000000
fallback,35.0,135,1,1,0,1,128,40,1.000000
fallback,35.0,136,1,1,0,1,129,40,1.000000
fallback,35.0,137,1,1,0,1,130,40,1.000000
fallback,35.0,138,1,1,0,1,131,40,1.000000
fallback,35.0,139,1,0,1,1,132,41,1.000000
fallback,35.0,140,1,1,0,1,133,41,1.000000
fallback,35.0,141,1,0,1,1,134,42,1.000000
fallback,35.0,142,1,0,1,1,135,43,1.000000
fallback,35.0,143,1,1,0,1,136,43,1.000000
fallback,35.0,144,1,1,0,1,137,43,1.000000
fallback,35.0,145,1,1,0,1,138,43,1.000000
fallback,35.0,146,1,1,0,1,139,43,1.000000
fallback,35.0,147,1,1,0,1,140,43,1.000000
fallback,35.0,148,1,0,1,1,141,44,1.000000
fallback,35.0,149,1,0,1,1,142,45,1.000000
fallback,35.0,150,1,1,0,1,143,45,1.000000
fallback,35.0,151,1,1,0,1,144,45,1.000000
fallback,35.0,152,1,0,1,1,145,46,1.000000
fallback,35.0,153,1,0,1,1,146,47,1.000000
fallback,35.0,154,1,1,0,1,147,47,1.000000
fallback,35.0,155,1,1,0,1,148,47,1.000000
fallback,35.0,156,1,1,0,1,149,47,1.000000
fallback,35.0,157,1,1,0,1,150,47,1.000000
fallback,35.0,158,1,0,1,1,151,48,1.000000
fallback,35.0,159,0,1,0,1,151,48,1.000000
fallback,35.0,160,1,1,0,1,152,48,1.000000
fallback,35.0,161,1,1,0,1,153,48,1.000000
fallback,35.0,162,1,1,0,1,154,48,1.000000
fallback,35.0,163,1,1,0,1,155,48,1.000000
fallback,35.0,164,1,1,0,1,156,48,1.000000
fallback,35.0,165,1,0,1,1,157,49,1.000000
fallback,35.0,166,0,1,0,1,157,49,1.000000
fallback,35.0,167,1,0,1,1,158,50,1.000000
fallback,35.0,168,1,1,0,1,159,50,1.000000
fallback,35.0,169,1,0,1,1,160,51,1.000000
fallback,35.0,170,1,0,1,1,161,52,1.000000
fallback,35.0,171,1,0,1,1,162,53,1.000000
fallback,35.0,172,1,0,1,1,163,54,1.000000
fallback,35.0,173,1,1,0,1,164,54,1.000000
fallback,35.0,174,0,1,0,1,164,54,1.000000
fallback,35.0,175,1,1,0,1,165,54,1.000000
fallback,35.0,176,1,0,1,1,166,55,1.000000
fallback,35.0,177,1,1,0,1,167,55,1.000000
fallback,35.0,178,1,1,0,1,168,55,1.000000
fallback,35.0,179,1,1,0,1,169,55,1.000000
fallback,35.0,180,1,1,0,1,170,55,1.000000
fallback,35.0,181,1,1,0,1,171,55,1.000000
fallback,35.0,182,1,1,0,1,172,55,1.000000
fallback,35.0,183,1,1,0,1,173,55,1.000000
fallback,35.0,184,1,1,0,1,174,55,1.000000
fallback,35.0,185,1,1,0,1,175,55,1.000000
fallback,35.0,186,1,1,0,1,176,55,1.000000
fallback,35.0,187,1,1,0,1,177,55,1.000000
fallback,35.0,188,1,1,0,1,178,55,1.000000
fallback,35.0,189,1,0,1,1,179,56,1.000000
fallback,35.0,190,1,1,0,1,180,56,1.000000
fallback,35.0,191,1,1,0,1,181,56,1.000000
fallback,35.0,192,1,0,1,1,182,57,1.000000
fallback,35.0,193,1,0,1,1,183,58,1.000000
fallback,35.0,194,1,1,0,1,184,58,1.000000
fallback,35.0,195,1,0,1,1,185,59,1.000000
fallback,35.0,196,0,1,0,1,185,59,1.000000
fallback,35.0,197,1,1,0,1,186,59,1.000000
fallback,35.0,198,1,1,0,1,187,59,1.000000
fallback,35.0,199,1,1,0,1,188,59,1.000000
fallback,35.0,200,1,1,0,1,189,59,1.000000
fallback,35.0,201,1,1,0,1,190,59,1.000000
fallback,35.0,202,1,1,0,1,191,59,1.000000
fallback,35.0,203,1,0,1,1,192,60,1.000000
fallback,35.0,204,1,0,1,1,193,61,1.000000
fallback,35.0,205,1,1,0,1,194,61,1.000000
fallback,35.0,206,1,1,0,1,195,61,1.000000
fallback,35.0,207,0,1,0,1,195,61,1.000000
fallback,35.0,208,1,0,1,1,196,62,1.000000
fallback,35.0,209,1,1,0,1,197,62,1.000000
fallback,35.0,210,1,0,1,1,198,63,1.000000
fallback,35.0,211,1,1,0,1,199,63,1.000000
fallback,35.0,212,1,1,0,1,200,63,1.000000
fallback,35.0,213,1,0,1,1,201,64,1.000000
fallback,35.0,214,1,1,0,1,202,64,1.000000
fallback,35.0,215,1,1,0,1,203,64,1.000000
fallback,35.0,216,1,0,1,1,204,65,1.000000
fallback,35.0,217,1,0,1,1,205,66,1.000000
fallback,35.0,218,1,1,0,1,206,66,1.000000
fallback,35.0,219,1,1,0,1,207,66,1.000000
fallback,35.0,220,1,1,0,1,208,66,1.000000
fallback,35.0,221,1,1,0,1,209,66,1.000000
fallback,35.0,222,1,0,1,1,210,67,1.000000
fallback,35.0,223,1,1,0,1,211,67,1.000000
fallback,35.0,224,1,1,0,1,212,67,1.000000
fallback,35.0,225,1,1,0,1,213,67,1.000000
fallback,35.0,226,1,1,0,1,214,67,1.000000
fallback,35.0,227,1,1,0,1,215,67,1.000000
fallback,35.0,228,1,1,0,1,216,67,1.000000
fallback,35.0,229,1,0,1,1,217,68,1.000000
fallback,35.0,230,1,0,1,1,218,69,1.000000
fallback,35.0,231,1,1,0,1,219,69,1.000000
fallback,35.0,232,1,0,1,1,220,70,1.000000
fallback,35.0,233,1,1,0,1,221,70,1.000000
fallback,35.0,234,1,1,0,1,222,70,1.000000
fallback,35.0,235,1,1,0,1,223,70,1.000000
fallback,35.0,236,1,1,0,1,224,70,1.000000
fallback,35.0,237,1,0,1,1,225,71,1.000000
fallback,35.0,238,1,1,0,1,226,71,1.000000
fallback,35.0,239,1,0,1,1,227,72,1.000000
fallback,35.0,240,1,1,0,1,228,72,1.000000
fallback,35.0,241,1,0,1,1,229,73,1.000000
fallback,35.0,242,1,0,1,1,230,74,1.000000
fallback,35.0,243,1,1,0,1,231,74,1.000000
fallback,35.0,244,1,1,0,1,232,74,1.000000
fallback,35.0,245,1,0,1,1,233,75,1.000000
fallback,35.0,246,1,0,1,1,234,76,1.000000
fallback,35.0,247,1,1,0,1,235,76,1.000000
fallback,35.0,248,1,1,0,1,236,76,1.000000
fallback,35.0,249,1,0,1,1,237,77,1.000000
fallback,35.0,250,1,1,0,1,238,77,1.000000
fallback,35.0,251,1,1,0,1,239,77,1.000000
fallback,35.0,252,1,1,0,1,240,77,1.000000
fallback,35.0,253,0,1,0,1,240,77,1.000000
fallback,35.0,254,1,0,1,1,241,78,1.000000
fallback,35.0,255,1,0,1,1,242,79,1.000000
fallback,35.0,256,1,1,0,1,243,79,1.000000
fallback,35.0,257,1,1,0,1,244,79,1.000000
fallback,35.0,258,1,1,0,1,245,79,1.000000
fallback,35.0,259,0,1,0,1,245,79,1.000000
fallback,35.0,260,1,0,1,1,246,80,1.000000
fallback,35.0,261,1,1,0,1,247,80,1.000000
fallback,35.0,262,1,1,0,1,248,80,1.000000
fallback,35.0,263,1,1,0,1,249,80,1.000000
fallback,35.0,264,1,1,0,1,250,80,1.000000
fallback,35.0,265,1,0,1,1,251,81,1.000000
fallback,35.0,266,1,1,0,1,252,81,1.000000
fallback,35.0,267,1,1,0,1,253,81,1.000000
fallback,35.0,268,1,1,0,1,254,81,1.000000
fallback,35.0,269,1,1,0,1,255,81,1.000000
fallback,35.0,270,1,1,0,1,256,81,1.000000
fallback,35.0,271,1,1,0,1,257,81,1.000000
fallback,35.0,272,0,1,0,1,257,81,1.000000
fallback,35.0,273,1,1,0,1,258,81,1.000000
fallback,35.0,274,1,0,1,1,259,82,1.000000
fallback,35.0,275,1,1,0,1,260,82,1.000000
fallback,35.0,276,1,0,1,1,261,83,1.000000
fallback,35.0,277,1,1,0,1,262,83,1.000000
fallback,35.0,278,1,0,1,1,263,84,1.000000
fallback,35.0,279,1,1,0,1,264,84,1.000000
fallback,35.0,280,1,1,0,1,265,84,1.000000
fallback,35.0,281,1,0,1,1,266,85,1.000000
fallback,35.0,282,1,0,1,1,267,86,1.000000
fallback,35.0,283,1,0,1,1,268,87,1.000000
fallback,35.0,284,1,1,0,1,269,87,1.000000
fallback,35.0,285,1,1,0,1,270,87,1.000000
fallback,35.0,286,1,1,0,1,271,87,1.000000
fallback,35.0,287,1,0,1,1,272,88,1.000000
fallback,35.0,288,1,0,1,1,273,89,1.000000
fallback,35.0,289,1,1,0,1,274,89,1.000000
fallback,35.0,290,1,1,0,1,275,89,1.000000
fallback,35.0,291,1,1,0,1,276,89,1.000000
fallback,35.0,292,1,1,0,1,277,89,1.000000
fallback,35.0,293,1,1,0,1,278,89,1.000000
fallback,35.0,294,1,1,0,1,279,89,1.000000
fallback,35.0,295,0,0,0,1,279,89,1.000000
fallback,35.0,296,1,1,0,1,280,89,1.000000
fallback,35.0,297,1,0,1,1,281,90,1.000000
fallback,35.0,298,1,0,1,1,282,91,1.000000
fallback,35.0,299,1,0,1,1,283,92,1.000000
fallback,35.0,300,1,1,0,1,284,92,1.000000
fallback,35.0,301,1,1,0,1,285,92,1.000000
fallback,35.0,302,1,1,0,1,286,92,1.000000
fallback,35.0,303,1,1,0,1,287,92,1.000000
fallback,35.0,304,1,1,0,1,288,92,1.000000
fallback,35.0,305,1,0,1,1,289,93,1.000000
fallback,35.0,306,1,0,1,1,290,94,1.000000
fallback,35.0,307,1,1,0,1,291,94,1.000000
fallback,35.0,308,1,1,0,1,292,94,1.000000
fallback,35.0,309,1,1,0,1,293,94,1.000000
fallback,35.0,310,1,1,0,1,294,94,1.000000
fallback,35.0,311,1,0,1,1,295,95,1.000000
fallback,35.0,312,1,1,0,1,296,95,1.000000
fallback,35.0,313,1,0,1,1,297,96,1.000000
fallback,35.0,314,1,1,0,1,298,96,1.000000
fallback,35.0,315,1,0,1,1,299,97,1.000000
fallback,35.0,316,1,1,0,1,300,97,1.000000
fallback,35.0,317,1,1,0,1,301,97,1.000000
fallback,35.0,318,1,0,1,1,302,98,1.000000
fallback,35.0,319,1,0,1,1,303,99,1.000000
fallback,35.0,320,1,1,0,1,304,99,1.000000
fallback,35.0,321,1,0,1,1,305,100,1.000000
fallback,35.0,322,1,1,0,1,306,100,1.000000
fallback,35.0,323,1,1,0,1,307,100,1.000000
fallback,35.0,324,1,1,0,1,308,100,1.000000
fallback,35.0,325,1,1,0,1,309,100,1.000000
fallback,35.0,326,1,0,1,1,310,101,1.000000
fallback,35.0,327,1,1,0,1,311,101,1.000000
fallback,35.0,328,0,1,0,1,311,101,1.000000
fallback,35.0,329,1,1,0,1,312,101,1.000000
fallback,35.0,330,1,1,0,1,313,101,1.000000
fallback,35.0,331,1,0,1,1,314,102,1.000000
fallback,35.0,332,1,1,0,1,315,102,1.000000
fallback,35.0,333,1,1,0,1,316,102,1.000000
fallback,35.0,334,1,1,0,1,317,102,1.000000
fallback,35.0,335,1,1,0,1,318,102,1.000000
fallback,35.0,336,1,0,1,1,319,103,1.000000
fallback,35.0,337,1,1,0,1,320,103,1.000000
fallback,35.0,338,1,1,0,1,321,103,1.000000
fallback,35.0,339,1,0,1,1,322,104,1.000000
fallback,35.0,340,1,1,0,1,323,104,1.000000
fallback,35.0,341,1,1,0,1,324,104,1.000000
fallback,35.0,342,0,1,0,1,324,104,1.000000
fallback,35.0,343,1,0,1,1,325,105,1.000000
fallback,35.0,344,1,1,0,1,326,105,1.000000
fallback,35.0,345,1,1,0,1,327,105,1.000000
fallback,35.0,346,1,1,0,1,328,105,1.000000
fallback,35.0,347,1,0,1,1,329,106,1.000000
fallback,35.0,348,1,1,0,1,330,106,1.000000
fallback,35.0,349,1,1,0,1,331,106,1.000000
fallback,35.0,350,1,1,0,1,332,106,1.000000
fallback,35.0,351,1,1,0,1,333,106,1.000000
fallback,35.0,352,1,1,0,1,334,106,1.000000
fallback,35.0,353,1,1,0,1,335,106,1.000000
fallback,35.0,354,1,1,0,1,336,106,1.000000
fallback,35.0,355,1,1,0,1,337,106,1.000000
fallback,35.0,356,1,1,0,1,338,106,1.000000
fallback,35.0,357,1,0,1,1,339,107,1.000000
fallback,35.0,358,1,1,0,1,340,107,1.000000
fallback,35.0,359,1,0,1,1,341,108,1.000000
fallback,35.0,360,1,1,0,1,342,108,1.000000
fallback,35.0,361,1,1,0,1,343,108,1.000000
fallback,35.0,362,1,0,1,1,344,109,1.000000
fallback,35.0,363,1,1,0,1,345,109,1.000000
fallback,35.0,364,1,0,1,1,346,110,1.000000
fallback,35.0,365,0,0,0,1,346,110,1.000000
fallback,35.0,366,1,1,0,1,347,110,1.000000
fallback,35.0,367,1,1,0,1,348,110,1.000000
fallback,35.0,368,1,1,0,1,349,110,1.000000
fallback,35.0,369,1,1,0,1,350,110,1.000000
fallback,35.0,370,1,0,1,1,351,111,1.000000
fallback,35.0,371,0,1,0,1,351,111,1.000000
fallback,35.0,372,1,0,1,1,352,112,1.000000
fallback,35.0,373,1,0,1,1,353,113,1.000000
fallback,35.0,374,1,0,1,1,354,114,1.000000
fallback,35.0,375,1,0,1,1,355,115,1.000000
fallback,35.0,376,1,1,0,1,356,115,1.000000
fallback,35.0,377,1,1,0,1,357,115,1.000000
fallback,35.0,378,1,0,1,1,358,116,1.000000
fallback,35.0,379,0,0,0,1,358,116,1.000000
fallback,35.0,380,1,0,1,1,359,117,1.000000
fallback,35.0,381,1,0,1,1,360,118,1.000000
fallback,35.0,382,1,1,0,1,361,118,1.000000
fallback,35.0,383,1,1,0,1,362,118,1.000000
fallback,35.0,384,1,0,1,1,363,119,1.000000
fallback,35.0,385,1,0,1,1,364,120,1.000000
fallback,35.0,386,1,1,0,1,365,120,1.000000
fallback,35.0,387,1,0,1,1,366,121,1.000000
fallback,35.0,388,1,1,0,1,367,121,1.000000
fallback,35.0,389,1,1,0,1,368,121,1.000000
fallback,35.0,390,1,1,0,1,369,121,1.000000
fallback,35.0,391,0,0,0,1,369,121,1.000000
fallback,35.0,392,1,1,0,1,370,121,1.000000
fallback,35.0,393,1,1,0,1,371,121,1.000000
fallback,35.0,394,1,1,0,1,372,121,1.000000
fallback,35.0,395,1,1,0,1,373,121,1.000000
fallback,35.0,396,1,0,1,1,374,122,1.000000
fallback,35.0,397,1,1,0,1,375,122,1.000000
fallback,35.0,398,1,1,0,1,376,122,1.000000
fallback,35.0,399,1,1,0,1,377,122,1.000000
fallback,35.0,400,1,1,0,1,378,122,1.000000
fallback,40.0,1,1,1,0,0,1,0,0.000000
fallback,40.0,2,1,0,1,1,2,1,0.750000
fallback,40.0,3,1,1,0,1,3,1,0.703704
fallback,40.0,4,1,1,0,1,4,1,0.683594
fallback,40.0,5,1,0,1,1,5,2,0.922240
fallback,40.0,6,1,1,0,1,6,2,0.912209
fallback,40.0,7,1,1,0,1,7,2,0.905135
fallback,40.0,8,1,0,1,1,8,3,0.976717
fallback,40.0,9,1,1,0,1,9,3,0.973988
fallback,40.0,10,1,1,0,1,10,3,0.971752
fallback,40.0,11,1,1,0,1,11,3,0.969893
fallback,40.0,12,1,0,1,1,12,4,0.992293
fallback,40.0,13,1,0,1,1,13,5,0.998185
fallback,40.0,14,1,0,1,1,14,6,0.999604
fallback,40.0,15,1,1,0,1,15,6,0.999530
fallback,40.0,16,1,0,1,1,16,7,0.999900
fallback,40.0,17,1,0,1,1,17,8,0.999980
fallback,40.0,18,1,1,0,1,18,8,0.999975
fallback,40.0,19,1,1,0,1,19,8,0.999969
fallback,40.0,20,1,1,0,1,20,8,0.999963
fallback,40.0,21,1,1,0,1,21,8,0.999958
fallback,40.0,22,1,0,1,1,22,9,0.999991
fallback,40.0,23,1,1,0,1,23,9,0.999989
fallback,40.0,24,1,1,0,1,24,9,0.999987
fallback,40.0,25,1,0,1,1,25,10,0.999997
fallback,40.0,26,1,0,1,1,26,11,0.999999
fallback,40.0,27,1,0,1,1,27,12,1.000000
fallback,40.0,28,1,0,1,1,28,13,1.000000
fallback,40.0,29,1,1,0,1,29,13,1.000000
fallback,40.0,30,1,1,0,1,30,13,1.000000
fallback,40.0,31,1,0,1,1,31,14,1.000000
fallback,40.0,32,1,1,0,1,32,14,1.000000
fallback,40.0,33,1,0,1,1,33,15,1.000000
fallback,40.0,34,1,0,1,1,34,16,1.000000
fallback,40.0,35,1,0,1,1,35,17,1.000000
fallback,40.0,36,1,1,0,1,36,17,1.000000
fallback,40.0,37,1,0,1,1,37,18,1.000000
fallback,40.0,38,1,0,1,1,38,19,1.000000
fallback,40.0,39,1,1,0,1,39,19,1.000000
fallback,40.0,40,1,1,0,1,40,19,1.000000
fallback,40.0,41,1,0,1,1,41,20,1.000000
fallback,40.0,42,1,1,0,1,42,20,1.000000
fallback,40.0,43,1,0,1,1,43,21,1.000000
fallback,40.0,44,1,0,1,1,44,22,1.000000
fallback,40.0,45,1,1,0,1,45,22,1.000000
fallback,40.0,46,1,1,0,1,46,22,1.000000
fallback,40.0,47,1,1,0,1,47,22,1.000000
fallback,40.0,48,1,0,1,1,48,23,1.000000
fallback,40.0,49,1,0,1,1,49,24,1.000000
fallback,40.0,50,1,0,1,1,50,25,1.000000
fallback,40.0,51,1,0,1,1,51,26,1.000000
fallback,40.0,52,1,1,0,1,52,26,1.000000
fallback,40.0,53,1,1,0,1,53,26,1.000000
fallback,40.0,54,1,1,0,1,54,26,1.000000
fallback,40.0,55,1,1,0,1,55,26,1.000000
fallback,40.0,56,1,1,0,1,56,26,1.000000
fallback,40.0,57,1,1,0,1,57,26,1.000000
fallback,40.0,58,1,1,0,1,58,26,1.000000
fallback,40.0,59,1,0,1,1,59,27,1.000000
fallback,40.0,60,1,1,0,1,60,27,1.000000
fallback,40.0,61,1,1,0,1,61,27,1.000000
fallback,40.0,62,1,1,0,1,62,27,1.000000
fallback,40.0,63,1,1,0,1,63,27,1.000000
fallback,40.0,64,1,1,0,1,64,27,1.000000
fallback,40.0,65,1,0,1,1,65,28,1.000000
fallback,40.0,66,1,0,1,1,66,29,1.000000
fallback,40.0,67,1,1,0,1,67,29,1.000000
fallback,40.0,68,1,0,1,1,68,30,1.000000
fallback,40.0,69,1,0,1,1,69,31,1.000000
fallback,40.0,70,1,1,0,1,70,31,1.000000
fallback,40.0,71,1,0,1,1,71,32,1.000000
fallback,40.0,72,1,0,1,1,72,33,1.000000
fallback,40.0,73,1,0,1,1,73,34,1.000000
fallback,40.0,74,1,0,1,1,74,35,1.000000
fallback,40.0,75,1,0,1,1,75,36,1.000000
fallback,40.0,76,0,0,0,1,75,36,1.000000
fallback,40.0,77,1,0,1,1,76,37,1.000000
fallback,40.0,78,1,0,1,1,77,38,1.000000
fallback,40.0,79,1,0,1,1,78,39,1.000000
fallback,40.0,80,1,0,1,1,79,40,1.000000
fallback,40.0,81,1,0,1,1,80,41,1.000000
fallback,40.0,82,1,0,1,1,81,42,1.000000
fallback,40.0,83,1,1,0,1,82,42,1.000000
fallback,40.0,84,1,1,0,1,83,42,1.000000
fallback,40.0,85,1,0,1,1,84,43,1.000000
fallback,40.0,86,1,0,1,1,85,44,1.000000
fallback,40.0,87,1,0,1,1,86,45,1.000000
fallback,40.0,88,1,0,1,1,87,46,1.000000
fallback,40.0,89,1,0,1,1,88,47,1.000000
fallback,40.0,90,1,0,1,1,89,48,1.000000
fallback,40.0,91,1,1,0,1,90,48,1.000000
fallback,40.0,92,1,0,1,1,91,49,1.000000
fallback,40.0,93,1,0,1,1,92,50,1.000000
fallback,40.0,94,1,0,1,1,93,51,1.000000
fallback,40.0,95,1,0,1,1,94,52,1.000000
fallback,40.0,96,1,1,0,1,95,52,1.000000
fallback,40.0,97,1,0,1,1,96,53,1.000000
fallback,40.0,98,1,1,0,1,97,53,1.000000
fallback,40.0,99,1,1,0,1,98,53,1.000000
fallback,40.0,100,1,1,0,1,99,53,1.000000
fallback,40.0,101,1,1,0,1,100,53,1.000000
fallback,40.0,102,1,0,1,1,101,54,1.000000
fallback,40.0,103,1,0,1,1,102,55,1.000000
fallback,40.0,104,0,0,0,1,102,55,1.000000
fallback,40.0,105,1,1,0,1,103,55,1.000000
fallback,40.0,106,1,0,1,1,104,56,1.000000
fallback,40.0,107,1,1,0,1,105,56,1.000000
fallback,40.0,108,0,0,0,1,105,56,1.000000
fallback,40.0,109,1,1,0,1,106,56,1.000000
fallback,40.0,110,1,1,0,1,107,56,1.000000
fallback,40.0,111,1,0,1,1,108,57,1.000000
fallback,40.0,112,1,0,1,1,109,58,1.000000
fallback,40.0,113,1,0,1,1,110,59,1.000000
fallback,40.0,114,1,0,1,1,111,60,1.000000
fallback,40.0,115,1,1,0,1,112,60,1.000000
fallback,40.0,116,1,0,1,1,113,61,1.000000
fallback,40.0,117,1,1,0,1,114,61,1.000000
fallback,40.0,118,1,0,1,1,115,62,1.000000
fallback,40.0,119,1,0,1,1,116,63,1.000000
fallback,40.0,120,1,1,0,1,117,63,1.000000
fallback,40.0,121,1,1,0,1,118,63,1.000000
fallback,40.0,122,1,1,0,1,119,63,1.000000
fallback,40.0,123,1,1,0,1,120,63,1.000000
fallback,40.0,124,1,1,0,1,121,63,1.000000
fallback,40.0,125,1,1,0,1,122,63,1.000000
fallback,40.0,126,1,1,0,1,123,63,1.000000
fallback,40.0,127,1,0,1,1,124,64,1.000000
fallback,40.0,128,0,1,0,1,124,64,1.000000
fallback,40.0,129,1,1,0,1,125,64,1.000000
fallback,40.0,130,1,1,0,1,126,64,1.000000
fallback,40.0,131,1,0,1,1,127,65,1.000000
fallback,40.0,132,1,0,1,1,128,66,1.000000
fallback,40.0,133,1,0,1,1,129,67,1.000000
fallback,40.0,134,1,1,0,1,130,67,1.000000
fallback,40.0,135,1,1,0,1,131,67,1.000000
fallback,40.0,136,1,1,0,1,132,67,1.000000
fallback,40.0,137,1,0,1,1,133,68,1.000000
fallback,40.0,138,1,1,0,1,134,68,1.000000
fallback,40.0,139,0,1,0,1,134,68,1.000000
fallback,40.0,140,1,1,0,1,135,68,1.000000
fallback,40.0,141,1,0,1,1,136,69,1.000000
fallback,40.0,142,1,0,1,1,137,70,1.000000
fallback,40.0,143,1,1,0,1,138,70,1.000000
fallback,40.0,144,1,0,1,1,139,71,1.000000
fallback,40.0,145,1,1,0,1,140,71,1.000000
fallback,40.0,146,1,1,0,1,141,71,1.000000
fallback,40.0,147,1,0,1,1,142,72,1.000000
fallback,40.0,148,1,1,0,1,143,72,1.000000
fallback,40.0,149,1,1,0,1,144,72,1.000000
fallback,40.0,150,1,1,0,1,145,72,1.000000
fallback,40.0,151,1,1,0,1,146,72,1.000000
fallback,40.0,152,1,1,0,1,147,72,1.000000
fallback,40.0,153,1,0,1,1,148,73,1.000000
fallback,40.0,154,1,0,1,1,149,74,1.000000
fallback,40.0,155,1,0,1,1,150,75,1.000000
fallback,40.0,156,1,0,1,1,151,76,1.000000
fallback,40.0,157,1,1,0,1,152,76,1.000000
fallback,40.0,158,1,1,0,1,153,76,1.000000
fallback,40.0,159,1,0,1,1,154,77,1.000000
fallback,40.0,160,1,1,0,1,155,77,1.000000
fallback,40.0,161,1,0,1,1,156,78,1.000000
fallback,40.0,162,1,1,0,1,157,78,1.000000
fallback,40.0,163,1,1,0,1,158,78,1.000000
fallback,40.0,164,1,1,0,1,159,78,1.000000
fallback,40.0,165,1,1,0,1,160,78,1.000000
fallback,40.0,166,1,1,0,1,161,78,1.000000
fallback,40.0,167,0,0,0,1,161,78,1.000000
fallback,40.0,168,1,0,1,1,162,79,1.000000
fallback,40.0,169,1,1,0,1,163,79,1.000000
fallback,40.0,170,1,1,0,1,164,79,1.000000
fallback,40.0,171,1,1,0,1,165,79,1.000000
fallback,40.0,172,1,1,0,1,166,79,1.000000
fallback,40.0,173,1,1,0,1,167,79,1.000000
fallback,40.0,174,1,0,1,1,168,80,1.000000
fallback,40.0,175,1,1,0,1,169,80,1.000000
fallback,40.0,176,1,0,1,1,170,81,1.000000
fallback,40.0,177,1,0,1,1,171,82,1.000000
fallback,40.0,178,1,0,1,1,172,83,1.000000
fallback,40.0,179,1,0,1,1,173,84,1.000000
fallback,40.0,180,1,1,0,1,174,84,1.000000
fallback,40.0,181,1,0,1,1,175,85,1.000000
fallback,40.0,182,1,1,0,1,176,85,1.000000
fallback,40.0,183,1,1,0,1,177,85,1.000000
fallback,40.0,184,1,0,1,1,178,86,1.000000
fallback,40.0,185,1,0,1,1,179,87,1.000000
fallback,40.0,186,1,0,1,1,180,88,1.000000
fallback,40.0,187,1,0,1,1,181,89,1.000000
fallback,40.0,188,1,1,0,1,182,89,1.000000
fallback,40.0,189,1,0,1,1,183,90,1.000000
fallback,40.0,190,1,0,1,1,184,91,1.000000
fallback,40.0,191,1,0,1,1,185,92,1.000000
fallback,40.0,192,1,1,0,1,186,92,1.000000
fallback,40.0,193,1,0,1,1,187,93,1.000000
fallback,40.0,194,1,0,1,1,188,94,1.000000
fallback,40.0,195,1,0,1,1,189,95,1.000000
fallback,40.0,196,1,1,0,1,190,95,1.000000
fallback,40.0,197,1,0,1,1,191,96,1.000000
fallback,40.0,198,1,0,1,1,192,97,1.000000
fallback,40.0,199,1,1,0,1,193,97,1.000000
fallback,40.0,200,1,1,0,1,194,97,1.000000
fallback,40.0,201,0,1,0,1,194,97,1.000000
fallback,40.0,202,1,0,1,1,195,98,1.000000
fallback,40.0,203,1,1,0,1,196,98,1.000000
fallback,40.0,204,1,1,0,1,197,98,1.000000
fallback,40.0,205,1,1,0,1,198,98,1.000000
fallback,40.0,206,1,1,0,1,199,98,1.000000
fallback,40.0,207,1,0,1,1,200,99,1.000000
fallback,40.0,208,1,1,0,1,201,99,1.000000
fallback,40.0,209,0,0,0,1,201,99,1.000000
fallback,40.0,210,1,0,1,1,202,100,1.000000
fallback,40.0,211,1,0,1,1,203,101,1.000000
fallback,40.0,212,1,0,1,1,204,102,1.000000
fallback,40.0,213,1,1,0,1,205,102,1.000000
fallback,40.0,214,1,0,1,1,206,103,1.000000
fallback,40.0,215,1,0,1,1,207,104,1.000000
fallback,40.0,216,1,0,1,1,208,105,1.000000
fallback,40.0,217,1,1,0,1,209,105,1.000000
fallback,40.0,218,1,0,1,1,210,106,1.000000
fallback,40.0,219,1,1,0,1,211,106,1.000000
fallback,40.0,220,1,1,0,1,212,106,1.000000
fallback,40.0,221,1,1,0,1,213,106,1.000000
fallback,40.0,222,1,1,0,1,214,106,1.000000
fallback,40.0,223,1,1,0,1,215,106,1.000000
fallback,40.0,224,1,1,0,1,216,106,1.000000
fallback,40.0,225,1,1,0,1,217,106,1.000000
fallback,40.0,226,1,1,0,1,218,106,1.000000
fallback,40.0,227,1,0,1,1,219,107,1.000000
fallback,40.0,228,1,1,0,1,220,107,1.000000
fallback,40.0,229,1,1,0,1,221,107,1.000000
fallback,40.0,230,1,1,0,1,222,107,1.000000
fallback,40.0,231,1,0,1,1,223,108,1.000000
fallback,40.0,232,1,0,1,1,224,109,1.000000
fallback,40.0,233,1,1,0,1,225,109,1.000000
fallback,40.0,234,1,0,1,1,226,110,1.000000
fallback,40.0,235,1,1,0,1,227,110,1.000000
fallback,40.0,236,1,0,1,1,228,111,1.000000
fallback,40.0,237,1,1,0,1,229,111,1.000000
fallback,40.0,238,1,0,1,1,230,112,1.000000
fallback,40.0,239,1,1,0,1,231,112,1.000000
fallback,40.0,240,1,1,0,1,232,112,1.000000
fallback,40.0,241,1,1,0,1,233,112,1.000000
fallback,40.0,242,1,0,1,1,234,113,1.000000
fallback,40.0,243,1,1,0,1,235,113,1.000000
fallback,40.0,244,1,1,0,1,236,113,1.000000
fallback,40.0,245,1,0,1,1,237,114,1.000000
fallback,40.0,246,1,1,0,1,238,114,1.000000
fallback,40.0,247,1,1,0,1,239,114,1.000000
fallback,40.0,248,1,1,0,1,240,114,1.000000
fallback,40.0,249,1,1,0,1,241,114,1.000000
fallback,40.0,250,1,0,1,1,242,115,1.000000
fallback,40.0,251,1,1,0,1,243,115,1.000000
fallback,40.0,252,1,1,0,1,244,115,1.000000
fallback,40.0,253,1,1,0,1,245,115,1.000000
fallback,40.0,254,1,1,0,1,246,115,1.000000
fallback,40.0,255,1,0,1,1,247,116,1.000000
fallback,40.0,256,1,0,1,1,248,117,1.000000
fallback,40.0,257,1,0,1,1,249,118,1.000000
fallback,40.0,258,1,1,0,1,250,118,1.000000
fallback,40.0,259,1,0,1,1,251,119,1.000000
fallback,40.0,260,1,1,0,1,252,119,1.000000
fallback,40.0,261,1,0,1,1,253,120,1.000000
fallback,40.0,262,1,1,0,1,254,120,1.000000
fallback,40.0,263,1,1,0,1,255,120,1.000000
fallback,40.0,264,1,1,0,1,256,120,1.000000
fallback,40.0,265,1,1,0,1,257,120,1.000000
fallback,40.0,266,1,0,1,1,258,121,1.000000
fallback,40.0,267,1,1,0,1,259,121,1.000000
fallback,40.0,268,1,0,1,1,260,122,1.000000
fallback,40.0,269,1,1,0,1,261,122,1.000000
fallback,40.0,270,1,1,0,1,262,122,1.000000
fallback,40.0,271,1,0,1,1,263,123,1.000000
fallback,40.0,272,1,0,1,1,264,124,1.000000
fallback,40.0,273,1,1,0,1,265,124,1.000000
fallback,40.0,274,1,1,0,1,266,124,1.000000
fallback,40.0,275,1,0,1,1,267,125,1.000000
fallback,40.0,276,1,1,0,1,268,125,1.000000
fallback,40.0,277,1,1,0,1,269,125,1.000000
fallback,40.0,278,1,0,1,1,270,126,1.000000
fallback,40.0,279,1,0,1,1,271,127,1.000000
fallback,40.0,280,1,0,1,1,272,128,1.000000
fallback,40.0,281,1,0,1,1,273,129,1.000000
fallback,40.0,282,1,1,0,1,274,129,1.000000
fallback,40.0,283,1,1,0,1,275,129,1.000000
fallback,40.0,284,1,1,0,1,276,129,1.000000
fallback,40.0,285,0,0,0,1,276,129,1.000000
fallback,40.0,286,1,1,0,1,277,129,1.000000
fallback,40.0,287,1,1,0,1,278,129,1.000000
fallback,40.0,288,1,1,0,1,279,129,1.000000
fallback,40.0,289,1,1,0,1,280,129,1.000000
fallback,40.0,290,1,1,0,1,281,129,1.000000
fallback,40.0,291,1,1,0,1,282,129,1.000000
fallback,40.0,292,1,1,0,1,283,129,1.000000
fallback,40.0,293,1,1,0,1,284,129,1.000000
fallback,40.0,294,1,0,1,1,285,130,1.000000
fallback,40.0,295,1,1,0,1,286,130,1.000000
fallback,40.0,296,1,0,1,1,287,131,1.000000
fallback,40.0,297,1,0,1,1,288,132,1.000000
fallback,40.0,298,1,0,1,1,289,133,1.000000
fallback,40.0,299,1,0,1,1,290,134,1.000000
fallback,40.0,300,1,0,1,1,291,135,1.000000
fallback,40.0,301,1,0,1,1,292,136,1.000000
fallback,40.0,302,0,0,0,1,292,136,1.000000
fallback,40.0,303,1,1,0,1,293,136,1.000000
fallback,40.0,304,1,0,1,1,294,137,1.000000
fallback,40.0,305,1,1,0,1,295,137,1.000000
fallback,40.0,306,1,0,1,1,296,138,1.000000
fallback,40.0,307,1,0,1,1,297,139,1.000000
fallback,40.0,308,1,1,0,1,298,139,1.000000
fallback,40.0,309,1,1,0,1,299,139,1.000000
fallback,40.0,310,1,1,0,1,300,139,1.000000
fallback,40.0,311,1,1,0,1,301,139,1.000000
fallback,40.0,312,1,0,1,1,302,140,1.000000
fallback,40.0,313,1,0,1,1,303,141,1.000000
fallback,40.0,314,1,0,1,1,304,142,1.000000
fallback,40.0,315,1,1,0,1,305,142,1.000000
fallback,40.0,316,1,0,1,1,306,143,1.000000
fallback,40.0,317,1,0,1,1,307,144,1.000000
fallback,40.0,318,1,1,0,1,308,144,1.000000
fallback,40.0,319,1,1,0,1,309,144,1.000000
fallback,40.0,320,1,1,0,1,310,144,1.000000
fallback,40.0,321,1,0,1,1,311,145,1.000000
fallback,40.0,322,1,1,0,1,312,145,1.000000
fallback,40.0,323,1,1,0,1,313,145,1.000000
fallback,40.0,324,1,0,1,1,314,146,1.000000
fallback,40.0,325,1,1,0,1,315,146,1.000000
fallback,40.0,326,1,0,1,1,316,147,1.000000
fallback,40.0,327,1,1,0,1,317,147,1.000000
fallback,40.0,328,1,0,1,1,318,148,1.000000
fallback,40.0,329,1,0,1,1,319,149,1.000000
fallback,40.0,330,1,0,1,1,320,150,1.000000
fallback,40.0,331,1,0,1,1,321,151,1.000000
fallback,40.0,332,1,0,1,1,322,152,1.000000
fallback,40.0,333,1,0,1,1,323,153,1.000000
fallback,40.0,334,1,1,0,1,324,153,1.000000
fallback,40.0,335,1,0,1,1,325,154,1.000000
fallback,40.0,336,1,1,0,1,326,154,1.000000
fallback,40.0,337,1,1,0,1,327,154,1.000000
fallback,40.0,338,1,1,0,1,328,154,1.000000
fallback,40.0,339,1,1,0,1,329,154,1.000000
fallback,40.0,340,1,0,1,1,330,155,1.000000
fallback,40.0,341,1,1,0,1,331,155,1.000000
fallback,40.0,342,1,0,1,1,332,156,1.000000
fallback,40.0,343,1,1,0,1,333,156,1.000000
fallback,40.0,344,1,0,1,1,334,157,1.000000
fallback,40.0,345,0,1,0,1,334,157,1.000000
fallback,40.0,346,1,1,0,1,335,157,1.000000
fallback,40.0,347,1,1,0,1,336,157,1.000000
fallback,40.0,348,0,0,0,1,336,157,1.000000
fallback,40.0,349,1,1,0,1,337,157,1.000000
fallback,40.0,350,1,1,0,1,338,157,1.000000
fallback,40.0,351,1,0,1,1,339,158,1.000000
fallback,40.0,352,1,1,0,1,340,158,1.000000
fallback,40.0,353,1,0,1,1,341,159,1.000000
fallback,40.0,354,1,0,1,1,342,160,1.000000
fallback,40.0,355,1,0,1,1,343,161,1.000000
fallback,40.0,356,1,1,0,1,344,161,1.000000
fallback,40.0,357,1,0,1,1,345,162,1.000000
fallback,40.0,358,1,0,1,1,346,163,1.000000
fallback,40.0,359,1,1,0,1,347,163,1.000000
fallback,40.0,360,1,0,1,1,348,164,1.000000
fallback,40.0,361,1,1,0,1,349,164,1.000000
fallback,40.0,362,1,0,1,1,350,165,1.000000
fallback,40.0,363,1,0,1,1,351,166,1.000000
fallback,40.0,364,1,0,1,1,352,167,1.000000
fallback,40.0,365,1,0,1,1,353,168,1.000000
fallback,40.0,366,1,1,0,1,354,168,1.000000
fallback,40.0,367,1,0,1,1,355,169,1.000000
fallback,40.0,368,1,1,0,1,356,169,1.000000
fallback,40.0,369,1,0,1,1,357,170,1.000000
fallback,40.0,370,1,0,1,1,358,171,1.000000
fallback,40.0,371,1,0,1,1,359,172,1.000000
fallback,40.0,372,1,1,0,1,360,172,1.000000
fallback,40.0,373,1,1,0,1,361,172,1.000000
fallback,40.0,374,1,1,0,1,362,172,1.000000
fallback,40.0,375,1,1,0,1,363,172,1.000000
fallback,40.0,376,1,1,0,1,364,172,1.000000
fallback,40.0,377,1,1,0,1,365,172,1.000000
fallback,40.0,378,0,0,0,1,365,172,1.000000
fallback,40.0,379,1,1,0,1,366,172,1.000000
fallback,40.0,380,1,1,0,1,367,172,1.000000
fallback,40.0,381,1,0,1,1,368,173,1.000000
fallback,40.0,382,1,1,0,1,369,173,1.000000
fallback,40.0,383,1,0,1,1,370,174,1.000000
fallback,40.0,384,1,1,0,1,371,174,1.000000
fallback,40.0,385,0,0,0,1,371,174,1.000000
fallback,40.0,386,1,1,0,1,372,174,1.000000
fallback,40.0,387,1,0,1,1,373,175,1.000000
fallback,40.0,388,1,1,0,1,374,175,1.000000
fallback,40.0,389,1,1,0,1,375,175,1.000000
fallback,40.0,390,1,0,1,1,376,176,1.000000
fallback,40.0,391,1,0,1,1,377,177,1.000000
fallback,40.0,392,1,0,1,1,378,178,1.000000
fallback,40.0,393,1,1,0,1,379,178,1.000000
fallback,40.0,394,1,1,0,1,380,178,1.000000
fallback,40.0,395,1,1,0,1,381,178,1.000000
fallback,40.0,396,1,0,1,1,382,179,1.000000
fallback,40.0,397,1,0,1,1,383,180,1.000000
fallback,40.0,398,1,1,0,1,384,180,1.000000
fallback,40.0,399,1,1,0,1,385,180,1.000000
fallback,40.0,400,1,0,1,1,386,181,1.000000
fallback,45.0,1,1,0,1,1,1,1,1.000000
fallback,45.0,2,1,0,1,1,2,2,1.000000
fallback,45.0,3,1,0,1,1,3,3,1.000000
fallback,45.0,4,1,0,1,1,4,4,1.000000
fallback,45.0,5,1,1,0,1,5,4,0.999680
fallback,45.0,6,1,0,1,1,6,5,0.999979
fallback,45.0,7,1,1,0,1,7,5,0.999845
fallback,45.0,8,1,1,0,1,8,5,0.999609
fallback,45.0,9,1,0,1,1,9,6,0.999949
fallback,45.0,10,1,1,0,1,10,6,0.999895
fallback,45.0,11,1,1,0,1,11,6,0.999829
fallback,45.0,12,1,0,1,1,12,7,0.999973
fallback,45.0,13,1,0,1,1,13,8,0.999996
fallback,45.0,14,1,1,0,1,14,8,0.999993
fallback,45.0,15,1,1,0,1,15,8,0.999989
fallback,45.0,16,1,0,1,1,16,9,0.999998
fallback,45.0,17,1,1,0,1,17,9,0.999997
fallback,45.0,18,1,0,1,1,18,10,1.000000
fallback,45.0,19,1,1,0,1,19,10,0.999999
fallback,45.0,20,1,0,1,1,20,11,1.000000
fallback,45.0,21,1,0,1,1,21,12,1.000000
fallback,45.0,22,1,1,0,1,22,12,1.000000
fallback,45.0,23,1,0,1,1,23,13,1.000000
fallback,45.0,24,1,0,1,1,24,14,1.000000
fallback,45.0,25,1,1,0,1,25,14,1.000000
fallback,45.0,26,1,1,0,1,26,14,1.000000
fallback,45.0,27,1,1,0,1,27,14,1.000000
fallback,45.0,28,1,1,0,1,28,14,1.000000
fallback,45.0,29,1,1,0,1,29,14,1.000000
fallback,45.0,30,1,0,1,1,30,15,1.000000
fallback,45.0,31,1,1,0,1,31,15,1.000000
fallback,45.0,32,1,0,1,1,32,16,1.000000
fallback,45.0,33,1,1,0,1,33,16,1.000000
fallback,45.0,34,1,1,0,1,34,16,1.000000
fallback,45.0,35,1,0,1,1,35,17,1.000000
fallback,45.0,36,1,1,0,1,36,17,1.000000
fallback,45.0,37,1,0,1,1,37,18,1.000000
fallback,45.0,38,1,0,1,1,38,19,1.000000
fallback,45.0,39,1,0,1,1,39,20,1.000000
fallback,45.0,40,1,1,0,1,40,20,1.000000
fallback,45.0,41,1,0,1,1,41,21,1.000000
fallback,45.0,42,1,1,0,1,42,21,1.000000
fallback,45.0,43,1,0,1,1,43,22,1.000000
fallback,45.0,44,1,1,0,1,44,22,1.000000
fallback,45.0,45,1,0,1,1,45,23,1.000000
fallback,45.0,46,1,1,0,1,46,23,1.000000
fallback,45.0,47,1,0,1,1,47,24,1.000000
fallback,45.0,48,1,0,1,1,48,25,1.000000
fallback,45.0,49,1,0,1,1,49,26,1.000000
fallback,45.0,50,1,0,1,1,50,27,1.000000
fallback,45.0,51,1,0,1,1,51,28,1.000000
fallback,45.0,52,1,1,0,1,52,28,1.000000
fallback,45.0,53,1,0,1,1,53,29,1.000000
fallback,45.0,54,1,1,0,1,54,29,1.000000
fallback,45.0,55,1,1,0,1,55,29,1.000000
fallback,45.0,56,1,0,1,1,56,30,1.000000
fallback,45.0,57,1,0,1,1,57,31,1.000000
fallback,45.0,58,1,1,0,1,58,31,1.000000
fallback,45.0,59,1,0,1,1,59,32,1.000000
fallback,45.0,60,1,1,0,1,60,32,1.000000
fallback,45.0,61,1,1,0,1,61,32,1.000000
fallback,45.0,62,1,0,1,1,62,33,1.000000
fallback,45.0,63,1,0,1,1,63,34,1.000000
fallback,45.0,64,1,0,1,1,64,35,1.000000
fallback,45.0,65,1,0,1,1,65,36,1.000000
fallback,45.0,66,1,0,1,1,66,37,1.000000
fallback,45.0,67,1,0,1,1,67,38,1.000000
fallback,45.0,68,1,0,1,1,68,39,1.000000
fallback,45.0,69,1,1,0,1,69,39,1.000000
fallback,45.0,70,1,1,0,1,70,39,1.000000
fallback,45.0,71,1,0,1,1,71,40,1.000000
fallback,45.0,72,1,0,1,1,72,41,1.000000
fallback,45.0,73,1,0,1,1,73,42,1.000000
fallback,45.0,74,1,0,1,1,74,43,1.000000
fallback,45.0,75,1,0,1,1,75,44,1.000000
fallback,45.0,76,1,1,0,1,76,44,1.000000
fallback,45.0,77,1,0,1,1,77,45,1.000000
fallback,45.0,78,1,0,1,1,78,46,1.000000
fallback,45.0,79,1,1,0,1,79,46,1.000000
fallback,45.0,80,1,0,1,1,80,47,1.000000
fallback,45.0,81,1,1,0,1,81,47,1.000000
fallback,45.0,82,1,1,0,1,82,47,1.000000
fallback,45.0,83,1,1,0,1,83,47,1.000000
fallback,45.0,84,1,1,0,1,84,47,1.000000
fallback,45.0,85,1,0,1,1,85,48,1.000000
fallback,45.0,86,1,0,1,1,86,49,1.000000
fallback,45.0,87,1,1,0,1,87,49,1.000000
fallback,45.0,88,1,1,0,1,88,49,1.000000
fallback,45.0,89,1,1,0,1,89,49,1.000000
fallback,45.0,90,1,0,1,1,90,50,1.000000
fallback,45.0,91,1,0,1,1,91,51,1.000000
fallback,45.0,92,1,0,1,1,92,52,1.000000
fallback,45.0,93,1,1,0,1,93,52,1.000000
fallback,45.0,94,1,1,0,1,94,52,1.000000
fallback,45.0,95,1,1,0,1,95,52,1.000000
fallback,45.0,96,1,1,0,1,96,52,1.000000
fallback,45.0,97,1,0,1,1,97,53,1.000000
fallback,45.0,98,1,1,0,1,98,53,1.000000
fallback,45.0,99,1,0,1,1,99,54,1.000000
fallback,45.0,100,1,0,1,1,100,55,1.000000
fallback,45.0,101,1,0,1,1,101,56,1.000000
fallback,45.0,102,1,0,1,1,102,57,1.000000
fallback,45.0,103,1,1,0,1,103,57,1.000000
fallback,45.0,104,1,0,1,1,104,58,1.000000
fallback,45.0,105,1,1,0,1,105,58,1.000000
fallback,45.0,106,1,0,1,1,106,59,1.000000
fallback,45.0,107,1,1,0,1,107,59,1.000000
fallback,45.0,108,1,0,1,1,108,60,1.000000
fallback,45.0,109,1,0,1,1,109,61,1.000000
fallback,45.0,110,1,1,0,1,110,61,1.000000
fallback,45.0,111,1,0,1,1,111,62,1.000000
fallback,45.0,112,1,0,1,1,112,63,1.000000
fallback,45.0,113,1,0,1,1,113,64,1.000000
fallback,45.0,114,1,1,0,1,114,64,1.000000
fallback,45.0,115,1,0,1,1,115,65,1.000000
fallback,45.0,116,1,0,1,1,116,66,1.000000
fallback,45.0,117,1,1,0,1,117,66,1.000000
fallback,45.0,118,1,0,1,1,118,67,1.000000
fallback,45.0,119,1,1,0,1,119,67,1.000000
fallback,45.0,120,1,1,0,1,120,67,1.000000
fallback,45.0,121,1,1,0,1,121,67,1.000000
fallback,45.0,122,1,1,0,1,122,67,1.000000
fallback,45.0,123,1,1,0,1,123,67,1.000000
fallback,45.0,124,1,0,1,1,124,68,1.000000
fallback,45.0,125,1,0,1,1,125,69,1.000000
fallback,45.0,126,1,1,0,1,126,69,1.000000
fallback,45.0,127,1,1,0,1,127,69,1.000000
fallback,45.0,128,1,0,1,1,128,70,1.000000
fallback,45.0,129,1,0,1,1,129,71,1.000000
fallback,45.0,130,1,0,1,1,130,72,1.000000
fallback,45.0,131,1,0,1,1,131,73,1.000000
fallback,45.0,132,1,1,0,1,132,73,1.000000
fallback,45.0,133,1,0,1,1,133,74,1.000000
fallback,45.0,134,1,1,0,1,134,74,1.000000
fallback,45.0,135,1,0,1,1,135,75,1.000000
fallback,45.0,136,1,0,1,1,136,76,1.000000
fallback,45.0,137,1,0,1,1,137,77,1.000000
fallback,45.0,138,1,1,0,1,138,77,1.000000
fallback,45.0,139,1,0,1,1,139,78,1.000000
fallback,45.0,140,1,1,0,1,140,78,1.000000
fallback,45.0,141,1,0,1,1,141,79,1.000000
fallback,45.0,142,1,0,1,1,142,80,1.000000
fallback,45.0,143,1,0,1,1,143,81,1.000000
fallback,45.0,144,1,1,0,1,144,81,1.000000
fallback,45.0,145,1,1,0,1,145,81,1.000000
fallback,45.0,146,1,0,1,1,146,82,1.000000
fallback,45.0,147,1,0,1,1,147,83,1.000000
fallback,45.0,148,0,1,0,1,147,83,1.000000
fallback,45.0,149,1,1,0,1,148,83,1.000000
fallback,45.0,150,1,0,1,1,149,84,1.000000
fallback,45.0,151,1,1,0,1,150,84,1.000000
fallback,45.0,152,1,1,0,1,151,84,1.000000
fallback,45.0,153,1,0,1,1,152,85,1.000000
fallback,45.0,154,1,0,1,1,153,86,1.000000
fallback,45.0,155,1,1,0,1,154,86,1.000000
fallback,45.0,156,1,1,0,1,155,86,1.000000
fallback,45.0,157,1,0,1,1,156,87,1.000000
fallback,45.0,158,1,0,1,1,157,88,1.000000
fallback,45.0,159,1,0,1,1,158,89,1.000000
fallback,45.0,160,0,0,0,1,158,89,1.000000
fallback,45.0,161,1,0,1,1,159,90,1.000000
fallback,45.0,162,1,0,1,1,160,91,1.000000
fallback,45.0,163,1,1,0,1,161,91,1.000000
fallback,45.0,164,1,0,1,1,162,92,1.000000
fallback,45.0,165,1,0,1,1,163,93,1.000000
fallback,45.0,166,1,0,1,1,164,94,1.000000
fallback,45.0,167,1,1,0,1,165,94,1.000000
fallback,45.0,168,1,0,1,1,166,95,1.000000
fallback,45.0,169,1,0,1,1,167,96,1.000000
fallback,45.0,170,1,0,1,1,168,97,1.000000
fallback,45.0,171,1,0,1,1,169,98,1.000000
fallback,45.0,172,1,0,1,1,170,99,1.000000
fallback,45.0,173,1,0,1,1,171,100,1.000000
fallback,45.0,174,1,0,1,1,172,101,1.000000
fallback,45.0,175,1,1,0,1,173,101,1.000000
fallback,45.0,176,1,0,1,1,174,102,1.000000
fallback,45.0,177,1,1,0,1,175,102,1.000000
fallback,45.0,178,1,0,1,1,176,103,1.000000
fallback,45.0,179,1,1,0,1,177,103,1.000000
fallback,45.0,180,1,1,0,1,178,103,1.000000
fallback,45.0,181,1,1,0,1,179,103,1.000000
fallback,45.0,182,1,1,0,1,180,103,1.000000
fallback,45.0,183,1,0,1,1,181,104,1.000000
fallback,45.0,184,1,0,1,1,182,105,1.000000
fallback,45.0,185,1,1,0,1,183,105,1.000000
fallback,45.0,186,1,0,1,1,184,106,1.000000
fallback,45.0,187,1,0,1,1,185,107,1.000000
fallback,45.0,188,1,1,0,1,186,107,1.000000
fallback,45.0,189,1,1,0,1,187,107,1.000000
fallback,45.0,190,1,0,1,1,188,108,1.000000
fallback,45.0,191,1,1,0,1,189,108,1.000000
fallback,45.0,192,1,1,0,1,190,108,1.000000
fallback,45.0,193,1,0,1,1,191,109,1.000000
fallback,45.0,194,0,0,0,1,191,109,1.000000
fallback,45.0,195,1,0,1,1,192,110,1.000000
fallback,45.0,196,1,0,1,1,193,111,1.000000
fallback,45.0,197,1,0,1,1,194,112,1.000000
fallback,45.0,198,1,0,1,1,195,113,1.000000
fallback,45.0,199,1,0,1,1,196,114,1.000000
fallback,45.0,200,1,0,1,1,197,115,1.000000
fallback,45.0,201,1,0,1,1,198,116,1.000000
fallback,45.0,202,1,0,1,1,199,117,1.000000
fallback,45.0,203,1,0,1,1,200,118,1.000000
fallback,45.0,204,1,0,1,1,201,119,1.000000
fallback,45.0,205,1,1,0,1,202,119,1.000000
fallback,45.0,206,1,0,1,1,203,120,1.000000
fallback,45.0,207,1,1,0,1,204,120,1.000000
fallback,45.0,208,1,0,1,1,205,121,1.000000
fallback,45.0,209,1,1,0,1,206,121,1.000000
fallback,45.0,210,1,0,1,1,207,122,1.000000
fallback,45.0,211,1,0,1,1,208,123,1.000000
fallback,45.0,212,1,0,1,1,209,124,1.000000
fallback,45.0,213,1,0,1,1,210,125,1.000000
fallback,45.0,214,1,0,1,1,211,126,1.000000
fallback,45.0,215,1,0,1,1,212,127,1.000000
fallback,45.0,216,1,0,1,1,213,128,1.000000
fallback,45.0,217,1,1,0,1,214,128,1.000000
fallback,45.0,218,1,1,0,1,215,128,1.000000
fallback,45.0,219,0,0,0,1,215,128,1.000000
fallback,45.0,220,1,1,0,1,216,128,1.000000
fallback,45.0,221,1,0,1,1,217,129,1.000000
fallback,45.0,222,1,0,1,1,218,130,1.000000
fallback,45.0,223,1,1,0,1,219,130,1.000000
fallback,45.0,224,1,1,0,1,220,130,1.000000
fallback,45.0,225,1,1,0,1,221,130,1.000000
fallback,45.0,226,1,0,1,1,222,131,1.000000
fallback,45.0,227,1,0,1,1,223,132,1.000000
fallback,45.0,228,1,1,0,1,224,132,1.000000
fallback,45.0,229,1,0,1,1,225,133,1.000000
fallback,45.0,230,1,1,0,1,226,133,1.000000
fallback,45.0,231,1,0,1,1,227,134,1.000000
fallback,45.0,232,1,0,1,1,228,135,1.000000
fallback,45.0,233,1,0,1,1,229,136,1.000000
fallback,45.0,234,1,1,0,1,230,136,1.000000
fallback,45.0,235,1,0,1,1,231,137,1.000000
fallback,45.0,236,1,0,1,1,232,138,1.000000
fallback,45.0,237,1,1,0,1,233,138,1.000000
fallback,45.0,238,1,0,1,1,234,139,1.000000
fallback,45.0,239,1,1,0,1,235,139,1.000000
fallback,45.0,240,1,0,1,1,236,140,1.000000
fallback,45.0,241,1,0,1,1,237,141,1.000000
fallback,45.0,242,1,1,0,1,238,141,1.000000
fallback,45.0,243,1,1,0,1,239,141,1.000000
fallback,45.0,244,0,1,0,1,239,141,1.000000
fallback,45.0,245,0,1,0,1,239,141,1.000000
fallback,45.0,246,1,0,1,1,240,142,1.000000
fallback,45.0,247,1,0,1,1,241,143,1.000000
fallback,45.0,248,1,1,0,1,242,143,1.000000
fallback,45.0,249,1,1,0,1,243,143,1.000000
fallback,45.0,250,1,0,1,1,244,144,1.000000
fallback,45.0,251,1,1,0,1,245,144,1.000000
fallback,45.0,252,1,0,1,1,246,145,1.000000
fallback,45.0,253,1,0,1,1,247,146,1.000000
fallback,45.0,254,1,0,1,1,248,147,1.000000
fallback,45.0,255,1,0,1,1,249,148,1.000000
fallback,45.0,256,1,0,1,1,250,149,1.000000
fallback,45.0,257,1,0,1,1,251,150,1.000000
fallback,45.0,258,0,1,0,1,251,150,1.000000
fallback,45.0,259,1,0,1,1,252,151,1.000000
fallback,45.0,260,1,0,1,1,253,152,1.000000
fallback,45.0,261,1,1,0,1,254,152,1.000000
fallback,45.0,262,1,1,0,1,255,152,1.000000
fallback,45.0,263,1,0,1,1,256,153,1.000000
fallback,45.0,264,1,0,1,1,257,154,1.000000
fallback,45.0,265,1,0,1,1,258,155,1.000000
fallback,45.0,266,1,0,1,1,259,156,1.000000
fallback,45.0,267,1,0,1,1,260,157,1.000000
fallback,45.0,268,1,0,1,1,261,158,1.000000
fallback,45.0,269,1,0,1,1,262,159,1.000000
fallback,45.0,270,1,0,1,1,263,160,1.000000
fallback,45.0,271,1,0,1,1,264,161,1.000000
fallback,45.0,272,1,0,1,1,265,162,1.000000
fallback,45.0,273,1,0,1,1,266,163,1.000000
fallback,45.0,274,1,1,0,1,267,163,1.000000
fallback,45.0,275,1,1,0,1,268,163,1.000000
fallback,45.0,276,1,1,0,1,269,163,1.000000
fallback,45.0,277,1,1,0,1,270,163,1.000000
fallback,45.0,278,1,1,0,1,271,163,1.000000
fallback,45.0,279,1,0,1,1,272,164,1.000000
fallback,45.0,280,1,1,0,1,273,164,1.000000
fallback,45.0,281,1,1,0,1,274,164,1.000000
fallback,45.0,282,1,0,1,1,275,165,1.000000
fallback,45.0,283,1,0,1,1,276,166,1.000000
fallback,45.0,284,1,1,0,1,277,166,1.000000
fallback,45.0,285,1,0,1,1,278,167,1.000000
fallback,45.0,286,1,1,0,1,279,167,1.000000
fallback,45.0,287,1,0,1,1,280,168,1.000000
fallback,45.0,288,1,1,0,1,281,168,1.000000
fallback,45.0,289,1,0,1,1,282,169,1.000000
fallback,45.0,290,1,0,1,1,283,170,1.000000
fallback,45.0,291,1,1,0,1,284,170,1.000000
fallback,45.0,292,1,1,0,1,285,170,1.000000
fallback,45.0,293,1,1,0,1,286,170,1.000000
fallback,45.0,294,1,0,1,1,287,171,1.000000
fallback,45.0,295,1,0,1,1,288,172,1.000000
fallback,45.0,296,1,1,0,1,289,172,1.000000
fallback,45.0,297,1,1,0,1,290,172,1.000000
fallback,45.0,298,1,1,0,1,291,172,1.000000
fallback,45.0,299,1,1,0,1,292,172,1.000000
fallback,45.0,300,1,0,1,1,293,173,1.000000
fallback,45.0,301,1,1,0,1,294,173,1.000000
fallback,45.0,302,1,0,1,1,295,174,1.000000
fallback,45.0,303,1,0,1,1,296,175,1.000000
fallback,45.0,304,1,1,0,1,297,175,1.000000
fallback,45.0,305,1,0,1,1,298,176,1.000000
fallback,45.0,306,1,1,0,1,299,176,1.000000
fallback,45.0,307,0,0,0,1,299,176,1.000000
fallback,45.0,308,1,1,0,1,300,176,1.000000
fallback,45.0,309,1,1,0,1,301,176,1.000000
fallback,45.0,310,1,0,1,1,302,177,1.000000
fallback,45.0,311,1,0,1,1,303,178,1.000000
fallback,45.0,312,1,0,1,1,304,179,1.000000
fallback,45.0,313,1,1,0,1,305,179,1.000000
fallback,45.0,314,1,1,0,1,306,179,1.000000
fallback,45.0,315,0,1,0,1,306,179,1.000000
fallback,45.0,316,1,0,1,1,307,180,1.000000
fallback,45.0,317,1,0,1,1,308,181,1.000000
fallback,45.0,318,1,1,0,1,309,181,1.000000
fallback,45.0,319,1,0,1,1,310,182,1.000000
fallback,45.0,320,1,1,0,1,311,182,1.000000
fallback,45.0,321,1,0,1,1,312,183,1.000000
fallback,45.0,322,1,0,1,1,313,184,1.000000
fallback,45.0,323,1,1,0,1,314,184,1.000000
fallback,45.0,324,1,1,0,1,315,184,1.000000
fallback,45.0,325,1,0,1,1,316,185,1.000000
fallback,45.0,326,1,1,0,1,317,185,1.000000
fallback,45.0,327,1,0,1,1,318,186,1.000000
fallback,45.0,328,1,1,0,1,319,186,1.000000
fallback,45.0,329,1,1,0,1,320,186,1.000000
fallback,45.0,330,1,0,1,1,321,187,1.000000
fallback,45.0,331,1,1,0,1,322,187,1.000000
fallback,45.0,332,1,0,1,1,323,188,1.000000
fallback,45.0,333,1,0,1,1,324,189,1.000000
fallback,45.0,334,1,0,1,1,325,190,1.000000
fallback,45.0,335,1,0,1,1,326,191,1.000000
fallback,45.0,336,1,0,1,1,327,192,1.000000
fallback,45.0,337,1,0,1,1,328,193,1.000000
fallback,45.0,338,1,1,0,1,329,193,1.000000
fallback,45.0,339,1,0,1,1,330,194,1.000000
fallback,45.0,340,1,0,1,1,331,195,1.000000
fallback,45.0,341,1,1,0,1,332,195,1.000000
fallback,45.0,342,1,1,0,1,333,195,1.000000
fallback,45.0,343,1,1,0,1,334,195,1.000000
fallback,45.0,344,1,1,0,1,335,195,1.000000
fallback,45.0,345,1,0,1,1,336,196,1.000000
fallback,45.0,346,1,0,1,1,337,197,1.000000
fallback,45.0,347,1,1,0,1,338,197,1.000000
fallback,45.0,348,1,1,0,1,339,197,1.000000
fallback,45.0,349,1,0,1,1,340,198,1.000000
fallback,45.0,350,1,0,1,1,341,199,1.000000
fallback,45.0,351,1,0,1,1,342,200,1.000000
fallback,45.0,352,1,0,1,1,343,201,1.000000
fallback,45.0,353,1,0,1,1,344,202,1.000000
fallback,45.0,354,1,1,0,1,345,202,1.000000
fallback,45.0,355,1,0,1,1,346,203,1.000000
fallback,45.0,356,1,0,1,1,347,204,1.000000
fallback,45.0,357,1,0,1,1,348,205,1.000000
fallback,45.0,358,1,0,1,1,349,206,1.000000
fallback,45.0,359,1,0,1,1,350,207,1.000000
fallback,45.0,360,1,0,1,1,351,208,1.000000
fallback,45.0,361,1,1,0,1,352,208,1.000000
fallback,45.0,362,1,0,1,1,353,209,1.000000
fallback,45.0,363,1,0,1,1,354,210,1.000000
fallback,45.0,364,1,0,1,1,355,211,1.000000
fallback,45.0,365,1,0,1,1,356,212,1.000000
fallback,45.0,366,1,0,1,1,357,213,1.000000
fallback,45.0,367,1,0,1,1,358,214,1.000000
fallback,45.0,368,1,0,1,1,359,215,1.000000
fallback,45.0,369,1,0,1,1,360,216,1.000000
fallback,45.0,370,0,1,0,1,360,216,1.000000
fallback,45.0,371,1,0,1,1,361,217,1.000000
fallback,45.0,372,1,0,1,1,362,218,1.000000
fallback,45.0,373,1,0,1,1,363,219,1.000000
fallback,45.0,374,1,0,1,1,364,220,1.000000
fallback,45.0,375,1,1,0,1,365,220,1.000000
fallback,45.0,376,1,0,1,1,366,221,1.000000
fallback,45.0,377,1,0,1,1,367,222,1.000000
fallback,45.0,378,1,1,0,1,368,222,1.000000
fallback,45.0,379,1,0,1,1,369,223,1.000000
fallback,45.0,380,1,0,1,1,370,224,1.000000
fallback,45.0,381,1,1,0,1,371,224,1.000000
fallback,45.0,382,1,0,1,1,372,225,1.000000
fallback,45.0,383,1,0,1,1,373,226,1.000000
fallback,45.0,384,1,1,0,1,374,226,1.000000
fallback,45.0,385,1,1,0,1,375,226,1.000000
fallback,45.0,386,1,1,0,1,376,226,1.000000
fallback,45.0,387,1,0,1,1,377,227,1.000000
fallback,45.0,388,0,0,0,1,377,227,1.000000
fallback,45.0,389,1,0,1,1,378,228,1.000000
fallback,45.0,390,1,0,1,1,379,229,1.000000
fallback,45.0,391,1,0,1,1,380,230,1.000000
fallback,45.0,392,1,0,1,1,381,231,1.000000
fallback,45.0,393,1,1,0,1,382,231,1.000000
fallback,45.0,394,1,1,0,1,383,231,1.000000
fallback,45.0,395,1,1,0,1,384,231,1.000000
fallback,45.0,396,1,0,1,1,385,232,1.000000
fallback,45.0,397,1,0,1,1,386,233,1.000000
fallback,45.0,398,1,1,0,1,387,233,1.000000
fallback,45.0,399,1,1,0,1,388,233,1.000000
fallback,45.0,400,1,1,0,1,389,233,1.000000
fallback,50.0,1,1,1,0,0,1,0,0.000000
fallback,50.0,2,1,0,1,1,2,1,0.750000
fallback,50.0,3,1,1,0,1,3,1,0.703704
fallback,50.0,4,1,0,1,1,4,2,0.937500
fallback,50.0,5,1,0,1,1,5,3,0.989760
fallback,50.0,6,0,0,0,1,5,3,0.989760
fallback,50.0,7,1,0,1,1,6,4,0.998628
fallback,50.0,8,1,0,1,1,7,5,0.999845
fallback,50.0,9,1,1,0,1,8,5,0.999609
fallback,50.0,10,1,0,1,1,9,6,0.999949
fallback,50.0,11,1,1,0,1,10,6,0.999895
fallback,50.0,12,1,0,1,1,11,7,0.999985
fallback,50.0,13,1,0,1,1,12,8,0.999998
fallback,50.0,14,1,0,1,1,13,9,1.000000
fallback,50.0,15,1,0,1,1,14,10,1.000000
fallback,50.0,16,1,0,1,1,15,11,1.000000
fallback,50.0,17,1,0,1,1,16,12,1.000000
fallback,50.0,18,1,0,1,1,17,13,1.000000
fallback,50.0,19,1,0,1,1,18,14,1.000000
fallback,50.0,20,1,0,1,1,19,15,1.000000
fallback,50.0,21,1,0,1,1,20,16,1.000000
fallback,50.0,22,1,0,1,1,21,17,1.000000
fallback,50.0,23,1,1,0,1,22,17,1.000000
fallback,50.0,24,1,1,0,1,23,17,1.000000
fallback,50.0,25,1,0,1,1,24,18,1.000000
fallback,50.0,26,1,0,1,1,25,19,1.000000
fallback,50.0,27,1,1,0,1,26,19,1.000000
fallback,50.0,28,1,1,0,1,27,19,1.000000
fallback,50.0,29,1,1,0,1,28,19,1.000000
fallback,50.0,30,1,1,0,1,29,19,1.000000
fallback,50.0,31,1,0,1,1,30,20,1.000000
fallback,50.0,32,1,0,1,1,31,21,1.000000
fallback,50.0,33,1,1,0,1,32,21,1.000000
fallback,50.0,34,1,0,1,1,33,22,1.000000
fallback,50.0,35,1,0,1,1,34,23,1.000000
fallback,50.0,36,1,1,0,1,35,23,1.000000
fallback,50.0,37,1,1,0,1,36,23,1.000000
fallback,50.0,38,1,1,0,1,37,23,1.000000
fallback,50.0,39,1,0,1,1,38,24,1.000000
fallback,50.0,40,1,0,1,1,39,25,1.000000
fallback,50.0,41,1,0,1,1,40,26,1.000000
fallback,50.0,42,1,0,1,1,41,27,1.000000
fallback,50.0,43,1,0,1,1,42,28,1.000000
fallback,50.0,44,1,0,1,1,43,29,1.000000
fallback,50.0,45,1,0,1,1,44,30,1.000000
fallback,50.0,46,1,1,0,1,45,30,1.000000
fallback,50.0,47,1,0,1,1,46,31,1.000000
fallback,50.0,48,1,0,1,1,47,32,1.000000
fallback,50.0,49,1,0,1,1,48,33,1.000000
fallback,50.0,50,1,0,1,1,49,34,1.000000
fallback,50.0,51,1,0,1,1,50,35,1.000000
fallback,50.0,52,1,0,1,1,51,36,1.000000
fallback,50.0,53,1,0,1,1,52,37,1.000000
fallback,50.0,54,1,1,0,1,53,37,1.000000
fallback,50.0,55,1,0,1,1,54,38,1.000000
fallback,50.0,56,1,0,1,1,55,39,1.000000
fallback,50.0,57,1,0,1,1,56,40,1.000000
fallback,50.0,58,1,0,1,1,57,41,1.000000
fallback,50.0,59,1,0,1,1,58,42,1.000000
fallback,50.0,60,1,0,1,1,59,43,1.000000
fallback,50.0,61,1,0,1,1,60,44,1.000000
fallback,50.0,62,1,0,1,1,61,45,1.000000
fallback,50.0,63,1,0,1,1,62,46,1.000000
fallback,50.0,64,1,0,1,1,63,47,1.000000
fallback,50.0,65,0,1,0,1,63,47,1.000000
fallback,50.0,66,1,0,1,1,64,48,1.000000
fallback,50.0,67,1,0,1,1,65,49,1.000000
fallback,50.0,68,1,1,0,1,66,49,1.000000
fallback,50.0,69,1,0,1,1,67,50,1.000000
fallback,50.0,70,1,0,1,1,68,51,1.000000
fallback,50.0,71,1,0,1,1,69,52,1.000000
fallback,50.0,72,1,1,0,1,70,52,1.000000
fallback,50.0,73,1,1,0,1,71,52,1.000000
fallback,50.0,74,0,0,0,1,71,52,1.000000
fallback,50.0,75,1,0,1,1,72,53,1.000000
fallback,50.0,76,1,0,1,1,73,54,1.000000
fallback,50.0,77,1,0,1,1,74,55,1.000000
fallback,50.0,78,0,0,0,1,74,55,1.000000
fallback,50.0,79,1,0,1,1,75,56,1.000000
fallback,50.0,80,1,0,1,1,76,57,1.000000
fallback,50.0,81,1,0,1,1,77,58,1.000000
fallback,50.0,82,1,0,1,1,78,59,1.000000
fallback,50.0,83,1,1,0,1,79,59,1.000000
fallback,50.0,84,1,1,0,1,80,59,1.000000
fallback,50.0,85,1,0,1,1,81,60,1.000000
fallback,50.0,86,1,0,1,1,82,61,1.000000
fallback,50.0,87,1,0,1,1,83,62,1.000000
fallback,50.0,88,1,0,1,1,84,63,1.000000
fallback,50.0,89,1,0,1,1,85,64,1.000000
fallback,50.0,90,1,0,1,1,86,65,1.000000
fallback,50.0,91,1,0,1,1,87,66,1.000000
fallback,50.0,92,1,0,1,1,88,67,1.000000
fallback,50.0,93,1,0,1,1,89,68,1.000000
fallback,50.0,94,1,0,1,1,90,69,1.000000
fallback,50.0,95,1,0,1,1,91,70,1.000000
fallback,50.0,96,1,0,1,1,92,71,1.000000
fallback,50.0,97,1,0,1,1,93,72,1.000000
fallback,50.0,98,1,0,1,1,94,73,1.000000
fallback,50.0,99,1,1,0,1,95,73,1.000000
fallback,50.0,100,1,1,0,1,96,73,1.000000
fallback,50.0,101,1,0,1,1,97,74,1.000000
fallback,50.0,102,0,0,0,1,97,74,1.000000
fallback,50.0,103,1,0,1,1,98,75,1.000000
fallback,50.0,104,1,0,1,1,99,76,1.000000
fallback,50.0,105,1,1,0,1,100,76,1.000000
fallback,50.0,106,1,1,0,1,101,76,1.000000
fallback,50.0,107,1,0,1,1,102,77,1.000000
fallback,50.0,108,1,1,0,1,103,77,1.000000
fallback,50.0,109,1,0,1,1,104,78,1.000000
fallback,50.0,110,1,0,1,1,105,79,1.000000
fallback,50.0,111,1,1,0,1,106,79,1.000000
fallback,50.0,112,1,0,1,1,107,80,1.000000
fallback,50.0,113,1,1,0,1,108,80,1.000000
fallback,50.0,114,1,0,1,1,109,81,1.000000
fallback,50.0,115,0,1,0,1,109,81,1.000000
fallback,50.0,116,1,0,1,1,110,82,1.000000
fallback,50.0,117,1,0,1,1,111,83,1.000000
fallback,50.0,118,1,0,1,1,112,84,1.000000
fallback,50.0,119,1,1,0,1,113,84,1.000000
fallback,50.0,120,1,1,0,1,114,84,1.000000
fallback,50.0,121,1,0,1,1,115,85,1.000000
fallback,50.0,122,1,0,1,1,116,86,1.000000
fallback,50.0,123,1,0,1,1,117,87,1.000000
fallback,50.0,124,1,0,1,1,118,88,1.000000
fallback,50.0,125,1,0,1,1,119,89,1.000000
fallback,50.0,126,1,1,0,1,120,89,1.000000
fallback,50.0,127,1,0,1,1,121,90,1.000000
fallback,50.0,128,1,0,1,1,122,91,1.000000
fallback,50.0,129,1,0,1,1,123,92,1.000000
fallback,50.0,130,1,0,1,1,124,93,1.000000
fallback,50.0,131,1,0,1,1,125,94,1.000000
fallback,50.0,132,1,0,1,1,126,95,1.000000
fallback,50.0,133,1,1,0,1,127,95,1.000000
fallback,50.0,134,1,1,0,1,128,95,1.000000
fallback,50.0,135,1,0,1,1,129,96,1.000000
fallback,50.0,136,1,0,1,1,130,97,1.000000
fallback,50.0,137,1,0,1,1,131,98,1.000000
fallback,50.0,138,1,0,1,1,132,99,1.000000
fallback,50.0,139,1,0,1,1,133,100,1.000000
fallback,50.0,140,1,0,1,1,134,101,1.000000
fallback,50.0,141,1,0,1,1,135,102,1.000000
fallback,50.0,142,1,0,1,1,136,103,1.000000
fallback,50.0,143,1,1,0,1,137,103,1.000000
fallback,50.0,144,1,0,1,1,138,104,1.000000
fallback,50.0,145,1,0,1,1,139,105,1.000000
fallback,50.0,146,1,0,1,1,140,106,1.000000
fallback,50.0,147,1,0,1,1,141,107,1.000000
fallback,50.0,148,1,0,1,1,142,108,1.000000
fallback,50.0,149,1,0,1,1,143,109,1.000000
fallback,50.0,150,1,0,1,1,144,110,1.000000
fallback,50.0,151,1,0,1,1,145,111,1.000000
fallback,50.0,152,1,0,1,1,146,112,1.000000
fallback,50.0,153,1,0,1,1,147,113,1.000000
fallback,50.0,154,1,0,1,1,148,114,1.000000
fallback,50.0,155,1,0,1,1,149,115,1.000000
fallback,50.0,156,1,1,0,1,150,115,1.000000
fallback,50.0,157,1,1,0,1,151,115,1.000000
fallback,50.0,158,1,1,0,1,152,115,1.000000
fallback,50.0,159,1,1,0,1,153,115,1.000000
fallback,50.0,160,1,0,1,1,154,116,1.000000
fallback,50.0,161,1,0,1,1,155,117,1.000000
fallback,50.0,162,0,0,0,1,155,117,1.000000
fallback,50.0,163,1,0,1,1,156,118,1.000000
fallback,50.0,164,1,0,1,1,157,119,1.000000
fallback,50.0,165,1,1,0,1,158,119,1.000000
fallback,50.0,166,1,1,0,1,159,119,1.000000
fallback,50.0,167,1,0,1,1,160,120,1.000000
fallback,50.0,168,1,0,1,1,161,121,1.000000
fallback,50.0,169,1,0,1,1,162,122,1.000000
fallback,50.0,170,1,0,1,1,163,123,1.000000
fallback,50.0,171,1,1,0,1,164,123,1.000000
fallback,50.0,172,1,0,1,1,165,124,1.000000
fallback,50.0,173,1,1,0,1,166,124,1.000000
fallback,50.0,174,1,0,1,1,167,125,1.000000
fallback,50.0,175,1,0,1,1,168,126,1.000000
fallback,50.0,176,1,0,1,1,169,127,1.000000
fallback,50.0,177,1,0,1,1,170,128,1.000000
fallback,50.0,178,1,0,1,1,171,129,1.000000
fallback,50.0,179,1,0,1,1,172,130,1.000000
fallback,50.0,180,1,0,1,1,173,131,1.000000
fallback,50.0,181,1,0,1,1,174,132,1.000000
fallback,50.0,182,1,0,1,1,175,133,1.000000
fallback,50.0,183,1,0,1,1,176,134,1.000000
fallback,50.0,184,0,0,0,1,176,134,1.000000
fallback,50.0,185,1,0,1,1,177,135,1.000000
fallback,50.0,186,1,0,1,1,178,136,1.000000
fallback,50.0,187,1,0,1,1,179,137,1.000000
fallback,50.0,188,1,0,1,1,180,138,1.000000
fallback,50.0,189,1,0,1,1,181,139,1.000000
fallback,50.0,190,1,0,1,1,182,140,1.000000
fallback,50.0,191,1,0,1,1,183,141,1.000000
fallback,50.0,192,1,1,0,1,184,141,1.000000
fallback,50.0,193,1,0,1,1,185,142,1.000000
fallback,50.0,194,1,1,0,1,186,142,1.000000
fallback,50.0,195,1,0,1,1,187,143,1.000000
fallback,50.0,196,1,0,1,1,188,144,1.000000
fallback,50.0,197,1,0,1,1,189,145,1.000000
fallback,50.0,198,1,1,0,1,190,145,1.000000
fallback,50.0,199,1,0,1,1,191,146,1.000000
fallback,50.0,200,1,0,1,1,192,147,1.000000
fallback,50.0,201,1,1,0,1,193,147,1.000000
fallback,50.0,202,1,0,1,1,194,148,1.000000
fallback,50.0,203,1,0,1,1,195,149,1.000000
fallback,50.0,204,1,0,1,1,196,150,1.000000
fallback,50.0,205,1,1,0,1,197,150,1.000000
fallback,50.0,206,1,1,0,1,198,150,1.000000
fallback,50.0,207,1,0,1,1,199,151,1.000000
fallback,50.0,208,1,1,0,1,200,151,1.000000
fallback,50.0,209,1,0,1,1,201,152,1.000000
fallback,50.0,210,1,0,1,1,202,153,1.000000
fallback,50.0,211,1,0,1,1,203,154,1.000000
fallback,50.0,212,1,0,1,1,204,155,1.000000
fallback,50.0,213,1,1,0,1,205,155,1.000000
fallback,50.0,214,1,0,1,1,206,156,1.000000
fallback,50.0,215,1,0,1,1,207,157,1.000000
fallback,50.0,216,1,1,0,1,208,157,1.000000
fallback,50.0,217,0,0,0,1,208,157,1.000000
fallback,50.0,218,1,0,1,1,209,158,1.000000
fallback,50.0,219,1,1,0,1,210,158,1.000000
fallback,50.0,220,1,0,1,1,211,159,1.000000
fallback,50.0,221,1,0,1,1,212,160,1.000000
fallback,50.0,222,1,0,1,1,213,161,1.000000
fallback,50.0,223,0,0,0,1,213,161,1.000000
fallback,50.0,224,1,0,1,1,214,162,1.000000
fallback,50.0,225,1,0,1,1,215,163,1.000000
fallback,50.0,226,1,1,0,1,216,163,1.000000
fallback,50.0,227,1,1,0,1,217,163,1.000000
fallback,50.0,228,1,0,1,1,218,164,1.000000
fallback,50.0,229,1,1,0,1,219,164,1.000000
fallback,50.0,230,1,0,1,1,220,165,1.000000
fallback,50.0,231,1,0,1,1,221,166,1.000000
fallback,50.0,232,1,0,1,1,222,167,1.000000
fallback,50.0,233,1,0,1,1,223,168,1.000000
fallback,50.0,234,1,1,0,1,224,168,1.000000
fallback,50.0,235,1,0,1,1,225,169,1.000000
fallback,50.0,236,1,0,1,1,226,170,1.000000
fallback,50.0,237,1,1,0,1,227,170,1.000000
fallback,50.0,238,1,0,1,1,228,171,1.000000
fallback,50.0,239,1,0,1,1,229,172,1.000000
fallback,50.0,240,1,1,0,1,230,172,1.000000
fallback,50.0,241,1,0,1,1,231,173,1.000000
fallback,50.0,242,1,0,1,1,232,174,1.000000
fallback,50.0,243,1,0,1,1,233,175,1.000000
fallback,50.0,244,0,0,0,1,233,175,1.000000
fallback,50.0,245,0,0,0,1,233,175,1.000000
fallback,50.0,246,1,0,1,1,234,176,1.000000
fallback,50.0,247,1,1,0,1,235,176,1.000000
fallback,50.0,248,1,1,0,1,236,176,1.000000
fallback,50.0,249,1,0,1,1,237,177,1.000000
fallback,50.0,250,1,1,0,1,238,177,1.000000
fallback,50.0,251,1,0,1,1,239,178,1.000000
fallback,50.0,252,1,1,0,1,240,178,1.000000
fallback,50.0,253,1,1,0,1,241,178,1.000000
fallback,50.0,254,1,0,1,1,242,179,1.000000
fallback,50.0,255,1,0,1,1,243,180,1.000000
fallback,50.0,256,1,0,1,1,244,181,1.000000
fallback,50.0,257,1,0,1,1,245,182,1.000000
fallback,50.0,258,1,1,0,1,246,182,1.000000
fallback,50.0,259,1,0,1,1,247,183,1.000000
fallback,50.0,260,1,1,0,1,248,183,1.000000
fallback,50.0,261,0,0,0,1,248,183,1.000000
fallback,50.0,262,1,0,1,1,249,184,1.000000
fallback,50.0,263,1,0,1,1,250,185,1.000000
fallback,50.0,264,0,0,0,1,250,185,1.000000
fallback,50.0,265,1,0,1,1,251,186,1.000000
fallback,50.0,266,1,1,0,1,252,186,1.000000
fallback,50.0,267,1,0,1,1,253,187,1.000000
fallback,50.0,268,1,0,1,1,254,188,1.000000
fallback,50.0,269,1,0,1,1,255,189,1.000000
fallback,50.0,270,1,0,1,1,256,190,1.000000
fallback,50.0,271,0,0,0,1,256,190,1.000000
fallback,50.0,272,1,0,1,1,257,191,1.000000
fallback,50.0,273,1,1,0,1,258,191,1.000000
fallback,50.0,274,1,1,0,1,259,191,1.000000
fallback,50.0,275,1,0,1,1,260,192,1.000000
fallback,50.0,276,1,1,0,1,261,192,1.000000
fallback,50.0,277,1,0,1,1,262,193,1.000000
fallback,50.0,278,1,0,1,1,263,194,1.000000
fallback,50.0,279,1,1,0,1,264,194,1.000000
fallback,50.0,280,1,0,1,1,265,195,1.000000
fallback,50.0,281,1,0,1,1,266,196,1.000000
fallback,50.0,282,1,1,0,1,267,196,1.000000
fallback,50.0,283,1,0,1,1,268,197,1.000000
fallback,50.0,284,1,0,1,1,269,198,1.000000
fallback,50.0,285,1,0,1,1,270,199,1.000000
fallback,50.0,286,1,0,1,1,271,200,1.000000
fallback,50.0,287,1,0,1,1,272,201,1.000000
fallback,50.0,288,1,0,1,1,273,202,1.000000
fallback,50.0,289,1,0,1,1,274,203,1.000000
fallback,50.0,290,1,1,0,1,275,203,1.000000
fallback,50.0,291,1,0,1,1,276,204,1.000000
fallback,50.0,292,1,1,0,1,277,204,1.000000
fallback,50.0,293,1,1,0,1,278,204,1.000000
fallback,50.0,294,1,0,1,1,279,205,1.000000
fallback,50.0,295,1,0,1,1,280,206,1.000000
fallback,50.0,296,1,0,1,1,281,207,1.000000
fallback,50.0,297,1,0,1,1,282,208,1.000000
fallback,50.0,298,1,1,0,1,283,208,1.000000
fallback,50.0,299,1,1,0,1,284,208,1.000000
fallback,50.0,300,1,0,1,1,285,209,1.000000
fallback,50.0,301,1,0,1,1,286,210,1.000000
fallback,50.0,302,1,1,0,1,287,210,1.000000
fallback,50.0,303,1,1,0,1,288,210,1.000000
fallback,50.0,304,1,0,1,1,289,211,1.000000
fallback,50.0,305,1,0,1,1,290,212,1.000000
fallback,50.0,306,1,1,0,1,291,212,1.000000
fallback,50.0,307,1,0,1,1,292,213,1.000000
fallback,50.0,308,1,0,1,1,293,214,1.000000
fallback,50.0,309,0,1,0,1,293,214,1.000000
fallback,50.0,310,1,0,1,1,294,215,1.000000
fallback,50.0,311,1,0,1,1,295,216,1.000000
fallback,50.0,312,1,0,1,1,296,217,1.000000
fallback,50.0,313,1,0,1,1,297,218,1.000000
fallback,50.0,314,1,0,1,1,298,219,1.000000
fallback,50.0,315,1,0,1,1,299,220,1.000000
fallback,50.0,316,1,1,0,1,300,220,1.000000
fallback,50.0,317,1,1,0,1,301,220,1.000000
fallback,50.0,318,1,0,1,1,302,221,1.000000
fallback,50.0,319,1,1,0,1,303,221,1.000000
fallback,50.0,320,1,0,1,1,304,222,1.000000
fallback,50.0,321,1,0,1,1,305,223,1.000000
fallback,50.0,322,1,0,1,1,306,224,1.000000
fallback,50.0,323,1,1,0,1,307,224,1.000000
fallback,50.0,324,1,0,1,1,308,225,1.000000
fallback,50.0,325,1,0,1,1,309,226,1.000000
fallback,50.0,326,1,0,1,1,310,227,1.000000
fallback,50.0,327,1,0,1,1,311,228,1.000000
fallback,50.0,328,1,1,0,1,312,228,1.000000
fallback,50.0,329,1,0,1,1,313,229,1.000000
fallback,50.0,330,1,0,1,1,314,230,1.000000
fallback,50.0,331,1,0,1,1,315,231,1.000000
fallback,50.0,332,1,0,1,1,316,232,1.000000
fallback,50.0,333,1,1,0,1,317,232,1.000000
fallback,50.0,334,1,1,0,1,318,232,1.000000
fallback,50.0,335,1,0,1,1,319,233,1.000000
fallback,50.0,336,1,1,0,1,320,233,1.000000
fallback,50.0,337,1,0,1,1,321,234,1.000000
fallback,50.0,338,1,0,1,1,322,235,1.000000
fallback,50.0,339,1,1,0,1,323,235,1.000000
fallback,50.0,340,1,0,1,1,324,236,1.000000
fallback,50.0,341,1,0,1,1,325,237,1.000000
fallback,50.0,342,1,1,0,1,326,237,1.000000
fallback,50.0,343,1,1,0,1,327,237,1.000000
fallback,50.0,344,1,0,1,1,328,238,1.000000
fallback,50.0,345,0,1,0,1,328,238,1.000000
fallback,50.0,346,1,0,1,1,329,239,1.000000
fallback,50.0,347,1,0,1,1,330,240,1.000000
fallback,50.0,348,1,0,1,1,331,241,1.000000
fallback,50.0,349,1,0,1,1,332,242,1.000000
fallback,50.0,350,1,0,1,1,333,243,1.000000
fallback,50.0,351,1,0,1,1,334,244,1.000000
fallback,50.0,352,1,0,1,1,335,245,1.000000
fallback,50.0,353,1,0,1,1,336,246,1.000000
fallback,50.0,354,1,0,1,1,337,247,1.000000
fallback,50.0,355,1,1,0,1,338,247,1.000000
fallback,50.0,356,1,0,1,1,339,248,1.000000
fallback,50.0,357,1,1,0,1,340,248,1.000000
fallback,50.0,358,1,1,0,1,341,248,1.000000
fallback,50.0,359,1,0,1,1,342,249,1.000000
fallback,50.0,360,1,1,0,1,343,249,1.000000
fallback,50.0,361,1,0,1,1,344,250,1.000000
fallback,50.0,362,1,0,1,1,345,251,1.000000
fallback,50.0,363,1,0,1,1,346,252,1.000000
fallback,50.0,364,1,0,1,1,347,253,1.000000
fallback,50.0,365,1,0,1,1,348,254,1.000000
fallback,50.0,366,1,1,0,1,349,254,1.000000
fallback,50.0,367,1,1,0,1,350,254,1.000000
fallback,50.0,368,1,0,1,1,351,255,1.000000
fallback,50.0,369,1,0,1,1,352,256,1.000000
fallback,50.0,370,1,0,1,1,353,257,1.000000
fallback,50.0,371,1,1,0,1,354,257,1.000000
fallback,50.0,372,1,1,0,1,355,257,1.000000
fallback,50.0,373,1,1,0,1,356,257,1.000000
fallback,50.0,374,1,1,0,1,357,257,1.000000
fallback,50.0,375,1,0,1,1,358,258,1.000000
fallback,50.0,376,1,1,0,1,359,258,1.000000
fallback,50.0,377,1,0,1,1,360,259,1.000000
fallback,50.0,378,1,0,1,1,361,260,1.000000
fallback,50.0,379,1,1,0,1,362,260,1.000000
fallback,50.0,380,1,0,1,1,363,261,1.000000
fallback,50.0,381,1,1,0,1,364,261,1.000000
fallback,50.0,382,1,0,1,1,365,262,1.000000
fallback,50.0,383,1,1,0,1,366,262,1.000000
fallback,50.0,384,1,0,1,1,367,263,1.000000
fallback,50.0,385,1,1,0,1,368,263,1.000000
fallback,50.0,386,0,1,0,1,368,263,1.000000
fallback,50.0,387,1,0,1,1,369,264,1.000000
fallback,50.0,388,1,0,1,1,370,265,1.000000
fallback,50.0,389,1,0,1,1,371,266,1.000000
fallback,50.0,390,1,1,0,1,372,266,1.000000
fallback,50.0,391,1,0,1,1,373,267,1.000000
fallback,50.0,392,1,0,1,1,374,268,1.000000
fallback,50.0,393,1,0,1,1,375,269,1.000000
fallback,50.0,394,1,0,1,1,376,270,1.000000
fallback,50.0,395,1,0,1,1,377,271,1.000000
fallback,50.0,396,1,1,0,1,378,271,1.000000
fallback,50.0,397,1,0,1,1,379,272,1.000000
fallback,50.0,398,1,0,1,1,380,273,1.000000
fallback,50.0,399,1,0,1,1,381,274,1.000000
fallback,50.0,400,1,0,1,1,382,275,1.000000
fallback,55.0,1,1,1,0,0,1,0,0.000000
fallback,55.0,2,1,0,1,1,2,1,0.750000
fallback,55.0,3,1,0,1,1,3,2,0.962963
fallback,55.0,4,1,0,1,1,4,3,0.996094
fallback,55.0,5,1,0,1,1,5,4,0.999680
fallback,55.0,6,1,0,1,1,6,5,0.999979
fallback,55.0,7,1,0,1,1,7,6,0.999999
fallback,55.0,8,1,1,0,1,8,6,0.999985
fallback,55.0,9,1,0,1,1,9,7,0.999999
fallback,55.0,10,1,1,0,1,10,7,0.999994
fallback,55.0,11,1,1,0,1,11,7,0.999985
fallback,55.0,12,1,0,1,1,12,8,0.999998
fallback,55.0,13,1,0,1,1,13,9,1.000000
fallback,55.0,14,1,0,1,1,14,10,1.000000
fallback,55.0,15,1,0,1,1,15,11,1.000000
fallback,55.0,16,1,0,1,1,16,12,1.000000
fallback,55.0,17,1,0,1,1,17,13,1.000000
fallback,55.0,18,1,0,1,1,18,14,1.000000
fallback,55.0,19,1,0,1,1,19,15,1.000000
fallback,55.0,20,1,0,1,1,20,16,1.000000
fallback,55.0,21,1,0,1,1,21,17,1.000000
fallback,55.0,22,1,0,1,1,22,18,1.000000
fallback,55.0,23,1,0,1,1,23,19,1.000000
fallback,55.0,24,1,1,0,1,24,19,1.000000
fallback,55.0,25,1,0,1,1,25,20,1.000000
fallback,55.0,26,1,0,1,1,26,21,1.000000
fallback,55.0,27,1,0,1,1,27,22,1.000000
fallback,55.0,28,1,1,0,1,28,22,1.000000
fallback,55.0,29,1,0,1,1,29,23,1.000000
fallback,55.0,30,1,1,0,1,30,23,1.000000
fallback,55.0,31,1,1,0,1,31,23,1.000000
fallback,55.0,32,1,0,1,1,32,24,1.000000
fallback,55.0,33,1,0,1,1,33,25,1.000000
fallback,55.0,34,1,0,1,1,34,26,1.000000
fallback,55.0,35,1,0,1,1,35,27,1.000000
fallback,55.0,36,0,0,0,1,35,27,1.000000
fallback,55.0,37,1,0,1,1,36,28,1.000000
fallback,55.0,38,1,0,1,1,37,29,1.000000
fallback,55.0,39,1,0,1,1,38,30,1.000000
fallback,55.0,40,1,0,1,1,39,31,1.000000
fallback,55.0,41,1,1,0,1,40,31,1.000000
fallback,55.0,42,1,0,1,1,41,32,1.000000
fallback,55.0,43,1,0,1,1,42,33,1.000000
fallback,55.0,44,1,0,1,1,43,34,1.000000
fallback,55.0,45,1,1,0,1,44,34,1.000000
fallback,55.0,46,0,0,0,1,44,34,1.000000
fallback,55.0,47,1,1,0,1,45,34,1.000000
fallback,55.0,48,1,0,1,1,46,35,1.000000
fallback,55.0,49,1,0,1,1,47,36,1.000000
fallback,55.0,50,1,1,0,1,48,36,1.000000
fallback,55.0,51,1,1,0,1,49,36,1.000000
fallback,55.0,52,1,0,1,1,50,37,1.000000
fallback,55.0,53,1,0,1,1,51,38,1.000000
fallback,55.0,54,1,0,1,1,52,39,1.000000
fallback,55.0,55,1,1,0,1,53,39,1.000000
fallback,55.0,56,1,1,0,1,54,39,1.000000
fallback,55.0,57,1,0,1,1,55,40,1.000000
fallback,55.0,58,1,0,1,1,56,41,1.000000
fallback,55.0,59,1,0,1,1,57,42,1.000000
fallback,55.0,60,1,0,1,1,58,43,1.000000
fallback,55.0,61,1,0,1,1,59,44,1.000000
fallback,55.0,62,1,0,1,1,60,45,1.000000
fallback,55.0,63,1,1,0,1,61,45,1.000000
fallback,55.0,64,1,0,1,1,62,46,1.000000
fallback,55.0,65,1,0,1,1,63,47,1.000000
fallback,55.0,66,1,0,1,1,64,48,1.000000
fallback,55.0,67,1,0,1,1,65,49,1.000000
fallback,55.0,68,1,1,0,1,66,49,1.000000
fallback,55.0,69,1,1,0,1,67,49,1.000000
fallback,55.0,70,1,0,1,1,68,50,1.000000
fallback,55.0,71,1,1,0,1,69,50,1.000000
fallback,55.0,72,1,0,1,1,70,51,1.000000
fallback,55.0,73,1,0,1,1,71,52,1.000000
fallback,55.0,74,1,0,1,1,72,53,1.000000
fallback,55.0,75,1,0,1,1,73,54,1.000000
fallback,55.0,76,1,0,1,1,74,55,1.000000
fallback,55.0,77,1,0,1,1,75,56,1.000000
fallback,55.0,78,0,0,0,1,75,56,1.000000
fallback,55.0,79,1,1,0,1,76,56,1.000000
fallback,55.0,80,1,0,1,1,77,57,1.000000
fallback,55.0,81,1,1,0,1,78,57,1.000000
fallback,55.0,82,1,0,1,1,79,58,1.000000
fallback,55.0,83,1,0,1,1,80,59,1.000000
fallback,55.0,84,1,1,0,1,81,59,1.000000
fallback,55.0,85,1,0,1,1,82,60,1.000000
fallback,55.0,86,1,0,1,1,83,61,1.000000
fallback,55.0,87,1,0,1,1,84,62,1.000000
fallback,55.0,88,1,0,1,1,85,63,1.000000
fallback,55.0,89,1,0,1,1,86,64,1.000000
fallback,55.0,90,1,0,1,1,87,65,1.000000
fallback,55.0,91,1,0,1,1,88,66,1.000000
fallback,55.0,92,1,1,0,1,89,66,1.000000
fallback,55.0,93,1,1,0,1,90,66,1.000000
fallback,55.0,94,1,0,1,1,91,67,1.000000
fallback,55.0,95,1,1,0,1,92,67,1.000000
fallback,55.0,96,1,1,0,1,93,67,1.000000
fallback,55.0,97,1,0,1,1,94,68,1.000000
fallback,55.0,98,1,0,1,1,95,69,1.000000
fallback,55.0,99,1,0,1,1,96,70,1.000000
fallback,55.0,100,1,0,1,1,97,71,1.000000
fallback,55.0,101,1,0,1,1,98,72,1.000000
fallback,55.0,102,1,0,1,1,99,73,1.000000
fallback,55.0,103,1,1,0,1,100,73,1.000000
fallback,55.0,104,1,0,1,1,101,74,1.000000
fallback,55.0,105,1,1,0,1,102,74,1.000000
fallback,55.0,106,1,0,1,1,103,75,1.000000
fallback,55.0,107,1,0,1,1,104,76,1.000000
fallback,55.0,108,1,1,0,1,105,76,1.000000
fallback,55.0,109,1,0,1,1,106,77,1.000000
fallback,55.0,110,1,0,1,1,107,78,1.000000
fallback,55.0,111,1,1,0,1,108,78,1.000000
fallback,55.0,112,1,0,1,1,109,79,1.000000
fallback,55.0,113,1,0,1,1,110,80,1.000000
fallback,55.0,114,1,0,1,1,111,81,1.000000
fallback,55.0,115,1,0,1,1,112,82,1.000000
fallback,55.0,116,1,0,1,1,113,83,1.000000
fallback,55.0,117,1,0,1,1,114,84,1.000000
fallback,55.0,118,1,0,1,1,115,85,1.000000
fallback,55.0,119,1,1,0,1,116,85,1.000000
fallback,55.0,120,1,0,1,1,117,86,1.000000
fallback,55.0,121,1,0,1,1,118,87,1.000000
fallback,55.0,122,1,1,0,1,119,87,1.000000
fallback,55.0,123,1,0,1,1,120,88,1.000000
fallback,55.0,124,1,0,1,1,121,89,1.000000
fallback,55.0,125,1,0,1,1,122,90,1.000000
fallback,55.0,126,0,0,0,1,122,90,1.000000
fallback,55.0,127,1,0,1,1,123,91,1.000000
fallback,55.0,128,1,0,1,1,124,92,1.000000
fallback,55.0,129,1,0,1,1,125,93,1.000000
fallback,55.0,130,1,0,1,1,126,94,1.000000
fallback,55.0,131,1,1,0,1,127,94,1.000000
fallback,55.0,132,1,0,1,1,128,95,1.000000
fallback,55.0,133,1,1,0,1,129,95,1.000000
fallback,55.0,134,1,0,1,1,130,96,1.000000
fallback,55.0,135,1,1,0,1,131,96,1.000000
fallback,55.0,136,0,0,0,1,131,96,1.000000
fallback,55.0,137,0,0,0,1,131,96,1.000000
fallback,55.0,138,1,0,1,1,132,97,1.000000
fallback,55.0,139,1,0,1,1,133,98,1.000000
fallback,55.0,140,1,0,1,1,134,99,1.000000
fallback,55.0,141,1,1,0,1,135,99,1.000000
fallback,55.0,142,1,0,1,1,136,100,1.000000
fallback,55.0,143,1,0,1,1,137,101,1.000000
fallback,55.0,144,1,1,0,1,138,101,1.000000
fallback,55.0,145,1,0,1,1,139,102,1.000000
fallback,55.0,146,1,0,1,1,140,103,1.000000
fallback,55.0,147,1,1,0,1,141,103,1.000000
fallback,55.0,148,1,0,1,1,142,104,1.000000
fallback,55.0,149,1,1,0,1,143,104,1.000000
fallback,55.0,150,1,0,1,1,144,105,1.000000
fallback,55.0,151,1,0,1,1,145,106,1.000000
fallback,55.0,152,1,1,0,1,146,106,1.000000
fallback,55.0,153,1,0,1,1,147,107,1.000000
fallback,55.0,154,1,1,0,1,148,107,1.000000
fallback,55.0,155,1,0,1,1,149,108,1.000000
fallback,55.0,156,1,0,1,1,150,109,1.000000
fallback,55.0,157,1,0,1,1,151,110,1.000000
fallback,55.0,158,1,0,1,1,152,111,1.000000
fallback,55.0,159,1,0,1,1,153,112,1.000000
fallback,55.0,160,1,0,1,1,154,113,1.000000
fallback,55.0,161,1,0,1,1,155,114,1.000000
fallback,55.0,162,1,1,0,1,156,114,1.000000
fallback,55.0,163,1,0,1,1,157,115,1.000000
fallback,55.0,164,1,0,1,1,158,116,1.000000
fallback,55.0,165,1,0,1,1,159,117,1.000000
fallback,55.0,166,0,0,0,1,159,117,1.000000
fallback,55.0,167,1,0,1,1,160,118,1.000000
fallback,55.0,168,1,0,1,1,161,119,1.000000
fallback,55.0,169,1,0,1,1,162,120,1.000000
fallback,55.0,170,1,0,1,1,163,121,1.000000
fallback,55.0,171,1,0,1,1,164,122,1.000000
fallback,55.0,172,1,0,1,1,165,123,1.000000
fallback,55.0,173,1,0,1,1,166,124,1.000000
fallback,55.0,174,1,0,1,1,167,125,1.000000
fallback,55.0,175,1,1,0,1,168,125,1.000000
fallback,55.0,176,1,0,1,1,169,126,1.000000
fallback,55.0,177,1,0,1,1,170,127,1.000000
fallback,55.0,178,1,0,1,1,171,128,1.000000
fallback,55.0,179,1,0,1,1,172,129,1.000000
fallback,55.0,180,1,1,0,1,173,129,1.000000
fallback,55.0,181,1,1,0,1,174,129,1.000000
fallback,55.0,182,1,0,1,1,175,130,1.000000
fallback,55.0,183,1,1,0,1,176,130,1.000000
fallback,55.0,184,1,0,1,1,177,131,1.000000
fallback,55.0,185,1,1,0,1,178,131,1.000000
fallback,55.0,186,1,1,0,1,179,131,1.000000
fallback,55.0,187,1,0,1,1,180,132,1.000000
fallback,55.0,188,1,1,0,1,181,132,1.000000
fallback,55.0,189,1,0,1,1,182,133,1.000000
fallback,55.0,190,1,0,1,1,183,134,1.000000
fallback,55.0,191,1,1,0,1,184,134,1.000000
fallback,55.0,192,1,0,1,1,185,135,1.000000
fallback,55.0,193,1,0,1,1,186,136,1.000000
fallback,55.0,194,1,0,1,1,187,137,1.000000
fallback,55.0,195,1,1,0,1,188,137,1.000000
fallback,55.0,196,1,0,1,1,189,138,1.000000
fallback,55.0,197,1,0,1,1,190,139,1.000000
fallback,55.0,198,1,0,1,1,191,140,1.000000
fallback,55.0,199,1,0,1,1,192,141,1.000000
fallback,55.0,200,1,0,1,1,193,142,1.000000
fallback,55.0,201,1,0,1,1,194,143,1.000000
fallback,55.0,202,1,0,1,1,195,144,1.000000
fallback,55.0,203,1,0,1,1,196,145,1.000000
fallback,55.0,204,1,0,1,1,197,146,1.000000
fallback,55.0,205,0,0,0,1,197,146,1.000000
fallback,55.0,206,1,0,1,1,198,147,1.000000
fallback,55.0,207,0,0,0,1,198,147,1.000000
fallback,55.0,208,1,1,0,1,199,147,1.000000
fallback,55.0,209,1,1,0,1,200,147,1.000000
fallback,55.0,210,1,0,1,1,201,148,1.000000
fallback,55.0,211,1,0,1,1,202,149,1.000000
fallback,55.0,212,1,0,1,1,203,150,1.000000
fallback,55.0,213,1,0,1,1,204,151,1.000000
fallback,55.0,214,1,1,0,1,205,151,1.000000
fallback,55.0,215,1,1,0,1,206,151,1.000000
fallback,55.0,216,1,0,1,1,207,152,1.000000
fallback,55.0,217,1,1,0,1,208,152,1.000000
fallback,55.0,218,1,0,1,1,209,153,1.000000
fallback,55.0,219,1,0,1,1,210,154,1.000000
fallback,55.0,220,1,0,1,1,211,155,1.000000
fallback,55.0,221,1,0,1,1,212,156,1.000000
fallback,55.0,222,1,0,1,1,213,157,1.000000
fallback,55.0,223,1,0,1,1,214,158,1.000000
fallback,55.0,224,1,0,1,1,215,159,1.000000
fallback,55.0,225,1,0,1,1,216,160,1.000000
fallback,55.0,226,1,0,1,1,217,161,1.000000
fallback,55.0,227,1,0,1,1,218,162,1.000000
fallback,55.0,228,1,0,1,1,219,163,1.000000
fallback,55.0,229,1,0,1,1,220,164,1.000000
fallback,55.0,230,1,1,0,1,221,164,1.000000
fallback,55.0,231,1,1,0,1,222,164,1.000000
fallback,55.0,232,1,0,1,1,223,165,1.000000
fallback,55.0,233,1,0,1,1,224,166,1.000000
fallback,55.0,234,1,0,1,1,225,167,1.000000
fallback,55.0,235,1,0,1,1,226,168,1.000000
fallback,55.0,236,1,0,1,1,227,169,1.000000
fallback,55.0,237,1,0,1,1,228,170,1.000000
fallback,55.0,238,1,1,0,1,229,170,1.000000
fallback,55.0,239,1,1,0,1,230,170,1.000000
fallback,55.0,240,1,0,1,1,231,171,1.000000
fallback,55.0,241,1,0,1,1,232,172,1.000000
fallback,55.0,242,1,1,0,1,233,172,1.000000
fallback,55.0,243,1,1,0,1,234,172,1.000000
fallback,55.0,244,1,0,1,1,235,173,1.000000
fallback,55.0,245,1,0,1,1,236,174,1.000000
fallback,55.0,246,1,0,1,1,237,175,1.000000
fallback,55.0,247,1,0,1,1,238,176,1.000000
fallback,55.0,248,1,1,0,1,239,176,1.000000
fallback,55.0,249,1,0,1,1,240,177,1.000000
fallback,55.0,250,1,0,1,1,241,178,1.000000
fallback,55.0,251,1,1,0,1,242,178,1.000000
fallback,55.0,252,1,0,1,1,243,179,1.000000
fallback,55.0,253,1,0,1,1,244,180,1.000000
fallback,55.0,254,1,1,0,1,245,180,1.000000
fallback,55.0,255,1,0,1,1,246,181,1.000000
fallback,55.0,256,1,0,1,1,247,182,1.000000
fallback,55.0,257,1,0,1,1,248,183,1.000000
fallback,55.0,258,1,0,1,1,249,184,1.000000
fallback,55.0,259,1,1,0,1,250,184,1.000000
fallback,55.0,260,1,0,1,1,251,185,1.000000
fallback,55.0,261,1,0,1,1,252,186,1.000000
fallback,55.0,262,1,0,1,1,253,187,1.000000
fallback,55.0,263,1,1,0,1,254,187,1.000000
fallback,55.0,264,1,1,0,1,255,187,1.000000
fallback,55.0,265,1,0,1,1,256,188,1.000000
fallback,55.0,266,1,0,1,1,257,189,1.000000
fallback,55.0,267,1,0,1,1,258,190,1.000000
fallback,55.0,268,1,0,1,1,259,191,1.000000
fallback,55.0,269,1,0,1,1,260,192,1.000000
fallback,55.0,270,1,1,0,1,261,192,1.000000
fallback,55.0,271,1,1,0,1,262,192,1.000000
fallback,55.0,272,1,0,1,1,263,193,1.000000
fallback,55.0,273,1,0,1,1,264,194,1.000000
fallback,55.0,274,1,1,0,1,265,194,1.000000
fallback,55.0,275,1,0,1,1,266,195,1.000000
fallback,55.0,276,1,1,0,1,267,195,1.000000
fallback,55.0,277,1,0,1,1,268,196,1.000000
fallback,55.0,278,1,0,1,1,269,197,1.000000
fallback,55.0,279,1,0,1,1,270,198,1.000000
fallback,55.0,280,1,0,1,1,271,199,1.000000
fallback,55.0,281,1,1,0,1,272,199,1.000000
fallback,55.0,282,1,0,1,1,273,200,1.000000
fallback,55.0,283,1,0,1,1,274,201,1.000000
fallback,55.0,284,1,0,1,1,275,202,1.000000
fallback,55.0,285,1,0,1,1,276,203,1.000000
fallback,55.0,286,1,0,1,1,277,204,1.000000
fallback,55.0,287,1,0,1,1,278,205,1.000000
fallback,55.0,288,1,0,1,1,279,206,1.000000
fallback,55.0,289,1,0,1,1,280,207,1.000000
fallback,55.0,290,1,0,1,1,281,208,1.000000
fallback,55.0,291,1,0,1,1,282,209,1.000000
fallback,55.0,292,1,1,0,1,283,209,1.000000
fallback,55.0,293,1,0,1,1,284,210,1.000000
fallback,55.0,294,1,1,0,1,285,210,1.000000
fallback,55.0,295,1,0,1,1,286,211,1.000000
fallback,55.0,296,1,0,1,1,287,212,1.000000
fallback,55.0,297,1,1,0,1,288,212,1.000000
fallback,55.0,298,1,1,0,1,289,212,1.000000
fallback,55.0,299,1,0,1,1,290,213,1.000000
fallback,55.0,300,1,0,1,1,291,214,1.000000
fallback,55.0,301,1,1,0,1,292,214,1.000000
fallback,55.0,302,1,0,1,1,293,215,1.000000
fallback,55.0,303,1,0,1,1,294,216,1.000000
fallback,55.0,304,1,0,1,1,295,217,1.000000
fallback,55.0,305,1,0,1,1,296,218,1.000000
fallback,55.0,306,1,1,0,1,297,218,1.000000
fallback,55.0,307,1,1,0,1,298,218,1.000000
fallback,55.0,308,1,0,1,1,299,219,1.000000
fallback,55.0,309,1,0,1,1,300,220,1.000000
fallback,55.0,310,1,0,1,1,301,221,1.000000
fallback,55.0,311,0,0,0,1,301,221,1.000000
fallback,55.0,312,1,1,0,1,302,221,1.000000
fallback,55.0,313,1,0,1,1,303,222,1.000000
fallback,55.0,314,1,0,1,1,304,223,1.000000
fallback,55.0,315,1,0,1,1,305,224,1.000000
fallback,55.0,316,1,0,1,1,306,225,1.000000
fallback,55.0,317,1,1,0,1,307,225,1.000000
fallback,55.0,318,1,0,1,1,308,226,1.000000
fallback,55.0,319,1,0,1,1,309,227,1.000000
fallback,55.0,320,1,0,1,1,310,228,1.000000
fallback,55.0,321,1,0,1,1,311,229,1.000000
fallback,55.0,322,1,1,0,1,312,229,1.000000
fallback,55.0,323,1,0,1,1,313,230,1.000000
fallback,55.0,324,1,1,0,1,314,230,1.000000
fallback,55.0,325,1,1,0,1,315,230,1.000000
fallback,55.0,326,1,0,1,1,316,231,1.000000
fallback,55.0,327,1,0,1,1,317,232,1.000000
fallback,55.0,328,1,0,1,1,318,233,1.000000
fallback,55.0,329,1,1,0,1,319,233,1.000000
fallback,55.0,330,1,0,1,1,320,234,1.000000
fallback,55.0,331,1,0,1,1,321,235,1.000000
fallback,55.0,332,1,0,1,1,322,236,1.000000
fallback,55.0,333,1,0,1,1,323,237,1.000000
fallback,55.0,334,1,0,1,1,324,238,1.000000
fallback,55.0,335,1,1,0,1,325,238,1.000000
fallback,55.0,336,1,0,1,1,326,239,1.000000
fallback,55.0,337,1,0,1,1,327,240,1.000000
fallback,55.0,338,1,0,1,1,328,241,1.000000
fallback,55.0,339,1,0,1,1,329,242,1.000000
fallback,55.0,340,1,0,1,1,330,243,1.000000
fallback,55.0,341,1,0,1,1,331,244,1.000000
fallback,55.0,342,1,0,1,1,332,245,1.000000
fallback,55.0,343,1,0,1,1,333,246,1.000000
fallback,55.0,344,1,0,1,1,334,247,1.000000
fallback,55.0,345,1,1,0,1,335,247,1.000000
fallback,55.0,346,1,1,0,1,336,247,1.000000
fallback,55.0,347,1,0,1,1,337,248,1.000000
fallback,55.0,348,1,0,1,1,338,249,1.000000
fallback,55.0,349,1,1,0,1,339,249,1.000000
fallback,55.0,350,1,0,1,1,340,250,1.000000
fallback,55.0,351,1,0,1,1,341,251,1.000000
fallback,55.0,352,1,1,0,1,342,251,1.000000
fallback,55.0,353,1,0,1,1,343,252,1.000000
fallback,55.0,354,1,0,1,1,344,253,1.000000
fallback,55.0,355,1,0,1,1,345,254,1.000000
fallback,55.0,356,1,0,1,1,346,255,1.000000
fallback,55.0,357,0,1,0,1,346,255,1.000000
fallback,55.0,358,1,1,0,1,347,255,1.000000
fallback,55.0,359,1,0,1,1,348,256,1.000000
fallback,55.0,360,1,0,1,1,349,257,1.000000
fallback,55.0,361,1,1,0,1,350,257,1.000000
fallback,55.0,362,1,1,0,1,351,257,1.000000
fallback,55.0,363,1,0,1,1,352,258,1.000000
fallback,55.0,364,1,0,1,1,353,259,1.000000
fallback,55.0,365,1,1,0,1,354,259,1.000000
fallback,55.0,366,1,0,1,1,355,260,1.000000
fallback,55.0,367,1,0,1,1,356,261,1.000000
fallback,55.0,368,1,0,1,1,357,262,1.000000
fallback,55.0,369,1,0,1,1,358,263,1.000000
fallback,55.0,370,1,0,1,1,359,264,1.000000
fallback,55.0,371,1,0,1,1,360,265,1.000000
fallback,55.0,372,1,0,1,1,361,266,1.000000
fallback,55.0,373,1,0,1,1,362,267,1.000000
fallback,55.0,374,1,0,1,1,363,268,1.000000
fallback,55.0,375,1,0,1,1,364,269,1.000000
fallback,55.0,376,1,0,1,1,365,270,1.000000
fallback,55.0,377,1,0,1,1,366,271,1.000000
fallback,55.0,378,1,1,0,1,367,271,1.000000
fallback,55.0,379,1,0,1,1,368,272,1.000000
fallback,55.0,380,1,0,1,1,369,273,1.000000
fallback,55.0,381,1,0,1,1,370,274,1.000000
fallback,55.0,382,1,0,1,1,371,275,1.000000
fallback,55.0,383,1,0,1,1,372,276,1.000000
fallback,55.0,384,1,0,1,1,373,277,1.000000
fallback,55.0,385,1,0,1,1,374,278,1.000000
fallback,55.0,386,1,0,1,1,375,279,1.000000
fallback,55.0,387,1,1,0,1,376,279,1.000000
fallback,55.0,388,1,0,1,1,377,280,1.000000
fallback,55.0,389,1,0,1,1,378,281,1.000000
fallback,55.0,390,0,0,0,1,378,281,1.000000
fallback,55.0,391,1,1,0,1,379,281,1.000000
fallback,55.0,392,1,1,0,1,380,281,1.000000
fallback,55.0,393,1,0,1,1,381,282,1.000000
fallback,55.0,394,1,0,1,1,382,283,1.000000
fallback,55.0,395,1,0,1,1,383,284,1.000000
fallback,55.0,396,1,1,0,1,384,284,1.000000
fallback,55.0,397,1,1,0,1,385,284,1.000000
fallback,55.0,398,1,0,1,1,386,285,1.000000
fallback,55.0,399,1,0,1,1,387,286,1.000000
fallback,55.0,400,1,0,1,1,388,287,1.000000
fallback,60.0,1,1,1,0,0,1,0,0.000000
fallback,60.0,2,1,1,0,0,2,0,0.000000
fallback,60.0,3,1,0,1,1,3,1,0.703704
fallback,60.0,4,1,0,1,1,4,2,0.937500
fallback,60.0,5,1,0,1,1,5,3,0.989760
fallback,60.0,6,1,0,1,1,6,4,0.998628
fallback,60.0,7,1,1,0,1,7,4,0.997344
fallback,60.0,8,1,1,0,1,8,4,0.996094
fallback,60.0,9,1,0,1,1,9,5,0.999323
fallback,60.0,10,1,0,1,1,10,6,0.999895
fallback,60.0,11,1,0,1,1,11,7,0.999985
fallback,60.0,12,1,0,1,1,12,8,0.999998
fallback,60.0,13,1,0,1,1,13,9,1.000000
fallback,60.0,14,1,0,1,1,14,10,1.000000
fallback,60.0,15,0,0,0,1,14,10,1.000000
fallback,60.0,16,1,0,1,1,15,11,1.000000
fallback,60.0,17,1,0,1,1,16,12,1.000000
fallback,60.0,18,1,0,1,1,17,13,1.000000
fallback,60.0,19,1,0,1,1,18,14,1.000000
fallback,60.0,20,1,0,1,1,19,15,1.000000
fallback,60.0,21,1,0,1,1,20,16,1.000000
fallback,60.0,22,1,0,1,1,21,17,1.000000
fallback,60.0,23,1,0,1,1,22,18,1.000000
fallback,60.0,24,1,0,1,1,23,19,1.000000
fallback,60.0,25,1,0,1,1,24,20,1.000000
fallback,60.0,26,1,0,1,1,25,21,1.000000
fallback,60.0,27,1,0,1,1,26,22,1.000000
fallback,60.0,28,1,1,0,1,27,22,1.000000
fallback,60.0,29,1,0,1,1,28,23,1.000000
fallback,60.0,30,1,0,1,1,29,24,1.000000
fallback,60.0,31,1,1,0,1,30,24,1.000000
fallback,60.0,32,1,0,1,1,31,25,1.000000
fallback,60.0,33,1,0,1,1,32,26,1.000000
fallback,60.0,34,1,0,1,1,33,27,1.000000
fallback,60.0,35,1,0,1,1,34,28,1.000000
fallback,60.0,36,1,0,1,1,35,29,1.000000
fallback,60.0,37,1,1,0,1,36,29,1.000000
fallback,60.0,38,1,0,1,1,37,30,1.000000
fallback,60.0,39,1,1,0,1,38,30,1.000000
fallback,60.0,40,1,0,1,1,39,31,1.000000
fallback,60.0,41,1,0,1,1,40,32,1.000000
fallback,60.0,42,1,0,1,1,41,33,1.000000
fallback,60.0,43,1,1,0,1,42,33,1.000000
fallback,60.0,44,1,0,1,1,43,34,1.000000
fallback,60.0,45,0,0,0,1,43,34,1.000000
fallback,60.0,46,0,0,0,1,43,34,1.000000
fallback,60.0,47,1,0,1,1,44,35,1.000000
fallback,60.0,48,1,0,1,1,45,36,1.000000
fallback,60.0,49,1,0,1,1,46,37,1.000000
fallback,60.0,50,1,0,1,1,47,38,1.000000
fallback,60.0,51,1,0,1,1,48,39,1.000000
fallback,60.0,52,1,0,1,1,49,40,1.000000
fallback,60.0,53,1,1,0,1,50,40,1.000000
fallback,60.0,54,1,0,1,1,51,41,1.000000
fallback,60.0,55,1,0,1,1,52,42,1.000000
fallback,60.0,56,1,0,1,1,53,43,1.000000
fallback,60.0,57,1,1,0,1,54,43,1.000000
fallback,60.0,58,1,0,1,1,55,44,1.000000
fallback,60.0,59,0,0,0,1,55,44,1.000000
fallback,60.0,60,1,0,1,1,56,45,1.000000
fallback,60.0,61,1,0,1,1,57,46,1.000000
fallback,60.0,62,1,0,1,1,58,47,1.000000
fallback,60.0,63,1,0,1,1,59,48,1.000000
fallback,60.0,64,1,0,1,1,60,49,1.000000
fallback,60.0,65,1,1,0,1,61,49,1.000000
fallback,60.0,66,1,0,1,1,62,50,1.000000
fallback,60.0,67,1,0,1,1,63,51,1.000000
fallback,60.0,68,1,1,0,1,64,51,1.000000
fallback,60.0,69,0,0,0,1,64,51,1.000000
fallback,60.0,70,0,0,0,1,64,51,1.000000
fallback,60.0,71,1,0,1,1,65,52,1.000000
fallback,60.0,72,1,0,1,1,66,53,1.000000
fallback,60.0,73,1,0,1,1,67,54,1.000000
fallback,60.0,74,1,1,0,1,68,54,1.000000
fallback,60.0,75,1,0,1,1,69,55,1.000000
fallback,60.0,76,1,0,1,1,70,56,1.000000
fallback,60.0,77,1,0,1,1,71,57,1.000000
fallback,60.0,78,1,0,1,1,72,58,1.000000
fallback,60.0,79,1,0,1,1,73,59,1.000000
fallback,60.0,80,0,0,0,1,73,59,1.000000
fallback,60.0,81,0,0,0,1,73,59,1.000000
fallback,60.0,82,1,0,1,1,74,60,1.000000
fallback,60.0,83,1,1,0,1,75,60,1.000000
fallback,60.0,84,1,0,1,1,76,61,1.000000
fallback,60.0,85,1,0,1,1,77,62,1.000000
fallback,60.0,86,1,1,0,1,78,62,1.000000
fallback,60.0,87,1,0,1,1,79,63,1.000000
fallback,60.0,88,0,0,0,1,79,63,1.000000
fallback,60.0,89,1,0,1,1,80,64,1.000000
fallback,60.0,90,1,0,1,1,81,65,1.000000
fallback,60.0,91,1,1,0,1,82,65,1.000000
fallback,60.0,92,1,0,1,1,83,66,1.000000
fallback,60.0,93,1,0,1,1,84,67,1.000000
fallback,60.0,94,1,0,1,1,85,68,1.000000
fallback,60.0,95,1,0,1,1,86,69,1.000000
fallback,60.0,96,1,0,1,1,87,70,1.000000
fallback,60.0,97,1,0,1,1,88,71,1.000000
fallback,60.0,98,1,0,1,1,89,72,1.000000
fallback,60.0,99,1,0,1,1,90,73,1.000000
fallback,60.0,100,1,0,1,1,91,74,1.000000
fallback,60.0,101,1,0,1,1,92,75,1.000000
fallback,60.0,102,1,0,1,1,93,76,1.000000
fallback,60.0,103,1,0,1,1,94,77,1.000000
fallback,60.0,104,1,0,1,1,95,78,1.000000
fallback,60.0,105,1,0,1,1,96,79,1.000000
fallback,60.0,106,1,0,1,1,97,80,1.000000
fallback,60.0,107,1,1,0,1,98,80,1.000000
fallback,60.0,108,0,1,0,1,98,80,1.000000
fallback,60.0,109,1,1,0,1,99,80,1.000000
fallback,60.0,110,1,0,1,1,100,81,1.000000
fallback,60.0,111,1,0,1,1,101,82,1.000000
fallback,60.0,112,1,0,1,1,102,83,1.000000
fallback,60.0,113,1,0,1,1,103,84,1.000000
fallback,60.0,114,1,1,0,1,104,84,1.000000
fallback,60.0,115,1,1,0,1,105,84,1.000000
fallback,60.0,116,1,0,1,1,106,85,1.000000
fallback,60.0,117,1,0,1,1,107,86,1.000000
fallback,60.0,118,1,1,0,1,108,86,1.000000
fallback,60.0,119,1,0,1,1,109,87,1.000000
fallback,60.0,120,1,0,1,1,110,88,1.000000
fallback,60.0,121,1,0,1,1,111,89,1.000000
fallback,60.0,122,1,1,0,1,112,89,1.000000
fallback,60.0,123,1,1,0,1,113,89,1.000000
fallback,60.0,124,1,1,0,1,114,89,1.000000
fallback,60.0,125,1,0,1,1,115,90,1.000000
fallback,60.0,126,1,0,1,1,116,91,1.000000
fallback,60.0,127,1,0,1,1,117,92,1.000000
fallback,60.0,128,1,0,1,1,118,93,1.000000
fallback,60.0,129,1,1,0,1,119,93,1.000000
fallback,60.0,130,1,0,1,1,120,94,1.000000
fallback,60.0,131,1,1,0,1,121,94,1.000000
fallback,60.0,132,1,0,1,1,122,95,1.000000
fallback,60.0,133,1,1,0,1,123,95,1.000000
fallback,60.0,134,1,0,1,1,124,96,1.000000
fallback,60.0,135,1,0,1,1,125,97,1.000000
fallback,60.0,136,1,0,1,1,126,98,1.000000
fallback,60.0,137,1,1,0,1,127,98,1.000000
fallback,60.0,138,1,0,1,1,128,99,1.000000
fallback,60.0,139,1,0,1,1,129,100,1.000000
fallback,60.0,140,1,0,1,1,130,101,1.000000
fallback,60.0,141,1,1,0,1,131,101,1.000000
fallback,60.0,142,1,0,1,1,132,102,1.000000
fallback,60.0,143,1,0,1,1,133,103,1.000000
fallback,60.0,144,1,0,1,1,134,104,1.000000
fallback,60.0,145,1,1,0,1,135,104,1.000000
fallback,60.0,146,1,0,1,1,136,105,1.000000
fallback,60.0,147,0,0,0,1,136,105,1.000000
fallback,60.0,148,1,1,0,1,137,105,1.000000
fallback,60.0,149,1,0,1,1,138,106,1.000000
fallback,60.0,150,1,0,1,1,139,107,1.000000
fallback,60.0,151,1,0,1,1,140,108,1.000000
fallback,60.0,152,1,0,1,1,141,109,1.000000
fallback,60.0,153,1,0,1,1,142,110,1.000000
fallback,60.0,154,1,0,1,1,143,111,1.000000
fallback,60.0,155,1,1,0,1,144,111,1.000000
fallback,60.0,156,1,0,1,1,145,112,1.000000
fallback,60.0,157,1,0,1,1,146,113,1.000000
fallback,60.0,158,1,0,1,1,147,114,1.000000
fallback,60.0,159,1,0,1,1,148,115,1.000000
fallback,60.0,160,1,0,1,1,149,116,1.000000
fallback,60.0,161,1,0,1,1,150,117,1.000000
fallback,60.0,162,1,0,1,1,151,118,1.000000
fallback,60.0,163,1,1,0,1,152,118,1.000000
fallback,60.0,164,0,0,0,1,152,118,1.000000
fallback,60.0,165,1,0,1,1,153,119,1.000000
fallback,60.0,166,1,0,1,1,154,120,1.000000
fallback,60.0,167,1,0,1,1,155,121,1.000000
fallback,60.0,168,1,0,1,1,156,122,1.000000
fallback,60.0,169,1,0,1,1,157,123,1.000000
fallback,60.0,170,1,0,1,1,158,124,1.000000
fallback,60.0,171,1,0,1,1,159,125,1.000000
fallback,60.0,172,1,0,1,1,160,126,1.000000
fallback,60.0,173,1,0,1,1,161,127,1.000000
fallback,60.0,174,1,1,0,1,162,127,1.000000
fallback,60.0,175,1,0,1,1,163,128,1.000000
fallback,60.0,176,1,0,1,1,164,129,1.000000
fallback,60.0,177,1,1,0,1,165,129,1.000000
fallback,60.0,178,1,0,1,1,166,130,1.000000
fallback,60.0,179,1,0,1,1,167,131,1.000000
fallback,60.0,180,1,0,1,1,168,132,1.000000
fallback,60.0,181,1,0,1,1,169,133,1.000000
fallback,60.0,182,1,1,0,1,170,133,1.000000
fallback,60.0,183,1,0,1,1,171,134,1.000000
fallback,60.0,184,1,0,1,1,172,135,1.000000
fallback,60.0,185,1,0,1,1,173,136,1.000000
fallback,60.0,186,0,0,0,1,173,136,1.000000
fallback,60.0,187,1,1,0,1,174,136,1.000000
fallback,60.0,188,1,0,1,1,175,137,1.000000
fallback,60.0,189,1,0,1,1,176,138,1.000000
fallback,60.0,190,0,0,0,1,176,138,1.000000
fallback,60.0,191,1,0,1,1,177,139,1.000000
fallback,60.0,192,1,0,1,1,178,140,1.000000
fallback,60.0,193,1,0,1,1,179,141,1.000000
fallback,60.0,194,1,0,1,1,180,142,1.000000
fallback,60.0,195,1,1,0,1,181,142,1.000000
fallback,60.0,196,1,0,1,1,182,143,1.000000
fallback,60.0,197,1,0,1,1,183,144,1.000000
fallback,60.0,198,1,0,1,1,184,145,1.000000
fallback,60.0,199,1,0,1,1,185,146,1.000000
fallback,60.0,200,1,0,1,1,186,147,1.000000
fallback,60.0,201,1,0,1,1,187,148,1.000000
fallback,60.0,202,0,1,0,1,187,148,1.000000
fallback,60.0,203,1,1,0,1,188,148,1.000000
fallback,60.0,204,1,1,0,1,189,148,1.000000
fallback,60.0,205,1,0,1,1,190,149,1.000000
fallback,60.0,206,1,0,1,1,191,150,1.000000
fallback,60.0,207,1,0,1,1,192,151,1.000000
fallback,60.0,208,1,0,1,1,193,152,1.000000
fallback,60.0,209,1,1,0,1,194,152,1.000000
fallback,60.0,210,1,0,1,1,195,153,1.000000
fallback,60.0,211,1,1,0,1,196,153,1.000000
fallback,60.0,212,1,0,1,1,197,154,1.000000
fallback,60.0,213,1,0,1,1,198,155,1.000000
fallback,60.0,214,0,0,0,1,198,155,1.000000
fallback,60.0,215,1,0,1,1,199,156,1.000000
fallback,60.0,216,1,1,0,1,200,156,1.000000
fallback,60.0,217,1,0,1,1,201,157,1.000000
fallback,60.0,218,1,0,1,1,202,158,1.000000
fallback,60.0,219,1,0,1,1,203,159,1.000000
fallback,60.0,220,1,0,1,1,204,160,1.000000
fallback,60.0,221,1,1,0,1,205,160,1.000000
fallback,60.0,222,1,0,1,1,206,161,1.000000
fallback,60.0,223,1,0,1,1,207,162,1.000000
fallback,60.0,224,1,0,1,1,208,163,1.000000
fallback,60.0,225,1,0,1,1,209,164,1.000000
fallback,60.0,226,1,0,1,1,210,165,1.000000
fallback,60.0,227,1,0,1,1,211,166,1.000000
fallback,60.0,228,1,0,1,1,212,167,1.000000
fallback,60.0,229,1,0,1,1,213,168,1.000000
fallback,60.0,230,1,0,1,1,214,169,1.000000
fallback,60.0,231,1,0,1,1,215,170,1.000000
fallback,60.0,232,0,0,0,1,215,170,1.000000
fallback,60.0,233,1,0,1,1,216,171,1.000000
fallback,60.0,234,1,0,1,1,217,172,1.000000
fallback,60.0,235,1,0,1,1,218,173,1.000000
fallback,60.0,236,1,0,1,1,219,174,1.000000
fallback,60.0,237,1,0,1,1,220,175,1.000000
fallback,60.0,238,1,0,1,1,221,176,1.000000
fallback,60.0,239,1,0,1,1,222,177,1.000000
fallback,60.0,240,1,0,1,1,223,178,1.000000
fallback,60.0,241,1,0,1,1,224,179,1.000000
fallback,60.0,242,1,0,1,1,225,180,1.000000
fallback,60.0,243,1,0,1,1,226,181,1.000000
fallback,60.0,244,1,0,1,1,227,182,1.000000
fallback,60.0,245,1,0,1,1,228,183,1.000000
fallback,60.0,246,1,0,1,1,229,184,1.000000
fallback,60.0,247,1,0,1,1,230,185,1.000000
fallback,60.0,248,1,1,0,1,231,185,1.000000
fallback,60.0,249,1,0,1,1,232,186,1.000000
fallback,60.0,250,1,0,1,1,233,187,1.000000
fallback,60.0,251,1,1,0,1,234,187,1.000000
fallback,60.0,252,1,0,1,1,235,188,1.000000
fallback,60.0,253,1,1,0,1,236,188,1.000000
fallback,60.0,254,1,0,1,1,237,189,1.000000
fallback,60.0,255,1,0,1,1,238,190,1.000000
fallback,60.0,256,0,0,0,1,238,190,1.000000
fallback,60.0,257,1,0,1,1,239,191,1.000000
fallback,60.0,258,1,0,1,1,240,192,1.000000
fallback,60.0,259,1,0,1,1,241,193,1.000000
fallback,60.0,260,1,0,1,1,242,194,1.000000
fallback,60.0,261,1,0,1,1,243,195,1.000000
fallback,60.0,262,1,0,1,1,244,196,1.000000
fallback,60.0,263,1,0,1,1,245,197,1.000000
fallback,60.0,264,1,0,1,1,246,198,1.000000
fallback,60.0,265,1,0,1,1,247,199,1.000000
fallback,60.0,266,1,0,1,1,248,200,1.000000
fallback,60.0,267,1,0,1,1,249,201,1.000000
fallback,60.0,268,1,0,1,1,250,202,1.000000
fallback,60.0,269,1,0,1,1,251,203,1.000000
fallback,60.0,270,1,0,1,1,252,204,1.000000
fallback,60.0,271,1,0,1,1,253,205,1.000000
fallback,60.0,272,1,1,0,1,254,205,1.000000
fallback,60.0,273,1,1,0,1,255,205,1.000000
fallback,60.0,274,1,0,1,1,256,206,1.000000
fallback,60.0,275,1,0,1,1,257,207,1.000000
fallback,60.0,276,1,0,1,1,258,208,1.000000
fallback,60.0,277,1,0,1,1,259,209,1.000000
fallback,60.0,278,1,0,1,1,260,210,1.000000
fallback,60.0,279,1,0,1,1,261,211,1.000000
fallback,60.0,280,1,1,0,1,262,211,1.000000
fallback,60.0,281,1,0,1,1,263,212,1.000000
fallback,60.0,282,1,1,0,1,264,212,1.000000
fallback,60.0,283,1,0,1,1,265,213,1.000000
fallback,60.0,284,1,0,1,1,266,214,1.000000
fallback,60.0,285,1,0,1,1,267,215,1.000000
fallback,60.0,286,1,0,1,1,268,216,1.000000
fallback,60.0,287,1,0,1,1,269,217,1.000000
fallback,60.0,288,1,0,1,1,270,218,1.000000
fallback,60.0,289,1,1,0,1,271,218,1.000000
fallback,60.0,290,1,0,1,1,272,219,1.000000
fallback,60.0,291,1,0,1,1,273,220,1.000000
fallback,60.0,292,1,1,0,1,274,220,1.000000
fallback,60.0,293,1,0,1,1,275,221,1.000000
fallback,60.0,294,1,0,1,1,276,222,1.000000
fallback,60.0,295,1,0,1,1,277,223,1.000000
fallback,60.0,296,1,1,0,1,278,223,1.000000
fallback,60.0,297,1,0,1,1,279,224,1.000000
fallback,60.0,298,1,0,1,1,280,225,1.000000
fallback,60.0,299,1,0,1,1,281,226,1.000000
fallback,60.0,300,1,0,1,1,282,227,1.000000
fallback,60.0,301,1,1,0,1,283,227,1.000000
fallback,60.0,302,0,0,0,1,283,227,1.000000
fallback,60.0,303,1,0,1,1,284,228,1.000000
fallback,60.0,304,1,1,0,1,285,228,1.000000
fallback,60.0,305,1,1,0,1,286,228,1.000000
fallback,60.0,306,1,0,1,1,287,229,1.000000
fallback,60.0,307,1,0,1,1,288,230,1.000000
fallback,60.0,308,0,0,0,1,288,230,1.000000
fallback,60.0,309,1,0,1,1,289,231,1.000000
fallback,60.0,310,1,0,1,1,290,232,1.000000
fallback,60.0,311,1,0,1,1,291,233,1.000000
fallback,60.0,312,0,0,0,1,291,233,1.000000
fallback,60.0,313,1,1,0,1,292,233,1.000000
fallback,60.0,314,1,0,1,1,293,234,1.000000
fallback,60.0,315,1,0,1,1,294,235,1.000000
fallback,60.0,316,1,1,0,1,295,235,1.000000
fallback,60.0,317,1,0,1,1,296,236,1.000000
fallback,60.0,318,1,0,1,1,297,237,1.000000
fallback,60.0,319,1,1,0,1,298,237,1.000000
fallback,60.0,320,1,1,0,1,299,237,1.000000
fallback,60.0,321,1,1,0,1,300,237,1.000000
fallback,60.0,322,1,0,1,1,301,238,1.000000
fallback,60.0,323,1,0,1,1,302,239,1.000000
fallback,60.0,324,1,0,1,1,303,240,1.000000
fallback,60.0,325,1,0,1,1,304,241,1.000000
fallback,60.0,326,1,1,0,1,305,241,1.000000
fallback,60.0,327,1,1,0,1,306,241,1.000000
fallback,60.0,328,1,0,1,1,307,242,1.000000
fallback,60.0,329,1,0,1,1,308,243,1.000000
fallback,60.0,330,1,0,1,1,309,244,1.000000
fallback,60.0,331,1,0,1,1,310,245,1.000000
fallback,60.0,332,1,0,1,1,311,246,1.000000
fallback,60.0,333,1,0,1,1,312,247,1.000000
fallback,60.0,334,1,0,1,1,313,248,1.000000
fallback,60.0,335,1,0,1,1,314,249,1.000000
fallback,60.0,336,1,0,1,1,315,250,1.000000
fallback,60.0,337,1,0,1,1,316,251,1.000000
fallback,60.0,338,1,0,1,1,317,252,1.000000
fallback,60.0,339,1,0,1,1,318,253,1.000000
fallback,60.0,340,1,0,1,1,319,254,1.000000
fallback,60.0,341,1,0,1,1,320,255,1.000000
fallback,60.0,342,1,0,1,1,321,256,1.000000
fallback,60.0,343,1,0,1,1,322,257,1.000000
fallback,60.0,344,1,0,1,1,323,258,1.000000
fallback,60.0,345,1,1,0,1,324,258,1.000000
fallback,60.0,346,1,0,1,1,325,259,1.000000
fallback,60.0,347,1,0,1,1,326,260,1.000000
fallback,60.0,348,1,0,1,1,327,261,1.000000
fallback,60.0,349,1,0,1,1,328,262,1.000000
fallback,60.0,350,1,0,1,1,329,263,1.000000
fallback,60.0,351,1,0,1,1,330,264,1.000000
fallback,60.0,352,1,0,1,1,331,265,1.000000
fallback,60.0,353,1,0,1,1,332,266,1.000000
fallback,60.0,354,1,0,1,1,333,267,1.000000
fallback,60.0,355,1,1,0,1,334,267,1.000000
fallback,60.0,356,1,0,1,1,335,268,1.000000
fallback,60.0,357,1,0,1,1,336,269,1.000000
fallback,60.0,358,1,0,1,1,337,270,1.000000
fallback,60.0,359,0,0,0,1,337,270,1.000000
fallback,60.0,360,1,0,1,1,338,271,1.000000
fallback,60.0,361,1,0,1,1,339,272,1.000000
fallback,60.0,362,1,1,0,1,340,272,1.000000
fallback,60.0,363,1,0,1,1,341,273,1.000000
fallback,60.0,364,1,0,1,1,342,274,1.000000
fallback,60.0,365,1,0,1,1,343,275,1.000000
fallback,60.0,366,1,1,0,1,344,275,1.000000
fallback,60.0,367,1,0,1,1,345,276,1.000000
fallback,60.0,368,1,0,1,1,346,277,1.000000
fallback,60.0,369,1,0,1,1,347,278,1.000000
fallback,60.0,370,1,0,1,1,348,279,1.000000
fallback,60.0,371,1,0,1,1,349,280,1.000000
fallback,60.0,372,1,0,1,1,350,281,1.000000
fallback,60.0,373,1,0,1,1,351,282,1.000000
fallback,60.0,374,1,0,1,1,352,283,1.000000
fallback,60.0,375,1,0,1,1,353,284,1.000000
fallback,60.0,376,1,0,1,1,354,285,1.000000
fallback,60.0,377,1,0,1,1,355,286,1.000000
fallback,60.0,378,1,0,1,1,356,287,1.000000
fallback,60.0,379,1,0,1,1,357,288,1.000000
fallback,60.0,380,0,0,0,1,357,288,1.000000
fallback,60.0,381,1,1,0,1,358,288,1.000000
fallback,60.0,382,1,0,1,1,359,289,1.000000
fallback,60.0,383,1,0,1,1,360,290,1.000000
fallback,60.0,384,1,0,1,1,361,291,1.000000
fallback,60.0,385,1,0,1,1,362,292,1.000000
fallback,60.0,386,1,0,1,1,363,293,1.000000
fallback,60.0,387,0,0,0,1,363,293,1.000000
fallback,60.0,388,1,0,1,1,364,294,1.000000
fallback,60.0,389,1,0,1,1,365,295,1.000000
fallback,60.0,390,1,1,0,1,366,295,1.000000
fallback,60.0,391,1,0,1,1,367,296,1.000000
fallback,60.0,392,1,0,1,1,368,297,1.000000
fallback,60.0,393,1,0,1,1,369,298,1.000000
fallback,60.0,394,1,0,1,1,370,299,1.000000
fallback,60.0,395,1,0,1,1,371,300,1.000000
fallback,60.0,396,1,0,1,1,372,301,1.000000
fallback,60.0,397,1,0,1,1,373,302,1.000000
fallback,60.0,398,1,1,0,1,374,302,1.000000
fallback,60.0,399,1,0,1,1,375,303,1.000000
fallback,60.0,400,1,1,0,1,376,303,1.000000
fallback,65.0,1,1,0,1,1,1,1,1.000000
fallback,65.0,2,1,0,1,1,2,2,1.000000
fallback,65.0,3,1,0,1,1,3,3,1.000000
fallback,65.0,4,1,0,1,1,4,4,1.000000
fallback,65.0,5,1,0,1,1,5,5,1.000000
fallback,65.0,6,1,0,1,1,6,6,1.000000
fallback,65.0,7,1,0,1,1,7,7,1.000000
fallback,65.0,8,1,0,1,1,8,8,1.000000
fallback,65.0,9,1,0,1,1,9,9,1.000000
fallback,65.0,10,1,0,1,1,10,10,1.000000
fallback,65.0,11,1,0,1,1,11,11,1.000000
fallback,65.0,12,1,0,1,1,12,12,1.000000
fallback,65.0,13,1,0,1,1,13,13,1.000000
fallback,65.0,14,1,0,1,1,14,14,1.000000
fallback,65.0,15,1,0,1,1,15,15,1.000000
fallback,65.0,16,1,0,1,1,16,16,1.000000
fallback,65.0,17,1,0,1,1,17,17,1.000000
fallback,65.0,18,1,0,1,1,18,18,1.000000
fallback,65.0,19,1,0,1,1,19,19,1.000000
fallback,65.0,20,1,0,1,1,20,20,1.000000
fallback,65.0,21,1,0,1,1,21,21,1.000000
fallback,65.0,22,1,0,1,1,22,22,1.000000
fallback,65.0,23,1,0,1,1,23,23,1.000000
fallback,65.0,24,1,0,1,1,24,24,1.000000
fallback,65.0,25,1,0,1,1,25,25,1.000000
fallback,65.0,26,1,0,1,1,26,26,1.000000
fallback,65.0,27,1,0,1,1,27,27,1.000000
fallback,65.0,28,1,0,1,1,28,28,1.000000
fallback,65.0,29,1,0,1,1,29,29,1.000000
fallback,65.0,30,1,0,1,1,30,30,1.000000
fallback,65.0,31,1,0,1,1,31,31,1.000000
fallback,65.0,32,1,0,1,1,32,32,1.000000
fallback,65.0,33,1,0,1,1,33,33,1.000000
fallback,65.0,34,1,0,1,1,34,34,1.000000
fallback,65.0,35,1,0,1,1,35,35,1.000000
fallback,65.0,36,1,0,1,1,36,36,1.000000
fallback,65.0,37,1,0,1,1,37,37,1.000000
fallback,65.0,38,1,0,1,1,38,38,1.000000
fallback,65.0,39,1,0,1,1,39,39,1.000000
fallback,65.0,40,1,0,1,1,40,40,1.000000
fallback,65.0,41,1,0,1,1,41,41,1.000000
fallback,65.0,42,1,1,0,1,42,41,1.000000
fallback,65.0,43,1,0,1,1,43,42,1.000000
fallback,65.0,44,1,0,1,1,44,43,1.000000
fallback,65.0,45,1,0,1,1,45,44,1.000000
fallback,65.0,46,1,0,1,1,46,45,1.000000
fallback,65.0,47,1,1,0,1,47,45,1.000000
fallback,65.0,48,1,0,1,1,48,46,1.000000
fallback,65.0,49,1,0,1,1,49,47,1.000000
fallback,65.0,50,1,0,1,1,50,48,1.000000
fallback,65.0,51,1,0,1,1,51,49,1.000000
fallback,65.0,52,1,0,1,1,52,50,1.000000
fallback,65.0,53,1,0,1,1,53,51,1.000000
fallback,65.0,54,1,0,1,1,54,52,1.000000
fallback,65.0,55,1,0,1,1,55,53,1.000000
fallback,65.0,56,1,0,1,1,56,54,1.000000
fallback,65.0,57,1,1,0,1,57,54,1.000000
fallback,65.0,58,1,0,1,1,58,55,1.000000
fallback,65.0,59,1,0,1,1,59,56,1.000000
fallback,65.0,60,1,0,1,1,60,57,1.000000
fallback,65.0,61,1,0,1,1,61,58,1.000000
fallback,65.0,62,1,0,1,1,62,59,1.000000
fallback,65.0,63,1,0,1,1,63,60,1.000000
fallback,65.0,64,1,0,1,1,64,61,1.000000
fallback,65.0,65,1,0,1,1,65,62,1.000000
fallback,65.0,66,1,0,1,1,66,63,1.000000
fallback,65.0,67,0,0,0,1,66,63,1.000000
fallback,65.0,68,1,0,1,1,67,64,1.000000
fallback,65.0,69,1,0,1,1,68,65,1.000000
fallback,65.0,70,1,0,1,1,69,66,1.000000
fallback,65.0,71,1,1,0,1,70,66,1.000000
fallback,65.0,72,1,1,0,1,71,66,1.000000
fallback,65.0,73,1,1,0,1,72,66,1.000000
fallback,65.0,74,1,1,0,1,73,66,1.000000
fallback,65.0,75,1,0,1,1,74,67,1.000000
fallback,65.0,76,1,1,0,1,75,67,1.000000
fallback,65.0,77,1,0,1,1,76,68,1.000000
fallback,65.0,78,1,1,0,1,77,68,1.000000
fallback,65.0,79,0,0,0,1,77,68,1.000000
fallback,65.0,80,1,0,1,1,78,69,1.000000
fallback,65.0,81,1,0,1,1,79,70,1.000000
fallback,65.0,82,1,0,1,1,80,71,1.000000
fallback,65.0,83,1,1,0,1,81,71,1.000000
fallback,65.0,84,0,0,0,1,81,71,1.000000
fallback,65.0,85,1,0,1,1,82,72,1.000000
fallback,65.0,86,1,0,1,1,83,73,1.000000
fallback,65.0,87,1,0,1,1,84,74,1.000000
fallback,65.0,88,1,0,1,1,85,75,1.000000
fallback,65.0,89,1,0,1,1,86,76,1.000000
fallback,65.0,90,1,1,0,1,87,76,1.000000
fallback,65.0,91,1,0,1,1,88,77,1.000000
fallback,65.0,92,1,0,1,1,89,78,1.000000
fallback,65.0,93,1,0,1,1,90,79,1.000000
fallback,65.0,94,1,0,1,1,91,80,1.000000
fallback,65.0,95,1,0,1,1,92,81,1.000000
fallback,65.0,96,1,0,1,1,93,82,1.000000
fallback,65.0,97,1,0,1,1,94,83,1.000000
fallback,65.0,98,1,0,1,1,95,84,1.000000
fallback,65.0,99,1,0,1,1,96,85,1.000000
fallback,65.0,100,1,0,1,1,97,86,1.000000
fallback,65.0,101,1,0,1,1,98,87,1.000000
fallback,65.0,102,1,0,1,1,99,88,1.000000
fallback,65.0,103,1,1,0,1,100,88,1.000000
fallback,65.0,104,1,1,0,1,101,88,1.000000
fallback,65.0,105,1,0,1,1,102,89,1.000000
fallback,65.0,106,1,0,1,1,103,90,1.000000
fallback,65.0,107,1,1,0,1,104,90,1.000000
fallback,65.0,108,1,1,0,1,105,90,1.000000
fallback,65.0,109,1,0,1,1,106,91,1.000000
fallback,65.0,110,1,1,0,1,107,91,1.000000
fallback,65.0,111,1,0,1,1,108,92,1.000000
fallback,65.0,112,1,0,1,1,109,93,1.000000
fallback,65.0,113,1,0,1,1,110,94,1.000000
fallback,65.0,114,1,0,1,1,111,95,1.000000
fallback,65.0,115,1,0,1,1,112,96,1.000000
fallback,65.0,116,1,0,1,1,113,97,1.000000
fallback,65.0,117,1,0,1,1,114,98,1.000000
fallback,65.0,118,1,0,1,1,115,99,1.000000
fallback,65.0,119,1,0,1,1,116,100,1.000000
fallback,65.0,120,1,0,1,1,117,101,1.000000
fallback,65.0,121,1,0,1,1,118,102,1.000000
fallback,65.0,122,1,0,1,1,119,103,1.000000
fallback,65.0,123,1,1,0,1,120,103,1.000000
fallback,65.0,124,1,1,0,1,121,103,1.000000
fallback,65.0,125,1,0,1,1,122,104,1.000000
fallback,65.0,126,1,0,1,1,123,105,1.000000
fallback,65.0,127,1,0,1,1,124,106,1.000000
fallback,65.0,128,1,0,1,1,125,107,1.000000
fallback,65.0,129,1,0,1,1,126,108,1.000000
fallback,65.0,130,1,0,1,1,127,109,1.000000
fallback,65.0,131,1,0,1,1,128,110,1.000000
fallback,65.0,132,1,0,1,1,129,111,1.000000
fallback,65.0,133,1,0,1,1,130,112,1.000000
fallback,65.0,134,1,1,0,1,131,112,1.000000
fallback,65.0,135,1,1,0,1,132,112,1.000000
fallback,65.0,136,1,0,1,1,133,113,1.000000
fallback,65.0,137,1,0,1,1,134,114,1.000000
fallback,65.0,138,1,0,1,1,135,115,1.000000
fallback,65.0,139,1,0,1,1,136,116,1.000000
fallback,65.0,140,1,0,1,1,137,117,1.000000
fallback,65.0,141,1,1,0,1,138,117,1.000000
fallback,65.0,142,1,0,1,1,139,118,1.000000
fallback,65.0,143,1,0,1,1,140,119,1.000000
fallback,65.0,144,1,0,1,1,141,120,1.000000
fallback,65.0,145,1,1,0,1,142,120,1.000000
fallback,65.0,146,1,0,1,1,143,121,1.000000
fallback,65.0,147,1,0,1,1,144,122,1.000000
fallback,65.0,148,1,0,1,1,145,123,1.000000
fallback,65.0,149,1,0,1,1,146,124,1.000000
fallback,65.0,150,1,0,1,1,147,125,1.000000
fallback,65.0,151,1,0,1,1,148,126,1.000000
fallback,65.0,152,0,0,0,1,148,126,1.000000
fallback,65.0,153,1,0,1,1,149,127,1.000000
fallback,65.0,154,1,0,1,1,150,128,1.000000
fallback,65.0,155,1,0,1,1,151,129,1.000000
fallback,65.0,156,1,0,1,1,152,130,1.000000
fallback,65.0,157,1,0,1,1,153,131,1.000000
fallback,65.0,158,1,0,1,1,154,132,1.000000
fallback,65.0,159,1,1,0,1,155,132,1.000000
fallback,65.0,160,1,1,0,1,156,132,1.000000
fallback,65.0,161,1,0,1,1,157,133,1.000000
fallback,65.0,162,1,0,1,1,158,134,1.000000
fallback,65.0,163,1,0,1,1,159,135,1.000000
fallback,65.0,164,1,0,1,1,160,136,1.000000
fallback,65.0,165,1,0,1,1,161,137,1.000000
fallback,65.0,166,1,0,1,1,162,138,1.000000
fallback,65.0,167,1,0,1,1,163,139,1.000000
fallback,65.0,168,1,0,1,1,164,140,1.000000
fallback,65.0,169,1,0,1,1,165,141,1.000000
fallback,65.0,170,1,0,1,1,166,142,1.000000
fallback,65.0,171,1,0,1,1,167,143,1.000000
fallback,65.0,172,0,0,0,1,167,143,1.000000
fallback,65.0,173,1,0,1,1,168,144,1.000000
fallback,65.0,174,1,0,1,1,169,145,1.000000
fallback,65.0,175,1,0,1,1,170,146,1.000000
fallback,65.0,176,1,0,1,1,171,147,1.000000
fallback,65.0,177,1,1,0,1,172,147,1.000000
fallback,65.0,178,1,0,1,1,173,148,1.000000
fallback,65.0,179,1,0,1,1,174,149,1.000000
fallback,65.0,180,1,0,1,1,175,150,1.000000
fallback,65.0,181,1,0,1,1,176,151,1.000000
fallback,65.0,182,1,1,0,1,177,151,1.000000
fallback,65.0,183,1,0,1,1,178,152,1.000000
fallback,65.0,184,1,0,1,1,179,153,1.000000
fallback,65.0,185,1,0,1,1,180,154,1.000000
fallback,65.0,186,1,0,1,1,181,155,1.000000
fallback,65.0,187,1,0,1,1,182,156,1.000000
fallback,65.0,188,1,1,0,1,183,156,1.000000
fallback,65.0,189,1,1,0,1,184,156,1.000000
fallback,65.0,190,1,0,1,1,185,157,1.000000
fallback,65.0,191,1,0,1,1,186,158,1.000000
fallback,65.0,192,1,1,0,1,187,158,1.000000
fallback,65.0,193,1,0,1,1,188,159,1.000000
fallback,65.0,194,1,0,1,1,189,160,1.000000
fallback,65.0,195,1,0,1,1,190,161,1.000000
fallback,65.0,196,1,0,1,1,191,162,1.000000
fallback,65.0,197,0,0,0,1,191,162,1.000000
fallback,65.0,198,1,0,1,1,192,163,1.000000
fallback,65.0,199,1,0,1,1,193,164,1.000000
fallback,65.0,200,1,0,1,1,194,165,1.000000
fallback,65.0,201,1,1,0,1,195,165,1.000000
fallback,65.0,202,1,0,1,1,196,166,1.000000
fallback,65.0,203,1,0,1,1,197,167,1.000000
fallback,65.0,204,1,0,1,1,198,168,1.000000
fallback,65.0,205,1,1,0,1,199,168,1.000000
fallback,65.0,206,1,0,1,1,200,169,1.000000
fallback,65.0,207,1,0,1,1,201,170,1.000000
fallback,65.0,208,1,0,1,1,202,171,1.000000
fallback,65.0,209,1,0,1,1,203,172,1.000000
fallback,65.0,210,1,0,1,1,204,173,1.000000
fallback,65.0,211,1,0,1,1,205,174,1.000000
fallback,65.0,212,1,0,1,1,206,175,1.000000
fallback,65.0,213,1,1,0,1,207,175,1.000000
fallback,65.0,214,1,0,1,1,208,176,1.000000
fallback,65.0,215,1,0,1,1,209,177,1.000000
fallback,65.0,216,1,0,1,1,210,178,1.000000
fallback,65.0,217,1,0,1,1,211,179,1.000000
fallback,65.0,218,1,0,1,1,212,180,1.000000
fallback,65.0,219,1,0,1,1,213,181,1.000000
fallback,65.0,220,1,0,1,1,214,182,1.000000
fallback,65.0,221,1,0,1,1,215,183,1.000000
fallback,65.0,222,1,0,1,1,216,184,1.000000
fallback,65.0,223,1,1,0,1,217,184,1.000000
fallback,65.0,224,1,0,1,1,218,185,1.000000
fallback,65.0,225,1,0,1,1,219,186,1.000000
fallback,65.0,226,1,0,1,1,220,187,1.000000
fallback,65.0,227,1,0,1,1,221,188,1.000000
fallback,65.0,228,1,0,1,1,222,189,1.000000
fallback,65.0,229,1,1,0,1,223,189,1.000000
fallback,65.0,230,1,1,0,1,224,189,1.000000
fallback,65.0,231,1,0,1,1,225,190,1.000000
fallback,65.0,232,1,0,1,1,226,191,1.000000
fallback,65.0,233,1,0,1,1,227,192,1.000000
fallback,65.0,234,1,0,1,1,228,193,1.000000
fallback,65.0,235,1,0,1,1,229,194,1.000000
fallback,65.0,236,1,0,1,1,230,195,1.000000
fallback,65.0,237,1,0,1,1,231,196,1.000000
fallback,65.0,238,1,1,0,1,232,196,1.000000
fallback,65.0,239,1,0,1,1,233,197,1.000000
fallback,65.0,240,1,1,0,1,234,197,1.000000
fallback,65.0,241,1,0,1,1,235,198,1.000000
fallback,65.0,242,1,1,0,1,236,198,1.000000
fallback,65.0,243,1,0,1,1,237,199,1.000000
fallback,65.0,244,1,1,0,1,238,199,1.000000
fallback,65.0,245,1,0,1,1,239,200,1.000000
fallback,65.0,246,1,1,0,1,240,200,1.000000
fallback,65.0,247,1,0,1,1,241,201,1.000000
fallback,65.0,248,1,0,1,1,242,202,1.000000
fallback,65.0,249,1,0,1,1,243,203,1.000000
fallback,65.0,250,1,0,1,1,244,204,1.000000
fallback,65.0,251,1,0,1,1,245,205,1.000000
fallback,65.0,252,1,0,1,1,246,206,1.000000
fallback,65.0,253,1,0,1,1,247,207,1.000000
fallback,65.0,254,1,1,0,1,248,207,1.000000
fallback,65.0,255,1,0,1,1,249,208,1.000000
fallback,65.0,256,1,0,1,1,250,209,1.000000
fallback,65.0,257,1,0,1,1,251,210,1.000000
fallback,65.0,258,1,1,0,1,252,210,1.000000
fallback,65.0,259,1,0,1,1,253,211,1.000000
fallback,65.0,260,1,0,1,1,254,212,1.000000
fallback,65.0,261,1,1,0,1,255,212,1.000000
fallback,65.0,262,1,0,1,1,256,213,1.000000
fallback,65.0,263,1,0,1,1,257,214,1.000000
fallback,65.0,264,1,0,1,1,258,215,1.000000
fallback,65.0,265,1,0,1,1,259,216,1.000000
fallback,65.0,266,1,0,1,1,260,217,1.000000
fallback,65.0,267,1,0,1,1,261,218,1.000000
fallback,65.0,268,1,0,1,1,262,219,1.000000
fallback,65.0,269,1,0,1,1,263,220,1.000000
fallback,65.0,270,1,0,1,1,264,221,1.000000
fallback,65.0,271,1,1,0,1,265,221,1.000000
fallback,65.0,272,1,0,1,1,266,222,1.000000
fallback,65.0,273,1,0,1,1,267,223,1.000000
fallback,65.0,274,1,0,1,1,268,224,1.000000
fallback,65.0,275,1,0,1,1,269,225,1.000000
fallback,65.0,276,1,0,1,1,270,226,1.000000
fallback,65.0,277,1,1,0,1,271,226,1.000000
fallback,65.0,278,1,0,1,1,272,227,1.000000
fallback,65.0,279,1,0,1,1,273,228,1.000000
fallback,65.0,280,1,0,1,1,274,229,1.000000
fallback,65.0,281,1,0,1,1,275,230,1.000000
fallback,65.0,282,1,1,0,1,276,230,1.000000
fallback,65.0,283,1,0,1,1,277,231,1.000000
fallback,65.0,284,1,0,1,1,278,232,1.000000
fallback,65.0,285,1,0,1,1,279,233,1.000000
fallback,65.0,286,1,0,1,1,280,234,1.000000
fallback,65.0,287,1,0,1,1,281,235,1.000000
fallback,65.0,288,1,0,1,1,282,236,1.000000
fallback,65.0,289,1,1,0,1,283,236,1.000000
fallback,65.0,290,1,0,1,1,284,237,1.000000
fallback,65.0,291,1,1,0,1,285,237,1.000000
fallback,65.0,292,1,1,0,1,286,237,1.000000
fallback,65.0,293,1,1,0,1,287,237,1.000000
fallback,65.0,294,1,0,1,1,288,238,1.000000
fallback,65.0,295,1,0,1,1,289,239,1.000000
fallback,65.0,296,1,0,1,1,290,240,1.000000
fallback,65.0,297,1,0,1,1,291,241,1.000000
fallback,65.0,298,1,0,1,1,292,242,1.000000
fallback,65.0,299,1,0,1,1,293,243,1.000000
fallback,65.0,300,1,0,1,1,294,244,1.000000
fallback,65.0,301,1,0,1,1,295,245,1.000000
fallback,65.0,302,1,0,1,1,296,246,1.000000
fallback,65.0,303,1,0,1,1,297,247,1.000000
fallback,65.0,304,1,0,1,1,298,248,1.000000
fallback,65.0,305,1,0,1,1,299,249,1.000000
fallback,65.0,306,1,0,1,1,300,250,1.000000
fallback,65.0,307,1,0,1,1,301,251,1.000000
fallback,65.0,308,1,0,1,1,302,252,1.000000
fallback,65.0,309,1,0,1,1,303,253,1.000000
fallback,65.0,310,1,0,1,1,304,254,1.000000
fallback,65.0,311,1,0,1,1,305,255,1.000000
fallback,65.0,312,1,1,0,1,306,255,1.000000
fallback,65.0,313,1,0,1,1,307,256,1.000000
fallback,65.0,314,1,0,1,1,308,257,1.000000
fallback,65.0,315,1,0,1,1,309,258,1.000000
fallback,65.0,316,0,0,0,1,309,258,1.000000
fallback,65.0,317,1,0,1,1,310,259,1.000000
fallback,65.0,318,1,0,1,1,311,260,1.000000
fallback,65.0,319,1,0,1,1,312,261,1.000000
fallback,65.0,320,1,0,1,1,313,262,1.000000
fallback,65.0,321,1,0,1,1,314,263,1.000000
fallback,65.0,322,0,0,0,1,314,263,1.000000
fallback,65.0,323,1,0,1,1,315,264,1.000000
fallback,65.0,324,1,0,1,1,316,265,1.000000
fallback,65.0,325,1,0,1,1,317,266,1.000000
fallback,65.0,326,1,0,1,1,318,267,1.000000
fallback,65.0,327,1,0,1,1,319,268,1.000000
fallback,65.0,328,1,0,1,1,320,269,1.000000
fallback,65.0,329,1,0,1,1,321,270,1.000000
fallback,65.0,330,1,1,0,1,322,270,1.000000
fallback,65.0,331,1,0,1,1,323,271,1.000000
fallback,65.0,332,1,0,1,1,324,272,1.000000
fallback,65.0,333,1,0,1,1,325,273,1.000000
fallback,65.0,334,1,0,1,1,326,274,1.000000
fallback,65.0,335,1,0,1,1,327,275,1.000000
fallback,65.0,336,1,0,1,1,328,276,1.000000
fallback,65.0,337,1,0,1,1,329,277,1.000000
fallback,65.0,338,1,0,1,1,330,278,1.000000
fallback,65.0,339,1,0,1,1,331,279,1.000000
fallback,65.0,340,1,0,1,1,332,280,1.000000
fallback,65.0,341,1,0,1,1,333,281,1.000000
fallback,65.0,342,1,0,1,1,334,282,1.000000
fallback,65.0,343,1,0,1,1,335,283,1.000000
fallback,65.0,344,1,0,1,1,336,284,1.000000
fallback,65.0,345,1,1,0,1,337,284,1.000000
fallback,65.0,346,1,0,1,1,338,285,1.000000
fallback,65.0,347,1,0,1,1,339,286,1.000000
fallback,65.0,348,1,0,1,1,340,287,1.000000
fallback,65.0,349,1,0,1,1,341,288,1.000000
fallback,65.0,350,0,0,0,1,341,288,1.000000
fallback,65.0,351,1,0,1,1,342,289,1.000000
fallback,65.0,352,1,0,1,1,343,290,1.000000
fallback,65.0,353,1,0,1,1,344,291,1.000000
fallback,65.0,354,1,0,1,1,345,292,1.000000
fallback,65.0,355,1,0,1,1,346,293,1.000000
fallback,65.0,356,1,0,1,1,347,294,1.000000
fallback,65.0,357,1,0,1,1,348,295,1.000000
fallback,65.0,358,1,0,1,1,349,296,1.000000
fallback,65.0,359,1,0,1,1,350,297,1.000000
fallback,65.0,360,1,0,1,1,351,298,1.000000
fallback,65.0,361,1,0,1,1,352,299,1.000000
fallback,65.0,362,1,0,1,1,353,300,1.000000
fallback,65.0,363,1,0,1,1,354,301,1.000000
fallback,65.0,364,0,0,0,1,354,301,1.000000
fallback,65.0,365,1,0,1,1,355,302,1.000000
fallback,65.0,366,1,0,1,1,356,303,1.000000
fallback,65.0,367,1,0,1,1,357,304,1.000000
fallback,65.0,368,1,1,0,1,358,304,1.000000
fallback,65.0,369,1,0,1,1,359,305,1.000000
fallback,65.0,370,1,0,1,1,360,306,1.000000
fallback,65.0,371,1,0,1,1,361,307,1.000000
fallback,65.0,372,1,0,1,1,362,308,1.000000
fallback,65.0,373,1,0,1,1,363,309,1.000000
fallback,65.0,374,1,0,1,1,364,310,1.000000
fallback,65.0,375,1,0,1,1,365,311,1.000000
fallback,65.0,376,1,1,0,1,366,311,1.000000
fallback,65.0,377,1,0,1,1,367,312,1.000000
fallback,65.0,378,1,0,1,1,368,313,1.000000
fallback,65.0,379,1,0,1,1,369,314,1.000000
fallback,65.0,380,1,0,1,1,370,315,1.000000
fallback,65.0,381,1,0,1,1,371,316,1.000000
fallback,65.0,382,1,0,1,1,372,317,1.000000
fallback,65.0,383,1,0,1,1,373,318,1.000000
fallback,65.0,384,1,0,1,1,374,319,1.000000
fallback,65.0,385,1,0,1,1,375,320,1.000000
fallback,65.0,386,0,1,0,1,375,320,1.000000
fallback,65.0,387,1,0,1,1,376,321,1.000000
fallback,65.0,388,1,0,1,1,377,322,1.000000
fallback,65.0,389,1,1,0,1,378,322,1.000000
fallback,65.0,390,0,0,0,1,378,322,1.000000
fallback,65.0,391,1,0,1,1,379,323,1.000000
fallback,65.0,392,1,1,0,1,380,323,1.000000
fallback,65.0,393,1,0,1,1,381,324,1.000000
fallback,65.0,394,1,1,0,1,382,324,1.000000
fallback,65.0,395,1,0,1,1,383,325,1.000000
fallback,65.0,396,1,0,1,1,384,326,1.000000
fallback,65.0,397,0,0,0,1,384,326,1.000000
fallback,65.0,398,1,1,0,1,385,326,1.000000
fallback,65.0,399,1,0,1,1,386,327,1.000000
fallback,65.0,400,1,0,1,1,387,328,1.000000
fallback,70.0,1,1,1,0,0,1,0,0.000000
fallback,70.0,2,1,0,1,1,2,1,0.750000
fallback,70.0,3,1,1,0,1,3,1,0.703704
fallback,70.0,4,1,0,1,1,4,2,0.937500
fallback,70.0,5,1,0,1,1,5,3,0.989760
fallback,70.0,6,1,0,1,1,6,4,0.998628
fallback,70.0,7,1,0,1,1,7,5,0.999845
fallback,70.0,8,1,0,1,1,8,6,0.999985
fallback,70.0,9,1,0,1,1,9,7,0.999999
fallback,70.0,10,0,0,0,1,9,7,0.999999
fallback,70.0,11,1,0,1,1,10,8,1.000000
fallback,70.0,12,1,0,1,1,11,9,1.000000
fallback,70.0,13,1,0,1,1,12,10,1.000000
fallback,70.0,14,1,1,0,1,13,10,1.000000
fallback,70.0,15,1,1,0,1,14,10,1.000000
fallback,70.0,16,1,0,1,1,15,11,1.000000
fallback,70.0,17,1,0,1,1,16,12,1.000000
fallback,70.0,18,1,0,1,1,17,13,1.000000
fallback,70.0,19,1,0,1,1,18,14,1.000000
fallback,70.0,20,1,1,0,1,19,14,1.000000
fallback,70.0,21,1,0,1,1,20,15,1.000000
fallback,70.0,22,1,0,1,1,21,16,1.000000
fallback,70.0,23,1,0,1,1,22,17,1.000000
fallback,70.0,24,1,0,1,1,23,18,1.000000
fallback,70.0,25,1,0,1,1,24,19,1.000000
fallback,70.0,26,1,0,1,1,25,20,1.000000
fallback,70.0,27,1,0,1,1,26,21,1.000000
fallback,70.0,28,1,0,1,1,27,22,1.000000
fallback,70.0,29,1,0,1,1,28,23,1.000000
fallback,70.0,30,1,0,1,1,29,24,1.000000
fallback,70.0,31,1,0,1,1,30,25,1.000000
fallback,70.0,32,1,0,1,1,31,26,1.000000
fallback,70.0,33,1,0,1,1,32,27,1.000000
fallback,70.0,34,1,0,1,1,33,28,1.000000
fallback,70.0,35,1,0,1,1,34,29,1.000000
fallback,70.0,36,1,0,1,1,35,30,1.000000
fallback,70.0,37,1,0,1,1,36,31,1.000000
fallback,70.0,38,1,0,1,1,37,32,1.000000
fallback,70.0,39,1,0,1,1,38,33,1.000000
fallback,70.0,40,1,0,1,1,39,34,1.000000
fallback,70.0,41,1,0,1,1,40,35,1.000000
fallback,70.0,42,0,0,0,1,40,35,1.000000
fallback,70.0,43,1,0,1,1,41,36,1.000000
fallback,70.0,44,1,0,1,1,42,37,1.000000
fallback,70.0,45,1,0,1,1,43,38,1.000000
fallback,70.0,46,1,0,1,1,44,39,1.000000
fallback,70.0,47,1,0,1,1,45,40,1.000000
fallback,70.0,48,1,0,1,1,46,41,1.000000
fallback,70.0,49,1,0,1,1,47,42,1.000000
fallback,70.0,50,1,1,0,1,48,42,1.000000
fallback,70.0,51,1,0,1,1,49,43,1.000000
fallback,70.0,52,1,0,1,1,50,44,1.000000
fallback,70.0,53,1,0,1,1,51,45,1.000000
fallback,70.0,54,1,0,1,1,52,46,1.000000
fallback,70.0,55,1,0,1,1,53,47,1.000000
fallback,70.0,56,1,0,1,1,54,48,1.000000
fallback,70.0,57,1,0,1,1,55,49,1.000000
fallback,70.0,58,1,0,1,1,56,50,1.000000
fallback,70.0,59,1,1,0,1,57,50,1.000000
fallback,70.0,60,1,0,1,1,58,51,1.000000
fallback,70.0,61,1,0,1,1,59,52,1.000000
fallback,70.0,62,1,0,1,1,60,53,1.000000
fallback,70.0,63,1,0,1,1,61,54,1.000000
fallback,70.0,64,1,0,1,1,62,55,1.000000
fallback,70.0,65,1,0,1,1,63,56,1.000000
fallback,70.0,66,1,0,1,1,64,57,1.000000
fallback,70.0,67,1,1,0,1,65,57,1.000000
fallback,70.0,68,1,0,1,1,66,58,1.000000
fallback,70.0,69,0,0,0,1,66,58,1.000000
fallback,70.0,70,1,0,1,1,67,59,1.000000
fallback,70.0,71,1,0,1,1,68,60,1.000000
fallback,70.0,72,1,0,1,1,69,61,1.000000
fallback,70.0,73,1,1,0,1,70,61,1.000000
fallback,70.0,74,1,0,1,1,71,62,1.000000
fallback,70.0,75,1,1,0,1,72,62,1.000000
fallback,70.0,76,1,0,1,1,73,63,1.000000
fallback,70.0,77,1,0,1,1,74,64,1.000000
fallback,70.0,78,1,0,1,1,75,65,1.000000
fallback,70.0,79,1,0,1,1,76,66,1.000000
fallback,70.0,80,1,1,0,1,77,66,1.000000
fallback,70.0,81,1,1,0,1,78,66,1.000000
fallback,70.0,82,1,1,0,1,79,66,1.000000
fallback,70.0,83,1,0,1,1,80,67,1.000000
fallback,70.0,84,1,0,1,1,81,68,1.000000
fallback,70.0,85,1,0,1,1,82,69,1.000000
fallback,70.0,86,1,0,1,1,83,70,1.000000
fallback,70.0,87,1,0,1,1,84,71,1.000000
fallback,70.0,88,1,0,1,1,85,72,1.000000
fallback,70.0,89,1,0,1,1,86,73,1.000000
fallback,70.0,90,1,0,1,1,87,74,1.000000
fallback,70.0,91,1,1,0,1,88,74,1.000000
fallback,70.0,92,1,0,1,1,89,75,1.000000
fallback,70.0,93,1,0,1,1,90,76,1.000000
fallback,70.0,94,1,0,1,1,91,77,1.000000
fallback,70.0,95,1,0,1,1,92,78,1.000000
fallback,70.0,96,1,1,0,1,93,78,1.000000
fallback,70.0,97,1,0,1,1,94,79,1.000000
fallback,70.0,98,1,1,0,1,95,79,1.000000
fallback,70.0,99,1,0,1,1,96,80,1.000000
fallback,70.0,100,1,0,1,1,97,81,1.000000
fallback,70.0,101,1,0,1,1,98,82,1.000000
fallback,70.0,102,1,0,1,1,99,83,1.000000
fallback,70.0,103,1,0,1,1,100,84,1.000000
fallback,70.0,104,1,0,1,1,101,85,1.000000
fallback,70.0,105,1,0,1,1,102,86,1.000000
fallback,70.0,106,1,0,1,1,103,87,1.000000
fallback,70.0,107,1,0,1,1,104,88,1.000000
fallback,70.0,108,1,0,1,1,105,89,1.000000
fallback,70.0,109,1,0,1,1,106,90,1.000000
fallback,70.0,110,1,0,1,1,107,91,1.000000
fallback,70.0,111,1,0,1,1,108,92,1.000000
fallback,70.0,112,1,0,1,1,109,93,1.000000
fallback,70.0,113,1,0,1,1,110,94,1.000000
fallback,70.0,114,1,0,1,1,111,95,1.000000
fallback,70.0,115,1,0,1,1,112,96,1.000000
fallback,70.0,116,1,0,1,1,113,97,1.000000
fallback,70.0,117,1,0,1,1,114,98,1.000000
fallback,70.0,118,1,1,0,1,115,98,1.000000
fallback,70.0,119,1,0,1,1,116,99,1.000000
fallback,70.0,120,1,0,1,1,117,100,1.000000
fallback,70.0,121,1,0,1,1,118,101,1.000000
fallback,70.0,122,1,1,0,1,119,101,1.000000
fallback,70.0,123,1,0,1,1,120,102,1.000000
fallback,70.0,124,1,0,1,1,121,103,1.000000
fallback,70.0,125,1,0,1,1,122,104,1.000000
fallback,70.0,126,1,0,1,1,123,105,1.000000
fallback,70.0,127,1,0,1,1,124,106,1.000000
fallback,70.0,128,1,1,0,1,125,106,1.000000
fallback,70.0,129,1,0,1,1,126,107,1.000000
fallback,70.0,130,1,0,1,1,127,108,1.000000
fallback,70.0,131,1,0,1,1,128,109,1.000000
fallback,70.0,132,1,1,0,1,129,109,1.000000
fallback,70.0,133,1,0,1,1,130,110,1.000000
fallback,70.0,134,1,0,1,1,131,111,1.000000
fallback,70.0,135,1,0,1,1,132,112,1.000000
fallback,70.0,136,1,0,1,1,133,113,1.000000
fallback,70.0,137,1,0,1,1,134,114,1.000000
fallback,70.0,138,1,0,1,1,135,115,1.000000
fallback,70.0,139,1,0,1,1,136,116,1.000000
fallback,70.0,140,1,0,1,1,137,117,1.000000
fallback,70.0,141,1,0,1,1,138,118,1.000000
fallback,70.0,142,1,0,1,1,139,119,1.000000
fallback,70.0,143,1,0,1,1,140,120,1.000000
fallback,70.0,144,1,0,1,1,141,121,1.000000
fallback,70.0,145,1,0,1,1,142,122,1.000000
fallback,70.0,146,1,0,1,1,143,123,1.000000
fallback,70.0,147,1,0,1,1,144,124,1.000000
fallback,70.0,148,1,0,1,1,145,125,1.000000
fallback,70.0,149,0,0,0,1,145,125,1.000000
fallback,70.0,150,1,0,1,1,146,126,1.000000
fallback,70.0,151,1,0,1,1,147,127,1.000000
fallback,70.0,152,1,1,0,1,148,127,1.000000
fallback,70.0,153,1,0,1,1,149,128,1.000000
fallback,70.0,154,1,0,1,1,150,129,1.000000
fallback,70.0,155,1,0,1,1,151,130,1.000000
fallback,70.0,156,1,0,1,1,152,131,1.000000
fallback,70.0,157,0,0,0,1,152,131,1.000000
fallback,70.0,158,1,0,1,1,153,132,1.000000
fallback,70.0,159,1,0,1,1,154,133,1.000000
fallback,70.0,160,1,0,1,1,155,134,1.000000
fallback,70.0,161,0,0,0,1,155,134,1.000000
fallback,70.0,162,1,1,0,1,156,134,1.000000
fallback,70.0,163,1,0,1,1,157,135,1.000000
fallback,70.0,164,1,1,0,1,158,135,1.000000
fallback,70.0,165,1,0,1,1,159,136,1.000000
fallback,70.0,166,1,1,0,1,160,136,1.000000
fallback,70.0,167,1,0,1,1,161,137,1.000000
fallback,70.0,168,1,0,1,1,162,138,1.000000
fallback,70.0,169,1,0,1,1,163,139,1.000000
fallback,70.0,170,1,0,1,1,164,140,1.000000
fallback,70.0,171,1,0,1,1,165,141,1.000000
fallback,70.0,172,1,0,1,1,166,142,1.000000
fallback,70.0,173,1,0,1,1,167,143,1.000000
fallback,70.0,174,0,1,0,1,167,143,1.000000
fallback,70.0,175,1,1,0,1,168,143,1.000000
fallback,70.0,176,1,0,1,1,169,144,1.000000
fallback,70.0,177,1,1,0,1,170,144,1.000000
fallback,70.0,178,1,1,0,1,171,144,1.000000
fallback,70.0,179,1,0,1,1,172,145,1.000000
fallback,70.0,180,1,1,0,1,173,145,1.000000
fallback,70.0,181,1,0,1,1,174,146,1.000000
fallback,70.0,182,1,0,1,1,175,147,1.000000
fallback,70.0,183,0,0,0,1,175,147,1.000000
fallback,70.0,184,1,0,1,1,176,148,1.000000
fallback,70.0,185,1,0,1,1,177,149,1.000000
fallback,70.0,186,1,0,1,1,178,150,1.000000
fallback,70.0,187,1,0,1,1,179,151,1.000000
fallback,70.0,188,1,0,1,1,180,152,1.000000
fallback,70.0,189,1,0,1,1,181,153,1.000000
fallback,70.0,190,1,0,1,1,182,154,1.000000
fallback,70.0,191,1,0,1,1,183,155,1.000000
fallback,70.0,192,1,0,1,1,184,156,1.000000
fallback,70.0,193,1,0,1,1,185,157,1.000000
fallback,70.0,194,1,0,1,1,186,158,1.000000
fallback,70.0,195,1,0,1,1,187,159,1.000000
fallback,70.0,196,1,0,1,1,188,160,1.000000
fallback,70.0,197,1,1,0,1,189,160,1.000000
fallback,70.0,198,1,0,1,1,190,161,1.000000
fallback,70.0,199,1,0,1,1,191,162,1.000000
fallback,70.0,200,1,0,1,1,192,163,1.000000
fallback,70.0,201,1,0,1,1,193,164,1.000000
fallback,70.0,202,1,0,1,1,194,165,1.000000
fallback,70.0,203,1,0,1,1,195,166,1.000000
fallback,70.0,204,1,1,0,1,196,166,1.000000
fallback,70.0,205,1,0,1,1,197,167,1.000000
fallback,70.0,206,1,0,1,1,198,168,1.000000
fallback,70.0,207,1,0,1,1,199,169,1.000000
fallback,70.0,208,1,0,1,1,200,170,1.000000
fallback,70.0,209,1,0,1,1,201,171,1.000000
fallback,70.0,210,1,0,1,1,202,172,1.000000
fallback,70.0,211,1,0,1,1,203,173,1.000000
fallback,70.0,212,1,0,1,1,204,174,1.000000
fallback,70.0,213,1,0,1,1,205,175,1.000000
fallback,70.0,214,1,0,1,1,206,176,1.000000
fallback,70.0,215,1,1,0,1,207,176,1.000000
fallback,70.0,216,1,0,1,1,208,177,1.000000
fallback,70.0,217,1,0,1,1,209,178,1.000000
fallback,70.0,218,1,0,1,1,210,179,1.000000
fallback,70.0,219,1,0,1,1,211,180,1.000000
fallback,70.0,220,1,0,1,1,212,181,1.000000
fallback,70.0,221,1,0,1,1,213,182,1.000000
fallback,70.0,222,1,0,1,1,214,183,1.000000
fallback,70.0,223,1,0,1,1,215,184,1.000000
fallback,70.0,224,1,0,1,1,216,185,1.000000
fallback,70.0,225,1,0,1,1,217,186,1.000000
fallback,70.0,226,1,0,1,1,218,187,1.000000
fallback,70.0,227,1,1,0,1,219,187,1.000000
fallback,70.0,228,1,0,1,1,220,188,1.000000
fallback,70.0,229,1,0,1,1,221,189,1.000000
fallback,70.0,230,1,0,1,1,222,190,1.000000
fallback,70.0,231,1,0,1,1,223,191,1.000000
fallback,70.0,232,1,0,1,1,224,192,1.000000
fallback,70.0,233,1,0,1,1,225,193,1.000000
fallback,70.0,234,1,0,1,1,226,194,1.000000
fallback,70.0,235,1,0,1,1,227,195,1.000000
fallback,70.0,236,1,0,1,1,228,196,1.000000
fallback,70.0,237,1,0,1,1,229,197,1.000000
fallback,70.0,238,1,0,1,1,230,198,1.000000
fallback,70.0,239,1,0,1,1,231,199,1.000000
fallback,70.0,240,1,0,1,1,232,200,1.000000
fallback,70.0,241,1,1,0,1,233,200,1.000000
fallback,70.0,242,0,0,0,1,233,200,1.000000
fallback,70.0,243,1,0,1,1,234,201,1.000000
fallback,70.0,244,0,0,0,1,234,201,1.000000
fallback,70.0,245,1,0,1,1,235,202,1.000000
fallback,70.0,246,1,0,1,1,236,203,1.000000
fallback,70.0,247,1,0,1,1,237,204,1.000000
fallback,70.0,248,0,0,0,1,237,204,1.000000
fallback,70.0,249,1,0,1,1,238,205,1.000000
fallback,70.0,250,1,0,1,1,239,206,1.000000
fallback,70.0,251,1,0,1,1,240,207,1.000000
fallback,70.0,252,1,0,1,1,241,208,1.000000
fallback,70.0,253,1,0,1,1,242,209,1.000000
fallback,70.0,254,1,0,1,1,243,210,1.000000
fallback,70.0,255,1,0,1,1,244,211,1.000000
fallback,70.0,256,1,0,1,1,245,212,1.000000
fallback,70.0,257,1,0,1,1,246,213,1.000000
fallback,70.0,258,1,0,1,1,247,214,1.000000
fallback,70.0,259,0,0,0,1,247,214,1.000000
fallback,70.0,260,1,0,1,1,248,215,1.000000
fallback,70.0,261,1,0,1,1,249,216,1.000000
fallback,70.0,262,1,0,1,1,250,217,1.000000
fallback,70.0,263,1,0,1,1,251,218,1.000000
fallback,70.0,264,1,0,1,1,252,219,1.000000
fallback,70.0,265,1,0,1,1,253,220,1.000000
fallback,70.0,266,1,0,1,1,254,221,1.000000
fallback,70.0,267,1,0,1,1,255,222,1.000000
fallback,70.0,268,1,0,1,1,256,223,1.000000
fallback,70.0,269,1,0,1,1,257,224,1.000000
fallback,70.0,270,1,0,1,1,258,225,1.000000
fallback,70.0,271,1,0,1,1,259,226,1.000000
fallback,70.0,272,1,0,1,1,260,227,1.000000
fallback,70.0,273,1,0,1,1,261,228,1.000000
fallback,70.0,274,1,0,1,1,262,229,1.000000
fallback,70.0,275,1,0,1,1,263,230,1.000000
fallback,70.0,276,1,0,1,1,264,231,1.000000
fallback,70.0,277,1,0,1,1,265,232,1.000000
fallback,70.0,278,1,1,0,1,266,232,1.000000
fallback,70.0,279,1,0,1,1,267,233,1.000000
fallback,70.0,280,1,1,0,1,268,233,1.000000
fallback,70.0,281,1,0,1,1,269,234,1.000000
fallback,70.0,282,1,1,0,1,270,234,1.000000
fallback,70.0,283,1,0,1,1,271,235,1.000000
fallback,70.0,284,1,0,1,1,272,236,1.000000
fallback,70.0,285,1,0,1,1,273,237,1.000000
fallback,70.0,286,1,0,1,1,274,238,1.000000
fallback,70.0,287,1,0,1,1,275,239,1.000000
fallback,70.0,288,1,0,1,1,276,240,1.000000
fallback,70.0,289,1,0,1,1,277,241,1.000000
fallback,70.0,290,1,0,1,1,278,242,1.000000
fallback,70.0,291,1,0,1,1,279,243,1.000000
fallback,70.0,292,1,0,1,1,280,244,1.000000
fallback,70.0,293,1,0,1,1,281,245,1.000000
fallback,70.0,294,1,1,0,1,282,245,1.000000
fallback,70.0,295,1,0,1,1,283,246,1.000000
fallback,70.0,296,1,0,1,1,284,247,1.000000
fallback,70.0,297,1,0,1,1,285,248,1.000000
fallback,70.0,298,1,0,1,1,286,249,1.000000
fallback,70.0,299,1,0,1,1,287,250,1.000000
fallback,70.0,300,1,1,0,1,288,250,1.000000
fallback,70.0,301,1,0,1,1,289,251,1.000000
fallback,70.0,302,1,0,1,1,290,252,1.000000
fallback,70.0,303,1,0,1,1,291,253,1.000000
fallback,70.0,304,1,0,1,1,292,254,1.000000
fallback,70.0,305,1,0,1,1,293,255,1.000000
fallback,70.0,306,0,1,0,1,293,255,1.000000
fallback,70.0,307,1,0,1,1,294,256,1.000000
fallback,70.0,308,1,0,1,1,295,257,1.000000
fallback,70.0,309,1,0,1,1,296,258,1.000000
fallback,70.0,310,1,0,1,1,297,259,1.000000
fallback,70.0,311,1,0,1,1,298,260,1.000000
fallback,70.0,312,1,0,1,1,299,261,1.000000
fallback,70.0,313,1,0,1,1,300,262,1.000000
fallback,70.0,314,1,0,1,1,301,263,1.000000
fallback,70.0,315,1,0,1,1,302,264,1.000000
fallback,70.0,316,1,0,1,1,303,265,1.000000
fallback,70.0,317,1,1,0,1,304,265,1.000000
fallback,70.0,318,1,0,1,1,305,266,1.000000
fallback,70.0,319,1,0,1,1,306,267,1.000000
fallback,70.0,320,1,0,1,1,307,268,1.000000
fallback,70.0,321,1,0,1,1,308,269,1.000000
fallback,70.0,322,1,0,1,1,309,270,1.000000
fallback,70.0,323,1,0,1,1,310,271,1.000000
fallback,70.0,324,1,0,1,1,311,272,1.000000
fallback,70.0,325,1,0,1,1,312,273,1.000000
fallback,70.0,326,1,0,1,1,313,274,1.000000
fallback,70.0,327,1,0,1,1,314,275,1.000000
fallback,70.0,328,1,0,1,1,315,276,1.000000
fallback,70.0,329,1,0,1,1,316,277,1.000000
fallback,70.0,330,1,0,1,1,317,278,1.000000
fallback,70.0,331,1,0,1,1,318,279,1.000000
fallback,70.0,332,1,0,1,1,319,280,1.000000
fallback,70.0,333,1,0,1,1,320,281,1.000000
fallback,70.0,334,1,0,1,1,321,282,1.000000
fallback,70.0,335,1,0,1,1,322,283,1.000000
fallback,70.0,336,1,1,0,1,323,283,1.000000
fallback,70.0,337,1,0,1,1,324,284,1.000000
fallback,70.0,338,1,0,1,1,325,285,1.000000
fallback,70.0,339,1,0,1,1,326,286,1.000000
fallback,70.0,340,1,0,1,1,327,287,1.000000
fallback,70.0,341,1,0,1,1,328,288,1.000000
fallback,70.0,342,0,0,0,1,328,288,1.000000
fallback,70.0,343,1,0,1,1,329,289,1.000000
fallback,70.0,344,1,0,1,1,330,290,1.000000
fallback,70.0,345,1,1,0,1,331,290,1.000000
fallback,70.0,346,0,0,0,1,331,290,1.000000
fallback,70.0,347,1,0,1,1,332,291,1.000000
fallback,70.0,348,1,0,1,1,333,292,1.000000
fallback,70.0,349,1,1,0,1,334,292,1.000000
fallback,70.0,350,1,0,1,1,335,293,1.000000
fallback,70.0,351,1,0,1,1,336,294,1.000000
fallback,70.0,352,1,0,1,1,337,295,1.000000
fallback,70.0,353,1,0,1,1,338,296,1.000000
fallback,70.0,354,1,0,1,1,339,297,1.000000
fallback,70.0,355,1,0,1,1,340,298,1.000000
fallback,70.0,356,1,1,0,1,341,298,1.000000
fallback,70.0,357,1,0,1,1,342,299,1.000000
fallback,70.0,358,1,0,1,1,343,300,1.000000
fallback,70.0,359,1,0,1,1,344,301,1.000000
fallback,70.0,360,1,0,1,1,345,302,1.000000
fallback,70.0,361,1,1,0,1,346,302,1.000000
fallback,70.0,362,1,0,1,1,347,303,1.000000
fallback,70.0,363,1,0,1,1,348,304,1.000000
fallback,70.0,364,1,0,1,1,349,305,1.000000
fallback,70.0,365,1,0,1,1,350,306,1.000000
fallback,70.0,366,1,0,1,1,351,307,1.000000
fallback,70.0,367,1,1,0,1,352,307,1.000000
fallback,70.0,368,1,0,1,1,353,308,1.000000
fallback,70.0,369,1,0,1,1,354,309,1.000000
fallback,70.0,370,1,0,1,1,355,310,1.000000
fallback,70.0,371,1,0,1,1,356,311,1.000000
fallback,70.0,372,1,0,1,1,357,312,1.000000
fallback,70.0,373,1,0,1,1,358,313,1.000000
fallback,70.0,374,1,0,1,1,359,314,1.000000
fallback,70.0,375,1,0,1,1,360,315,1.000000
fallback,70.0,376,1,1,0,1,361,315,1.000000
fallback,70.0,377,1,0,1,1,362,316,1.000000
fallback,70.0,378,1,0,1,1,363,317,1.000000
fallback,70.0,379,1,0,1,1,364,318,1.000000
fallback,70.0,380,1,0,1,1,365,319,1.000000
fallback,70.0,381,1,0,1,1,366,320,1.000000
fallback,70.0,382,1,0,1,1,367,321,1.000000
fallback,70.0,383,1,0,1,1,368,322,1.000000
fallback,70.0,384,1,0,1,1,369,323,1.000000
fallback,70.0,385,1,0,1,1,370,324,1.000000
fallback,70.0,386,1,0,1,1,371,325,1.000000
fallback,70.0,387,1,0,1,1,372,326,1.000000
fallback,70.0,388,1,0,1,1,373,327,1.000000
fallback,70.0,389,1,0,1,1,374,328,1.000000
fallback,70.0,390,1,0,1,1,375,329,1.000000
fallback,70.0,391,1,0,1,1,376,330,1.000000
fallback,70.0,392,1,0,1,1,377,331,1.000000
fallback,70.0,393,1,0,1,1,378,332,1.000000
fallback,70.0,394,1,0,1,1,379,333,1.000000
fallback,70.0,395,1,1,0,1,380,333,1.000000
fallback,70.0,396,1,0,1,1,381,334,1.000000
fallback,70.0,397,1,1,0,1,382,334,1.000000
fallback,70.0,398,0,0,0,1,382,334,1.000000
fallback,70.0,399,1,0,1,1,383,335,1.000000
fallback,70.0,400,1,0,1,1,384,336,1.000000
fallback,75.0,1,1,0,1,1,1,1,1.000000
fallback,75.0,2,1,0,1,1,2,2,1.000000
fallback,75.0,3,1,0,1,1,3,3,1.000000
fallback,75.0,4,1,0,1,1,4,4,1.000000
fallback,75.0,5,1,0,1,1,5,5,1.000000
fallback,75.0,6,1,0,1,1,6,6,1.000000
fallback,75.0,7,1,0,1,1,7,7,1.000000
fallback,75.0,8,1,0,1,1,8,8,1.000000
fallback,75.0,9,1,0,1,1,9,9,1.000000
fallback,75.0,10,1,0,1,1,10,10,1.000000
fallback,75.0,11,1,0,1,1,11,11,1.000000
fallback,75.0,12,1,0,1,1,12,12,1.000000
fallback,75.0,13,1,0,1,1,13,13,1.000000
fallback,75.0,14,1,1,0,1,14,13,1.000000
fallback,75.0,15,1,0,1,1,15,14,1.000000
fallback,75.0,16,1,0,1,1,16,15,1.000000
fallback,75.0,17,1,0,1,1,17,16,1.000000
fallback,75.0,18,1,0,1,1,18,17,1.000000
fallback,75.0,19,1,0,1,1,19,18,1.000000
fallback,75.0,20,1,0,1,1,20,19,1.000000
fallback,75.0,21,1,0,1,1,21,20,1.000000
fallback,75.0,22,1,0,1,1,22,21,1.000000
fallback,75.0,23,1,0,1,1,23,22,1.000000
fallback,75.0,24,0,0,0,1,23,22,1.000000
fallback,75.0,25,1,0,1,1,24,23,1.000000
fallback,75.0,26,1,0,1,1,25,24,1.000000
fallback,75.0,27,1,0,1,1,26,25,1.000000
fallback,75.0,28,1,0,1,1,27,26,1.000000
fallback,75.0,29,1,1,0,1,28,26,1.000000
fallback,75.0,30,1,0,1,1,29,27,1.000000
fallback,75.0,31,1,0,1,1,30,28,1.000000
fallback,75.0,32,1,0,1,1,31,29,1.000000
fallback,75.0,33,1,0,1,1,32,30,1.000000
fallback,75.0,34,1,0,1,1,33,31,1.000000
fallback,75.0,35,1,0,1,1,34,32,1.000000
fallback,75.0,36,1,0,1,1,35,33,1.000000
fallback,75.0,37,1,0,1,1,36,34,1.000000
fallback,75.0,38,1,0,1,1,37,35,1.000000
fallback,75.0,39,1,0,1,1,38,36,1.000000
fallback,75.0,40,1,1,0,1,39,36,1.000000
fallback,75.0,41,1,0,1,1,40,37,1.000000
fallback,75.0,42,1,0,1,1,41,38,1.000000
fallback,75.0,43,1,0,1,1,42,39,1.000000
fallback,75.0,44,1,0,1,1,43,40,1.000000
fallback,75.0,45,1,0,1,1,44,41,1.000000
fallback,75.0,46,0,0,0,1,44,41,1.000000
fallback,75.0,47,1,0,1,1,45,42,1.000000
fallback,75.0,48,1,0,1,1,46,43,1.000000
fallback,75.0,49,1,0,1,1,47,44,1.000000
fallback,75.0,50,1,1,0,1,48,44,1.000000
fallback,75.0,51,1,0,1,1,49,45,1.000000
fallback,75.0,52,1,0,1,1,50,46,1.000000
fallback,75.0,53,1,0,1,1,51,47,1.000000
fallback,75.0,54,1,0,1,1,52,48,1.000000
fallback,75.0,55,1,0,1,1,53,49,1.000000
fallback,75.0,56,1,0,1,1,54,50,1.000000
fallback,75.0,57,1,0,1,1,55,51,1.000000
fallback,75.0,58,1,0,1,1,56,52,1.000000
fallback,75.0,59,1,0,1,1,57,53,1.000000
fallback,75.0,60,0,0,0,1,57,53,1.000000
fallback,75.0,61,1,0,1,1,58,54,1.000000
fallback,75.0,62,1,0,1,1,59,55,1.000000
fallback,75.0,63,1,0,1,1,60,56,1.000000
fallback,75.0,64,1,0,1,1,61,57,1.000000
fallback,75.0,65,1,0,1,1,62,58,1.000000
fallback,75.0,66,1,1,0,1,63,58,1.000000
fallback,75.0,67,1,0,1,1,64,59,1.000000
fallback,75.0,68,1,0,1,1,65,60,1.000000
fallback,75.0,69,1,0,1,1,66,61,1.000000
fallback,75.0,70,1,0,1,1,67,62,1.000000
fallback,75.0,71,1,0,1,1,68,63,1.000000
fallback,75.0,72,1,0,1,1,69,64,1.000000
fallback,75.0,73,1,1,0,1,70,64,1.000000
fallback,75.0,74,1,0,1,1,71,65,1.000000
fallback,75.0,75,0,0,0,1,71,65,1.000000
fallback,75.0,76,1,0,1,1,72,66,1.000000
fallback,75.0,77,1,1,0,1,73,66,1.000000
fallback,75.0,78,1,0,1,1,74,67,1.000000
fallback,75.0,79,1,0,1,1,75,68,1.000000
fallback,75.0,80,1,0,1,1,76,69,1.000000
fallback,75.0,81,1,0,1,1,77,70,1.000000
fallback,75.0,82,1,1,0,1,78,70,1.000000
fallback,75.0,83,1,0,1,1,79,71,1.000000
fallback,75.0,84,1,0,1,1,80,72,1.000000
fallback,75.0,85,1,0,1,1,81,73,1.000000
fallback,75.0,86,1,0,1,1,82,74,1.000000
fallback,75.0,87,1,0,1,1,83,75,1.000000
fallback,75.0,88,1,0,1,1,84,76,1.000000
fallback,75.0,89,1,0,1,1,85,77,1.000000
fallback,75.0,90,1,0,1,1,86,78,1.000000
fallback,75.0,91,1,1,0,1,87,78,1.000000
fallback,75.0,92,1,0,1,1,88,79,1.000000
fallback,75.0,93,1,0,1,1,89,80,1.000000
fallback,75.0,94,1,1,0,1,90,80,1.000000
fallback,75.0,95,1,0,1,1,91,81,1.000000
fallback,75.0,96,1,1,0,1,92,81,1.000000
fallback,75.0,97,1,0,1,1,93,82,1.000000
fallback,75.0,98,0,0,0,1,93,82,1.000000
fallback,75.0,99,1,0,1,1,94,83,1.000000
fallback,75.0,100,1,0,1,1,95,84,1.000000
fallback,75.0,101,1,0,1,1,96,85,1.000000
fallback,75.0,102,1,1,0,1,97,85,1.000000
fallback,75.0,103,1,0,1,1,98,86,1.000000
fallback,75.0,104,1,0,1,1,99,87,1.000000
fallback,75.0,105,1,0,1,1,100,88,1.000000
fallback,75.0,106,1,0,1,1,101,89,1.000000
fallback,75.0,107,1,0,1,1,102,90,1.000000
fallback,75.0,108,1,0,1,1,103,91,1.000000
fallback,75.0,109,1,0,1,1,104,92,1.000000
fallback,75.0,110,1,0,1,1,105,93,1.000000
fallback,75.0,111,1,0,1,1,106,94,1.000000
fallback,75.0,112,1,0,1,1,107,95,1.000000
fallback,75.0,113,1,0,1,1,108,96,1.000000
fallback,75.0,114,1,0,1,1,109,97,1.000000
fallback,75.0,115,1,0,1,1,110,98,1.000000
fallback,75.0,116,1,0,1,1,111,99,1.000000
fallback,75.0,117,1,0,1,1,112,100,1.000000
fallback,75.0,118,1,0,1,1,113,101,1.000000
fallback,75.0,119,1,0,1,1,114,102,1.000000
fallback,75.0,120,1,0,1,1,115,103,1.000000
fallback,75.0,121,1,0,1,1,116,104,1.000000
fallback,75.0,122,1,0,1,1,117,105,1.000000
fallback,75.0,123,1,0,1,1,118,106,1.000000
fallback,75.0,124,1,1,0,1,119,106,1.000000
fallback,75.0,125,1,0,1,1,120,107,1.000000
fallback,75.0,126,1,0,1,1,121,108,1.000000
fallback,75.0,127,1,0,1,1,122,109,1.000000
fallback,75.0,128,1,0,1,1,123,110,1.000000
fallback,75.0,129,1,0,1,1,124,111,1.000000
fallback,75.0,130,1,0,1,1,125,112,1.000000
fallback,75.0,131,1,0,1,1,126,113,1.000000
fallback,75.0,132,1,0,1,1,127,114,1.000000
fallback,75.0,133,1,0,1,1,128,115,1.000000
fallback,75.0,134,1,0,1,1,129,116,1.000000
fallback,75.0,135,1,0,1,1,130,117,1.000000
fallback,75.0,136,1,0,1,1,131,118,1.000000
fallback,75.0,137,1,0,1,1,132,119,1.000000
fallback,75.0,138,1,0,1,1,133,120,1.000000
fallback,75.0,139,1,0,1,1,134,121,1.000000
fallback,75.0,140,1,0,1,1,135,122,1.000000
fallback,75.0,141,1,0,1,1,136,123,1.000000
fallback,75.0,142,1,0,1,1,137,124,1.000000
fallback,75.0,143,1,1,0,1,138,124,1.000000
fallback,75.0,144,1,0,1,1,139,125,1.000000
fallback,75.0,145,1,0,1,1,140,126,1.000000
fallback,75.0,146,1,0,1,1,141,127,1.000000
fallback,75.0,147,1,0,1,1,142,128,1.000000
fallback,75.0,148,1,0,1,1,143,129,1.000000
fallback,75.0,149,1,0,1,1,144,130,1.000000
fallback,75.0,150,1,0,1,1,145,131,1.000000
fallback,75.0,151,1,0,1,1,146,132,1.000000
fallback,75.0,152,0,0,0,1,146,132,1.000000
fallback,75.0,153,1,0,1,1,147,133,1.000000
fallback,75.0,154,1,0,1,1,148,134,1.000000
fallback,75.0,155,1,0,1,1,149,135,1.000000
fallback,75.0,156,1,0,1,1,150,136,1.000000
fallback,75.0,157,1,0,1,1,151,137,1.000000
fallback,75.0,158,1,0,1,1,152,138,1.000000
fallback,75.0,159,1,0,1,1,153,139,1.000000
fallback,75.0,160,1,0,1,1,154,140,1.000000
fallback,75.0,161,1,0,1,1,155,141,1.000000
fallback,75.0,162,1,1,0,1,156,141,1.000000
fallback,75.0,163,1,0,1,1,157,142,1.000000
fallback,75.0,164,1,0,1,1,158,143,1.000000
fallback,75.0,165,1,0,1,1,159,144,1.000000
fallback,75.0,166,1,0,1,1,160,145,1.000000
fallback,75.0,167,1,0,1,1,161,146,1.000000
fallback,75.0,168,1,0,1,1,162,147,1.000000
fallback,75.0,169,1,0,1,1,163,148,1.000000
fallback,75.0,170,1,1,0,1,164,148,1.000000
fallback,75.0,171,1,0,1,1,165,149,1.000000
fallback,75.0,172,1,0,1,1,166,150,1.000000
fallback,75.0,173,1,1,0,1,167,150,1.000000
fallback,75.0,174,1,0,1,1,168,151,1.000000
fallback,75.0,175,1,0,1,1,169,152,1.000000
fallback,75.0,176,1,0,1,1,170,153,1.000000
fallback,75.0,177,1,0,1,1,171,154,1.000000
fallback,75.0,178,1,0,1,1,172,155,1.000000
fallback,75.0,179,1,0,1,1,173,156,1.000000
fallback,75.0,180,1,0,1,1,174,157,1.000000
fallback,75.0,181,1,1,0,1,175,157,1.000000
fallback,75.0,182,1,0,1,1,176,158,1.000000
fallback,75.0,183,1,0,1,1,177,159,1.000000
fallback,75.0,184,1,0,1,1,178,160,1.000000
fallback,75.0,185,1,0,1,1,179,161,1.000000
fallback,75.0,186,1,0,1,1,180,162,1.000000
fallback,75.0,187,1,0,1,1,181,163,1.000000
fallback,75.0,188,1,0,1,1,182,164,1.000000
fallback,75.0,189,1,0,1,1,183,165,1.000000
fallback,75.0,190,1,0,1,1,184,166,1.000000
fallback,75.0,191,1,0,1,1,185,167,1.000000
fallback,75.0,192,1,0,1,1,186,168,1.000000
fallback,75.0,193,1,0,1,1,187,169,1.000000
fallback,75.0,194,1,0,1,1,188,170,1.000000
fallback,75.0,195,1,0,1,1,189,171,1.000000
fallback,75.0,196,1,0,1,1,190,172,1.000000
fallback,75.0,197,1,0,1,1,191,173,1.000000
fallback,75.0,198,1,1,0,1,192,173,1.000000
fallback,75.0,199,1,0,1,1,193,174,1.000000
fallback,75.0,200,1,0,1,1,194,175,1.000000
fallback,75.0,201,1,1,0,1,195,175,1.000000
fallback,75.0,202,1,0,1,1,196,176,1.000000
fallback,75.0,203,1,0,1,1,197,177,1.000000
fallback,75.0,204,1,0,1,1,198,178,1.000000
fallback,75.0,205,1,0,1,1,199,179,1.000000
fallback,75.0,206,1,0,1,1,200,180,1.000000
fallback,75.0,207,1,0,1,1,201,181,1.000000
fallback,75.0,208,1,0,1,1,202,182,1.000000
fallback,75.0,209,1,0,1,1,203,183,1.000000
fallback,75.0,210,1,0,1,1,204,184,1.000000
fallback,75.0,211,1,0,1,1,205,185,1.000000
fallback,75.0,212,1,0,1,1,206,186,1.000000
fallback,75.0,213,1,0,1,1,207,187,1.000000
fallback,75.0,214,1,0,1,1,208,188,1.000000
fallback,75.0,215,1,1,0,1,209,188,1.000000
fallback,75.0,216,1,1,0,1,210,188,1.000000
fallback,75.0,217,1,0,1,1,211,189,1.000000
fallback,75.0,218,1,0,1,1,212,190,1.000000
fallback,75.0,219,1,0,1,1,213,191,1.000000
fallback,75.0,220,1,0,1,1,214,192,1.000000
fallback,75.0,221,1,0,1,1,215,193,1.000000
fallback,75.0,222,1,0,1,1,216,194,1.000000
fallback,75.0,223,1,0,1,1,217,195,1.000000
fallback,75.0,224,1,0,1,1,218,196,1.000000
fallback,75.0,225,1,0,1,1,219,197,1.000000
fallback,75.0,226,1,0,1,1,220,198,1.000000
fallback,75.0,227,1,0,1,1,221,199,1.000000
fallback,75.0,228,1,0,1,1,222,200,1.000000
fallback,75.0,229,1,1,0,1,223,200,1.000000
fallback,75.0,230,1,0,1,1,224,201,1.000000
fallback,75.0,231,1,0,1,1,225,202,1.000000
fallback,75.0,232,1,0,1,1,226,203,1.000000
fallback,75.0,233,1,0,1,1,227,204,1.000000
fallback,75.0,234,1,0,1,1,228,205,1.000000
fallback,75.0,235,1,0,1,1,229,206,1.000000
fallback,75.0,236,1,0,1,1,230,207,1.000000
fallback,75.0,237,1,0,1,1,231,208,1.000000
fallback,75.0,238,1,0,1,1,232,209,1.000000
fallback,75.0,239,1,1,0,1,233,209,1.000000
fallback,75.0,240,1,1,0,1,234,209,1.000000
fallback,75.0,241,1,0,1,1,235,210,1.000000
fallback,75.0,242,1,1,0,1,236,210,1.000000
fallback,75.0,243,1,0,1,1,237,211,1.000000
fallback,75.0,244,1,0,1,1,238,212,1.000000
fallback,75.0,245,1,0,1,1,239,213,1.000000
fallback,75.0,246,1,0,1,1,240,214,1.000000
fallback,75.0,247,1,0,1,1,241,215,1.000000
fallback,75.0,248,1,0,1,1,242,216,1.000000
fallback,75.0,249,1,0,1,1,243,217,1.000000
fallback,75.0,250,0,0,0,1,243,217,1.000000
fallback,75.0,251,1,0,1,1,244,218,1.000000
fallback,75.0,252,1,0,1,1,245,219,1.000000
fallback,75.0,253,1,0,1,1,246,220,1.000000
fallback,75.0,254,1,0,1,1,247,221,1.000000
fallback,75.0,255,1,0,1,1,248,222,1.000000
fallback,75.0,256,0,1,0,1,248,222,1.000000
fallback,75.0,257,1,0,1,1,249,223,1.000000
fallback,75.0,258,1,0,1,1,250,224,1.000000
fallback,75.0,259,1,0,1,1,251,225,1.000000
fallback,75.0,260,1,0,1,1,252,226,1.000000
fallback,75.0,261,1,1,0,1,253,226,1.000000
fallback,75.0,262,1,0,1,1,254,227,1.000000
fallback,75.0,263,1,0,1,1,255,228,1.000000
fallback,75.0,264,1,0,1,1,256,229,1.000000
fallback,75.0,265,1,0,1,1,257,230,1.000000
fallback,75.0,266,1,0,1,1,258,231,1.000000
fallback,75.0,267,1,0,1,1,259,232,1.000000
fallback,75.0,268,1,0,1,1,260,233,1.000000
fallback,75.0,269,1,0,1,1,261,234,1.000000
fallback,75.0,270,1,0,1,1,262,235,1.000000
fallback,75.0,271,1,0,1,1,263,236,1.000000
fallback,75.0,272,1,1,0,1,264,236,1.000000
fallback,75.0,273,1,0,1,1,265,237,1.000000
fallback,75.0,274,1,0,1,1,266,238,1.000000
fallback,75.0,275,1,0,1,1,267,239,1.000000
fallback,75.0,276,1,1,0,1,268,239,1.000000
fallback,75.0,277,1,0,1,1,269,240,1.000000
fallback,75.0,278,1,0,1,1,270,241,1.000000
fallback,75.0,279,1,0,1,1,271,242,1.000000
fallback,75.0,280,1,0,1,1,272,243,1.000000
fallback,75.0,281,1,0,1,1,273,244,1.000000
fallback,75.0,282,1,0,1,1,274,245,1.000000
fallback,75.0,283,1,0,1,1,275,246,1.000000
fallback,75.0,284,1,0,1,1,276,247,1.000000
fallback,75.0,285,1,0,1,1,277,248,1.000000
fallback,75.0,286,1,0,1,1,278,249,1.000000
fallback,75.0,287,1,0,1,1,279,250,1.000000
fallback,75.0,288,1,0,1,1,280,251,1.000000
fallback,75.0,289,1,0,1,1,281,252,1.000000
fallback,75.0,290,1,0,1,1,282,253,1.000000
fallback,75.0,291,1,1,0,1,283,253,1.000000
fallback,75.0,292,1,0,1,1,284,254,1.000000
fallback,75.0,293,1,0,1,1,285,255,1.000000
fallback,75.0,294,1,0,1,1,286,256,1.000000
fallback,75.0,295,1,0,1,1,287,257,1.000000
fallback,75.0,296,1,0,1,1,288,258,1.000000
fallback,75.0,297,1,0,1,1,289,259,1.000000
fallback,75.0,298,1,0,1,1,290,260,1.000000
fallback,75.0,299,1,0,1,1,291,261,1.000000
fallback,75.0,300,1,0,1,1,292,262,1.000000
fallback,75.0,301,1,0,1,1,293,263,1.000000
fallback,75.0,302,1,0,1,1,294,264,1.000000
fallback,75.0,303,1,0,1,1,295,265,1.000000
fallback,75.0,304,0,0,0,1,295,265,1.000000
fallback,75.0,305,1,0,1,1,296,266,1.000000
fallback,75.0,306,1,0,1,1,297,267,1.000000
fallback,75.0,307,1,0,1,1,298,268,1.000000
fallback,75.0,308,1,0,1,1,299,269,1.000000
fallback,75.0,309,1,0,1,1,300,270,1.000000
fallback,75.0,310,1,0,1,1,301,271,1.000000
fallback,75.0,311,1,0,1,1,302,272,1.000000
fallback,75.0,312,1,1,0,1,303,272,1.000000
fallback,75.0,313,1,0,1,1,304,273,1.000000
fallback,75.0,314,1,0,1,1,305,274,1.000000
fallback,75.0,315,1,0,1,1,306,275,1.000000
fallback,75.0,316,0,0,0,1,306,275,1.000000
fallback,75.0,317,1,0,1,1,307,276,1.000000
fallback,75.0,318,1,0,1,1,308,277,1.000000
fallback,75.0,319,1,0,1,1,309,278,1.000000
fallback,75.0,320,1,0,1,1,310,279,1.000000
fallback,75.0,321,1,0,1,1,311,280,1.000000
fallback,75.0,322,1,0,1,1,312,281,1.000000
fallback,75.0,323,1,0,1,1,313,282,1.000000
fallback,75.0,324,1,0,1,1,314,283,1.000000
fallback,75.0,325,0,0,0,1,314,283,1.000000
fallback,75.0,326,1,0,1,1,315,284,1.000000
fallback,75.0,327,1,0,1,1,316,285,1.000000
fallback,75.0,328,1,0,1,1,317,286,1.000000
fallback,75.0,329,1,0,1,1,318,287,1.000000
fallback,75.0,330,1,0,1,1,319,288,1.000000
fallback,75.0,331,1,0,1,1,320,289,1.000000
fallback,75.0,332,1,0,1,1,321,290,1.000000
fallback,75.0,333,1,1,0,1,322,290,1.000000
fallback,75.0,334,1,0,1,1,323,291,1.000000
fallback,75.0,335,1,0,1,1,324,292,1.000000
fallback,75.0,336,1,0,1,1,325,293,1.000000
fallback,75.0,337,1,0,1,1,326,294,1.000000
fallback,75.0,338,1,0,1,1,327,295,1.000000
fallback,75.0,339,1,0,1,1,328,296,1.000000
fallback,75.0,340,0,0,0,1,328,296,1.000000
fallback,75.0,341,1,0,1,1,329,297,1.000000
fallback,75.0,342,1,0,1,1,330,298,1.000000
fallback,75.0,343,1,0,1,1,331,299,1.000000
fallback,75.0,344,1,0,1,1,332,300,1.000000
fallback,75.0,345,1,0,1,1,333,301,1.000000
fallback,75.0,346,1,0,1,1,334,302,1.000000
fallback,75.0,347,1,1,0,1,335,302,1.000000
fallback,75.0,348,1,0,1,1,336,303,1.000000
fallback,75.0,349,1,0,1,1,337,304,1.000000
fallback,75.0,350,1,0,1,1,338,305,1.000000
fallback,75.0,351,1,0,1,1,339,306,1.000000
fallback,75.0,352,1,0,1,1,340,307,1.000000
fallback,75.0,353,1,0,1,1,341,308,1.000000
fallback,75.0,354,1,0,1,1,342,309,1.000000
fallback,75.0,355,1,1,0,1,343,309,1.000000
fallback,75.0,356,1,0,1,1,344,310,1.000000
fallback,75.0,357,1,0,1,1,345,311,1.000000
fallback,75.0,358,1,0,1,1,346,312,1.000000
fallback,75.0,359,1,0,1,1,347,313,1.000000
fallback,75.0,360,1,0,1,1,348,314,1.000000
fallback,75.0,361,1,0,1,1,349,315,1.000000
fallback,75.0,362,1,0,1,1,350,316,1.000000
fallback,75.0,363,1,0,1,1,351,317,1.000000
fallback,75.0,364,1,1,0,1,352,317,1.000000
fallback,75.0,365,1,0,1,1,353,318,1.000000
fallback,75.0,366,1,0,1,1,354,319,1.000000
fallback,75.0,367,1,0,1,1,355,320,1.000000
fallback,75.0,368,1,0,1,1,356,321,1.000000
fallback,75.0,369,1,0,1,1,357,322,1.000000
fallback,75.0,370,1,0,1,1,358,323,1.000000
fallback,75.0,371,1,0,1,1,359,324,1.000000
fallback,75.0,372,1,0,1,1,360,325,1.000000
fallback,75.0,373,1,0,1,1,361,326,1.000000
fallback,75.0,374,0,0,0,1,361,326,1.000000
fallback,75.0,375,1,0,1,1,362,327,1.000000
fallback,75.0,376,1,0,1,1,363,328,1.000000
fallback,75.0,377,1,0,1,1,364,329,1.000000
fallback,75.0,378,1,0,1,1,365,330,1.000000
fallback,75.0,379,1,0,1,1,366,331,1.000000
fallback,75.0,380,1,0,1,1,367,332,1.000000
fallback,75.0,381,0,0,0,1,367,332,1.000000
fallback,75.0,382,1,0,1,1,368,333,1.000000
fallback,75.0,383,1,0,1,1,369,334,1.000000
fallback,75.0,384,1,0,1,1,370,335,1.000000
fallback,75.0,385,1,0,1,1,371,336,1.000000
fallback,75.0,386,1,0,1,1,372,337,1.000000
fallback,75.0,387,1,1,0,1,373,337,1.000000
fallback,75.0,388,1,0,1,1,374,338,1.000000
fallback,75.0,389,1,0,1,1,375,339,1.000000
fallback,75.0,390,1,0,1,1,376,340,1.000000
fallback,75.0,391,1,0,1,1,377,341,1.000000
fallback,75.0,392,1,0,1,1,378,342,1.000000
fallback,75.0,393,1,0,1,1,379,343,1.000000
fallback,75.0,394,1,0,1,1,380,344,1.000000
fallback,75.0,395,1,0,1,1,381,345,1.000000
fallback,75.0,396,1,0,1,1,382,346,1.000000
fallback,75.0,397,1,0,1,1,383,347,1.000000
fallback,75.0,398,1,1,0,1,384,347,1.000000
fallback,75.0,399,1,0,1,1,385,348,1.000000
fallback,75.0,400,1,0,1,1,386,349,1.000000
fallback,80.0,1,1,0,1,1,1,1,1.000000
fallback,80.0,2,1,0,1,1,2,2,1.000000
fallback,80.0,3,1,0,1,1,3,3,1.000000
fallback,80.0,4,1,0,1,1,4,4,1.000000
fallback,80.0,5,1,0,1,1,5,5,1.000000
fallback,80.0,6,1,0,1,1,6,6,1.000000
fallback,80.0,7,1,0,1,1,7,7,1.000000
fallback,80.0,8,1,0,1,1,8,8,1.000000
fallback,80.0,9,1,0,1,1,9,9,1.000000
fallback,80.0,10,1,0,1,1,10,10,1.000000
fallback,80.0,11,1,0,1,1,11,11,1.000000
fallback,80.0,12,1,0,1,1,12,12,1.000000
fallback,80.0,13,1,0,1,1,13,13,1.000000
fallback,80.0,14,1,0,1,1,14,14,1.000000
fallback,80.0,15,1,0,1,1,15,15,1.000000
fallback,80.0,16,1,0,1,1,16,16,1.000000
fallback,80.0,17,1,0,1,1,17,17,1.000000
fallback,80.0,18,1,0,1,1,18,18,1.000000
fallback,80.0,19,1,0,1,1,19,19,1.000000
fallback,80.0,20,1,0,1,1,20,20,1.000000
fallback,80.0,21,1,0,1,1,21,21,1.000000
fallback,80.0,22,1,0,1,1,22,22,1.000000
fallback,80.0,23,1,0,1,1,23,23,1.000000
fallback,80.0,24,1,0,1,1,24,24,1.000000
fallback,80.0,25,1,0,1,1,25,25,1.000000
fallback,80.0,26,1,0,1,1,26,26,1.000000
fallback,80.0,27,1,1,0,1,27,26,1.000000
fallback,80.0,28,1,0,1,1,28,27,1.000000
fallback,80.0,29,1,0,1,1,29,28,1.000000
fallback,80.0,30,0,0,0,1,29,28,1.000000
fallback,80.0,31,1,0,1,1,30,29,1.000000
fallback,80.0,32,1,0,1,1,31,30,1.000000
fallback,80.0,33,1,0,1,1,32,31,1.000000
fallback,80.0,34,0,0,0,1,32,31,1.000000
fallback,80.0,35,1,0,1,1,33,32,1.000000
fallback,80.0,36,1,0,1,1,34,33,1.000000
fallback,80.0,37,1,0,1,1,35,34,1.000000
fallback,80.0,38,1,0,1,1,36,35,1.000000
fallback,80.0,39,1,0,1,1,37,36,1.000000
fallback,80.0,40,1,1,0,1,38,36,1.000000
fallback,80.0,41,1,0,1,1,39,37,1.000000
fallback,80.0,42,1,0,1,1,40,38,1.000000
fallback,80.0,43,1,0,1,1,41,39,1.000000
fallback,80.0,44,1,0,1,1,42,40,1.000000
fallback,80.0,45,1,0,1,1,43,41,1.000000
fallback,80.0,46,1,0,1,1,44,42,1.000000
fallback,80.0,47,1,0,1,1,45,43,1.000000
fallback,80.0,48,1,1,0,1,46,43,1.000000
fallback,80.0,49,1,0,1,1,47,44,1.000000
fallback,80.0,50,1,0,1,1,48,45,1.000000
fallback,80.0,51,1,0,1,1,49,46,1.000000
fallback,80.0,52,1,0,1,1,50,47,1.000000
fallback,80.0,53,1,0,1,1,51,48,1.000000
fallback,80.0,54,1,0,1,1,52,49,1.000000
fallback,80.0,55,1,0,1,1,53,50,1.000000
fallback,80.0,56,1,0,1,1,54,51,1.000000
fallback,80.0,57,1,0,1,1,55,52,1.000000
fallback,80.0,58,1,0,1,1,56,53,1.000000
fallback,80.0,59,1,0,1,1,57,54,1.000000
fallback,80.0,60,1,0,1,1,58,55,1.000000
fallback,80.0,61,1,0,1,1,59,56,1.000000
fallback,80.0,62,1,0,1,1,60,57,1.000000
fallback,80.0,63,1,0,1,1,61,58,1.000000
fallback,80.0,64,1,0,1,1,62,59,1.000000
fallback,80.0,65,1,0,1,1,63,60,1.000000
fallback,80.0,66,1,0,1,1,64,61,1.000000
fallback,80.0,67,1,0,1,1,65,62,1.000000
fallback,80.0,68,1,0,1,1,66,63,1.000000
fallback,80.0,69,1,0,1,1,67,64,1.000000
fallback,80.0,70,1,0,1,1,68,65,1.000000
fallback,80.0,71,1,0,1,1,69,66,1.000000
fallback,80.0,72,1,0,1,1,70,67,1.000000
fallback,80.0,73,1,0,1,1,71,68,1.000000
fallback,80.0,74,1,1,0,1,72,68,1.000000
fallback,80.0,75,1,0,1,1,73,69,1.000000
fallback,80.0,76,1,0,1,1,74,70,1.000000
fallback,80.0,77,1,0,1,1,75,71,1.000000
fallback,80.0,78,1,0,1,1,76,72,1.000000
fallback,80.0,79,1,0,1,1,77,73,1.000000
fallback,80.0,80,1,0,1,1,78,74,1.000000
fallback,80.0,81,1,0,1,1,79,75,1.000000
fallback,80.0,82,1,0,1,1,80,76,1.000000
fallback,80.0,83,1,0,1,1,81,77,1.000000
fallback,80.0,84,1,0,1,1,82,78,1.000000
fallback,80.0,85,1,0,1,1,83,79,1.000000
fallback,80.0,86,1,0,1,1,84,80,1.000000
fallback,80.0,87,1,1,0,1,85,80,1.000000
fallback,80.0,88,1,0,1,1,86,81,1.000000
fallback,80.0,89,1,0,1,1,87,82,1.000000
fallback,80.0,90,0,0,0,1,87,82,1.000000
fallback,80.0,91,1,0,1,1,88,83,1.000000
fallback,80.0,92,1,0,1,1,89,84,1.000000
fallback,80.0,93,1,0,1,1,90,85,1.000000
fallback,80.0,94,1,0,1,1,91,86,1.000000
fallback,80.0,95,1,0,1,1,92,87,1.000000
fallback,80.0,96,1,0,1,1,93,88,1.000000
fallback,80.0,97,1,0,1,1,94,89,1.000000
fallback,80.0,98,1,1,0,1,95,89,1.000000
fallback,80.0,99,1,0,1,1,96,90,1.000000
fallback,80.0,100,1,0,1,1,97,91,1.000000
fallback,80.0,101,1,0,1,1,98,92,1.000000
fallback,80.0,102,1,0,1,1,99,93,1.000000
fallback,80.0,103,1,0,1,1,100,94,1.000000
fallback,80.0,104,1,0,1,1,101,95,1.000000
fallback,80.0,105,1,0,1,1,102,96,1.000000
fallback,80.0,106,1,0,1,1,103,97,1.000000
fallback,80.0,107,1,0,1,1,104,98,1.000000
fallback,80.0,108,1,0,1,1,105,99,1.000000
fallback,80.0,109,1,0,1,1,106,100,1.000000
fallback,80.0,110,1,0,1,1,107,101,1.000000
fallback,80.0,111,1,0,1,1,108,102,1.000000
fallback,80.0,112,1,0,1,1,109,103,1.000000
fallback,80.0,113,1,0,1,1,110,104,1.000000
fallback,80.0,114,1,0,1,1,111,105,1.000000
fallback,80.0,115,1,0,1,1,112,106,1.000000
fallback,80.0,116,1,0,1,1,113,107,1.000000
fallback,80.0,117,1,0,1,1,114,108,1.000000
fallback,80.0,118,1,1,0,1,115,108,1.000000
fallback,80.0,119,1,0,1,1,116,109,1.000000
fallback,80.0,120,0,0,0,1,116,109,1.000000
fallback,80.0,121,1,0,1,1,117,110,1.000000
fallback,80.0,122,1,0,1,1,118,111,1.000000
fallback,80.0,123,1,0,1,1,119,112,1.000000
fallback,80.0,124,1,0,1,1,120,113,1.000000
fallback,80.0,125,1,1,0,1,121,113,1.000000
fallback,80.0,126,1,0,1,1,122,114,1.000000
fallback,80.0,127,1,0,1,1,123,115,1.000000
fallback,80.0,128,1,0,1,1,124,116,1.000000
fallback,80.0,129,1,0,1,1,125,117,1.000000
fallback,80.0,130,1,0,1,1,126,118,1.000000
fallback,80.0,131,1,0,1,1,127,119,1.000000
fallback,80.0,132,1,0,1,1,128,120,1.000000
fallback,80.0,133,1,0,1,1,129,121,1.000000
fallback,80.0,134,1,0,1,1,130,122,1.000000
fallback,80.0,135,1,0,1,1,131,123,1.000000
fallback,80.0,136,1,0,1,1,132,124,1.000000
fallback,80.0,137,0,0,0,1,132,124,1.000000
fallback,80.0,138,1,0,1,1,133,125,1.000000
fallback,80.0,139,1,0,1,1,134,126,1.000000
fallback,80.0,140,1,0,1,1,135,127,1.000000
fallback,80.0,141,1,0,1,1,136,128,1.000000
fallback,80.0,142,1,0,1,1,137,129,1.000000
fallback,80.0,143,1,0,1,1,138,130,1.000000
fallback,80.0,144,1,0,1,1,139,131,1.000000
fallback,80.0,145,1,0,1,1,140,132,1.000000
fallback,80.0,146,1,0,1,1,141,133,1.000000
fallback,80.0,147,1,0,1,1,142,134,1.000000
fallback,80.0,148,1,0,1,1,143,135,1.000000
fallback,80.0,149,1,0,1,1,144,136,1.000000
fallback,80.0,150,1,0,1,1,145,137,1.000000
fallback,80.0,151,1,0,1,1,146,138,1.000000
fallback,80.0,152,1,0,1,1,147,139,1.000000
fallback,80.0,153,1,0,1,1,148,140,1.000000
fallback,80.0,154,1,1,0,1,149,140,1.000000
fallback,80.0,155,1,0,1,1,150,141,1.000000
fallback,80.0,156,1,0,1,1,151,142,1.000000
fallback,80.0,157,1,0,1,1,152,143,1.000000
fallback,80.0,158,1,0,1,1,153,144,1.000000
fallback,80.0,159,1,0,1,1,154,145,1.000000
fallback,80.0,160,1,0,1,1,155,146,1.000000
fallback,80.0,161,1,0,1,1,156,147,1.000000
fallback,80.0,162,1,0,1,1,157,148,1.000000
fallback,80.0,163,1,1,0,1,158,148,1.000000
fallback,80.0,164,1,0,1,1,159,149,1.000000
fallback,80.0,165,1,0,1,1,160,150,1.000000
fallback,80.0,166,1,0,1,1,161,151,1.000000
fallback,80.0,167,1,0,1,1,162,152,1.000000
fallback,80.0,168,1,1,0,1,163,152,1.000000
fallback,80.0,169,1,0,1,1,164,153,1.000000
fallback,80.0,170,1,0,1,1,165,154,1.000000
fallback,80.0,171,1,0,1,1,166,155,1.000000
fallback,80.0,172,1,0,1,1,167,156,1.000000
fallback,80.0,173,1,0,1,1,168,157,1.000000
fallback,80.0,174,1,0,1,1,169,158,1.000000
fallback,80.0,175,1,0,1,1,170,159,1.000000
fallback,80.0,176,1,0,1,1,171,160,1.000000
fallback,80.0,177,1,0,1,1,172,161,1.000000
fallback,80.0,178,1,0,1,1,173,162,1.000000
fallback,80.0,179,1,0,1,1,174,163,1.000000
fallback,80.0,180,1,0,1,1,175,164,1.000000
fallback,80.0,181,1,0,1,1,176,165,1.000000
fallback,80.0,182,1,0,1,1,177,166,1.000000
fallback,80.0,183,1,0,1,1,178,167,1.000000
fallback,80.0,184,1,0,1,1,179,168,1.000000
fallback,80.0,185,1,0,1,1,180,169,1.000000
fallback,80.0,186,1,0,1,1,181,170,1.000000
fallback,80.0,187,1,0,1,1,182,171,1.000000
fallback,80.0,188,1,0,1,1,183,172,1.000000
fallback,80.0,189,1,0,1,1,184,173,1.000000
fallback,80.0,190,1,0,1,1,185,174,1.000000
fallback,80.0,191,1,0,1,1,186,175,1.000000
fallback,80.0,192,1,0,1,1,187,176,1.000000
fallback,80.0,193,0,0,0,1,187,176,1.000000
fallback,80.0,194,1,0,1,1,188,177,1.000000
fallback,80.0,195,1,0,1,1,189,178,1.000000
fallback,80.0,196,1,0,1,1,190,179,1.000000
fallback,80.0,197,1,0,1,1,191,180,1.000000
fallback,80.0,198,0,0,0,1,191,180,1.000000
fallback,80.0,199,1,0,1,1,192,181,1.000000
fallback,80.0,200,1,0,1,1,193,182,1.000000
fallback,80.0,201,1,0,1,1,194,183,1.000000
fallback,80.0,202,1,0,1,1,195,184,1.000000
fallback,80.0,203,1,0,1,1,196,185,1.000000
fallback,80.0,204,1,0,1,1,197,186,1.000000
fallback,80.0,205,1,0,1,1,198,187,1.000000
fallback,80.0,206,1,0,1,1,199,188,1.000000
fallback,80.0,207,1,0,1,1,200,189,1.000000
fallback,80.0,208,1,0,1,1,201,190,1.000000
fallback,80.0,209,1,0,1,1,202,191,1.000000
fallback,80.0,210,1,0,1,1,203,192,1.000000
fallback,80.0,211,1,0,1,1,204,193,1.000000
fallback,80.0,212,1,0,1,1,205,194,1.000000
fallback,80.0,213,1,0,1,1,206,195,1.000000
fallback,80.0,214,1,0,1,1,207,196,1.000000
fallback,80.0,215,1,0,1,1,208,197,1.000000
fallback,80.0,216,1,0,1,1,209,198,1.000000
fallback,80.0,217,1,0,1,1,210,199,1.000000
fallback,80.0,218,1,0,1,1,211,200,1.000000
fallback,80.0,219,1,1,0,1,212,200,1.000000
fallback,80.0,220,1,0,1,1,213,201,1.000000
fallback,80.0,221,1,0,1,1,214,202,1.000000
fallback,80.0,222,1,0,1,1,215,203,1.000000
fallback,80.0,223,1,0,1,1,216,204,1.000000
fallback,80.0,224,1,0,1,1,217,205,1.000000
fallback,80.0,225,1,0,1,1,218,206,1.000000
fallback,80.0,226,1,0,1,1,219,207,1.000000
fallback,80.0,227,1,0,1,1,220,208,1.000000
fallback,80.0,228,1,0,1,1,221,209,1.000000
fallback,80.0,229,1,0,1,1,222,210,1.000000
fallback,80.0,230,1,0,1,1,223,211,1.000000
fallback,80.0,231,1,0,1,1,224,212,1.000000
fallback,80.0,232,1,0,1,1,225,213,1.000000
fallback,80.0,233,1,0,1,1,226,214,1.000000
fallback,80.0,234,1,0,1,1,227,215,1.000000
fallback,80.0,235,1,0,1,1,228,216,1.000000
fallback,80.0,236,1,0,1,1,229,217,1.000000
fallback,80.0,237,1,0,1,1,230,218,1.000000
fallback,80.0,238,1,1,0,1,231,218,1.000000
fallback,80.0,239,1,0,1,1,232,219,1.000000
fallback,80.0,240,1,1,0,1,233,219,1.000000
fallback,80.0,241,1,0,1,1,234,220,1.000000
fallback,80.0,242,0,0,0,1,234,220,1.000000
fallback,80.0,243,1,0,1,1,235,221,1.000000
fallback,80.0,244,1,0,1,1,236,222,1.000000
fallback,80.0,245,1,0,1,1,237,223,1.000000
fallback,80.0,246,1,0,1,1,238,224,1.000000
fallback,80.0,247,1,0,1,1,239,225,1.000000
fallback,80.0,248,1,0,1,1,240,226,1.000000
fallback,80.0,249,1,0,1,1,241,227,1.000000
fallback,80.0,250,1,0,1,1,242,228,1.000000
fallback,80.0,251,1,0,1,1,243,229,1.000000
fallback,80.0,252,1,0,1,1,244,230,1.000000
fallback,80.0,253,1,0,1,1,245,231,1.000000
fallback,80.0,254,1,0,1,1,246,232,1.000000
fallback,80.0,255,1,0,1,1,247,233,1.000000
fallback,80.0,256,1,0,1,1,248,234,1.000000
fallback,80.0,257,1,0,1,1,249,235,1.000000
fallback,80.0,258,1,0,1,1,250,236,1.000000
fallback,80.0,259,1,0,1,1,251,237,1.000000
fallback,80.0,260,1,0,1,1,252,238,1.000000
fallback,80.0,261,1,0,1,1,253,239,1.000000
fallback,80.0,262,1,0,1,1,254,240,1.000000
fallback,80.0,263,1,0,1,1,255,241,1.000000
fallback,80.0,264,1,1,0,1,256,241,1.000000
fallback,80.0,265,0,0,0,1,256,241,1.000000
fallback,80.0,266,1,0,1,1,257,242,1.000000
fallback,80.0,267,1,0,1,1,258,243,1.000000
fallback,80.0,268,1,0,1,1,259,244,1.000000
fallback,80.0,269,1,0,1,1,260,245,1.000000
fallback,80.0,270,1,0,1,1,261,246,1.000000
fallback,80.0,271,1,0,1,1,262,247,1.000000
fallback,80.0,272,1,0,1,1,263,248,1.000000
fallback,80.0,273,1,0,1,1,264,249,1.000000
fallback,80.0,274,1,0,1,1,265,250,1.000000
fallback,80.0,275,1,0,1,1,266,251,1.000000
fallback,80.0,276,1,0,1,1,267,252,1.000000
fallback,80.0,277,1,0,1,1,268,253,1.000000
fallback,80.0,278,1,0,1,1,269,254,1.000000
fallback,80.0,279,1,0,1,1,270,255,1.000000
fallback,80.0,280,1,0,1,1,271,256,1.000000
fallback,80.0,281,1,0,1,1,272,257,1.000000
fallback,80.0,282,1,0,1,1,273,258,1.000000
fallback,80.0,283,1,0,1,1,274,259,1.000000
fallback,80.0,284,1,0,1,1,275,260,1.000000
fallback,80.0,285,1,0,1,1,276,261,1.000000
fallback,80.0,286,1,0,1,1,277,262,1.000000
fallback,80.0,287,1,0,1,1,278,263,1.000000
fallback,80.0,288,1,0,1,1,279,264,1.000000
fallback,80.0,289,1,0,1,1,280,265,1.000000
fallback,80.0,290,1,0,1,1,281,266,1.000000
fallback,80.0,291,1,0,1,1,282,267,1.000000
fallback,80.0,292,0,0,0,1,282,267,1.000000
fallback,80.0,293,1,0,1,1,283,268,1.000000
fallback,80.0,294,1,0,1,1,284,269,1.000000
fallback,80.0,295,1,0,1,1,285,270,1.000000
fallback,80.0,296,1,1,0,1,286,270,1.000000
fallback,80.0,297,1,0,1,1,287,271,1.000000
fallback,80.0,298,1,0,1,1,288,272,1.000000
fallback,80.0,299,1,0,1,1,289,273,1.000000
fallback,80.0,300,1,0,1,1,290,274,1.000000
fallback,80.0,301,1,0,1,1,291,275,1.000000
fallback,80.0,302,1,0,1,1,292,276,1.000000
fallback,80.0,303,1,0,1,1,293,277,1.000000
fallback,80.0,304,1,0,1,1,294,278,1.000000
fallback,80.0,305,1,1,0,1,295,278,1.000000
fallback,80.0,306,1,0,1,1,296,279,1.000000
fallback,80.0,307,1,0,1,1,297,280,1.000000
fallback,80.0,308,1,0,1,1,298,281,1.000000
fallback,80.0,309,1,0,1,1,299,282,1.000000
fallback,80.0,310,1,0,1,1,300,283,1.000000
fallback,80.0,311,1,0,1,1,301,284,1.000000
fallback,80.0,312,1,0,1,1,302,285,1.000000
fallback,80.0,313,1,0,1,1,303,286,1.000000
fallback,80.0,314,1,0,1,1,304,287,1.000000
fallback,80.0,315,1,0,1,1,305,288,1.000000
fallback,80.0,316,1,0,1,1,306,289,1.000000
fallback,80.0,317,0,0,0,1,306,289,1.000000
fallback,80.0,318,1,0,1,1,307,290,1.000000
fallback,80.0,319,1,0,1,1,308,291,1.000000
fallback,80.0,320,1,0,1,1,309,292,1.000000
fallback,80.0,321,1,0,1,1,310,293,1.000000
fallback,80.0,322,1,1,0,1,311,293,1.000000
fallback,80.0,323,1,0,1,1,312,294,1.000000
fallback,80.0,324,1,0,1,1,313,295,1.000000
fallback,80.0,325,1,0,1,1,314,296,1.000000
fallback,80.0,326,1,0,1,1,315,297,1.000000
fallback,80.0,327,1,0,1,1,316,298,1.000000
fallback,80.0,328,1,0,1,1,317,299,1.000000
fallback,80.0,329,1,0,1,1,318,300,1.000000
fallback,80.0,330,1,0,1,1,319,301,1.000000
fallback,80.0,331,1,0,1,1,320,302,1.000000
fallback,80.0,332,1,0,1,1,321,303,1.000000
fallback,80.0,333,1,0,1,1,322,304,1.000000
fallback,80.0,334,1,0,1,1,323,305,1.000000
fallback,80.0,335,1,0,1,1,324,306,1.000000
fallback,80.0,336,1,1,0,1,325,306,1.000000
fallback,80.0,337,1,0,1,1,326,307,1.000000
fallback,80.0,338,1,0,1,1,327,308,1.000000
fallback,80.0,339,1,0,1,1,328,309,1.000000
fallback,80.0,340,1,0,1,1,329,310,1.000000
fallback,80.0,341,1,0,1,1,330,311,1.000000
fallback,80.0,342,1,0,1,1,331,312,1.000000
fallback,80.0,343,1,0,1,1,332,313,1.000000
fallback,80.0,344,1,0,1,1,333,314,1.000000
fallback,80.0,345,1,0,1,1,334,315,1.000000
fallback,80.0,346,1,0,1,1,335,316,1.000000
fallback,80.0,347,1,0,1,1,336,317,1.000000
fallback,80.0,348,1,0,1,1,337,318,1.000000
fallback,80.0,349,1,0,1,1,338,319,1.000000
fallback,80.0,350,1,0,1,1,339,320,1.000000
fallback,80.0,351,1,0,1,1,340,321,1.000000
fallback,80.0,352,1,0,1,1,341,322,1.000000
fallback,80.0,353,1,0,1,1,342,323,1.000000
fallback,80.0,354,1,0,1,1,343,324,1.000000
fallback,80.0,355,1,0,1,1,344,325,1.000000
fallback,80.0,356,0,0,0,1,344,325,1.000000
fallback,80.0,357,1,0,1,1,345,326,1.000000
fallback,80.0,358,1,0,1,1,346,327,1.000000
fallback,80.0,359,1,0,1,1,347,328,1.000000
fallback,80.0,360,1,0,1,1,348,329,1.000000
fallback,80.0,361,1,0,1,1,349,330,1.000000
fallback,80.0,362,1,0,1,1,350,331,1.000000
fallback,80.0,363,1,0,1,1,351,332,1.000000
fallback,80.0,364,1,1,0,1,352,332,1.000000
fallback,80.0,365,1,0,1,1,353,333,1.000000
fallback,80.0,366,1,0,1,1,354,334,1.000000
fallback,80.0,367,1,0,1,1,355,335,1.000000
fallback,80.0,368,1,0,1,1,356,336,1.000000
fallback,80.0,369,1,0,1,1,357,337,1.000000
fallback,80.0,370,1,0,1,1,358,338,1.000000
fallback,80.0,371,1,0,1,1,359,339,1.000000
fallback,80.0,372,1,0,1,1,360,340,1.000000
fallback,80.0,373,1,0,1,1,361,341,1.000000
fallback,80.0,374,1,0,1,1,362,342,1.000000
fallback,80.0,375,1,0,1,1,363,343,1.000000
fallback,80.0,376,0,0,0,1,363,343,1.000000
fallback,80.0,377,1,0,1,1,364,344,1.000000
fallback,80.0,378,1,1,0,1,365,344,1.000000
fallback,80.0,379,1,0,1,1,366,345,1.000000
fallback,80.0,380,1,1,0,1,367,345,1.000000
fallback,80.0,381,1,0,1,1,368,346,1.000000
fallback,80.0,382,1,0,1,1,369,347,1.000000
fallback,80.0,383,1,0,1,1,370,348,1.000000
fallback,80.0,384,1,0,1,1,371,349,1.000000
fallback,80.0,385,1,0,1,1,372,350,1.000000
fallback,80.0,386,1,1,0,1,373,350,1.000000
fallback,80.0,387,1,0,1,1,374,351,1.000000
fallback,80.0,388,0,0,0,1,374,351,1.000000
fallback,80.0,389,1,0,1,1,375,352,1.000000
fallback,80.0,390,1,0,1,1,376,353,1.000000
fallback,80.0,391,1,0,1,1,377,354,1.000000
fallback,80.0,392,1,0,1,1,378,355,1.000000
fallback,80.0,393,1,0,1,1,379,356,1.000000
fallback,80.0,394,1,0,1,1,380,357,1.000000
fallback,80.0,395,1,0,1,1,381,358,1.000000
fallback,80.0,396,1,0,1,1,382,359,1.000000
fallback,80.0,397,1,0,1,1,383,360,1.000000
fallback,80.0,398,1,0,1,1,384,361,1.000000
fallback,80.0,399,1,1,0,1,385,361,1.000000
fallback,80.0,400,1,0,1,1,386,362,1.000000
fallback,85.0,1,1,0,1,1,1,1,1.000000
fallback,85.0,2,1,0,1,1,2,2,1.000000
fallback,85.0,3,1,0,1,1,3,3,1.000000
fallback,85.0,4,1,1,0,1,4,3,0.996094
fallback,85.0,5,1,0,1,1,5,4,0.999680
fallback,85.0,6,1,0,1,1,6,5,0.999979
fallback,85.0,7,1,0,1,1,7,6,0.999999
fallback,85.0,8,1,0,1,1,8,7,1.000000
fallback,85.0,9,1,0,1,1,9,8,1.000000
fallback,85.0,10,1,0,1,1,10,9,1.000000
fallback,85.0,11,1,0,1,1,11,10,1.000000
fallback,85.0,12,1,0,1,1,12,11,1.000000
fallback,85.0,13,1,0,1,1,13,12,1.000000
fallback,85.0,14,1,0,1,1,14,13,1.000000
fallback,85.0,15,1,0,1,1,15,14,1.000000
fallback,85.0,16,1,0,1,1,16,15,1.000000
fallback,85.0,17,1,0,1,1,17,16,1.000000
fallback,85.0,18,1,0,1,1,18,17,1.000000
fallback,85.0,19,1,0,1,1,19,18,1.000000
fallback,85.0,20,1,0,1,1,20,19,1.000000
fallback,85.0,21,1,0,1,1,21,20,1.000000
fallback,85.0,22,1,0,1,1,22,21,1.000000
fallback,85.0,23,1,0,1,1,23,22,1.000000
fallback,85.0,24,1,0,1,1,24,23,1.000000
fallback,85.0,25,1,0,1,1,25,24,1.000000
fallback,85.0,26,1,0,1,1,26,25,1.000000
fallback,85.0,27,1,0,1,1,27,26,1.000000
fallback,85.0,28,1,0,1,1,28,27,1.000000
fallback,85.0,29,1,0,1,1,29,28,1.000000
fallback,85.0,30,1,0,1,1,30,29,1.000000
fallback,85.0,31,1,0,1,1,31,30,1.000000
fallback,85.0,32,1,0,1,1,32,31,1.000000
fallback,85.0,33,1,1,0,1,33,31,1.000000
fallback,85.0,34,1,0,1,1,34,32,1.000000
fallback,85.0,35,1,0,1,1,35,33,1.000000
fallback,85.0,36,1,0,1,1,36,34,1.000000
fallback,85.0,37,1,0,1,1,37,35,1.000000
fallback,85.0,38,1,0,1,1,38,36,1.000000
fallback,85.0,39,1,0,1,1,39,37,1.000000
fallback,85.0,40,1,0,1,1,40,38,1.000000
fallback,85.0,41,1,0,1,1,41,39,1.000000
fallback,85.0,42,1,0,1,1,42,40,1.000000
fallback,85.0,43,1,0,1,1,43,41,1.000000
fallback,85.0,44,1,0,1,1,44,42,1.000000
fallback,85.0,45,1,0,1,1,45,43,1.000000
fallback,85.0,46,1,0,1,1,46,44,1.000000
fallback,85.0,47,1,0,1,1,47,45,1.000000
fallback,85.0,48,1,0,1,1,48,46,1.000000
fallback,85.0,49,0,0,0,1,48,46,1.000000
fallback,85.0,50,1,0,1,1,49,47,1.000000
fallback,85.0,51,1,0,1,1,50,48,1.000000
fallback,85.0,52,1,0,1,1,51,49,1.000000
fallback,85.0,53,1,0,1,1,52,50,1.000000
fallback,85.0,54,0,0,0,1,52,50,1.000000
fallback,85.0,55,1,0,1,1,53,51,1.000000
fallback,85.0,56,1,0,1,1,54,52,1.000000
fallback,85.0,57,1,0,1,1,55,53,1.000000
fallback,85.0,58,1,0,1,1,56,54,1.000000
fallback,85.0,59,1,0,1,1,57,55,1.000000
fallback,85.0,60,1,0,1,1,58,56,1.000000
fallback,85.0,61,1,0,1,1,59,57,1.000000
fallback,85.0,62,1,1,0,1,60,57,1.000000
fallback,85.0,63,1,0,1,1,61,58,1.000000
fallback,85.0,64,1,0,1,1,62,59,1.000000
fallback,85.0,65,1,0,1,1,63,60,1.000000
fallback,85.0,66,1,0,1,1,64,61,1.000000
fallback,85.0,67,1,0,1,1,65,62,1.000000
fallback,85.0,68,1,0,1,1,66,63,1.000000
fallback,85.0,69,1,0,1,1,67,64,1.000000
fallback,85.0,70,1,0,1,1,68,65,1.000000
fallback,85.0,71,1,0,1,1,69,66,1.000000
fallback,85.0,72,1,0,1,1,70,67,1.000000
fallback,85.0,73,1,0,1,1,71,68,1.000000
fallback,85.0,74,1,0,1,1,72,69,1.000000
fallback,85.0,75,1,0,1,1,73,70,1.000000
fallback,85.0,76,1,0,1,1,74,71,1.000000
fallback,85.0,77,1,0,1,1,75,72,1.000000
fallback,85.0,78,1,0,1,1,76,73,1.000000
fallback,85.0,79,1,0,1,1,77,74,1.000000
fallback,85.0,80,1,0,1,1,78,75,1.000000
fallback,85.0,81,1,0,1,1,79,76,1.000000
fallback,85.0,82,1,0,1,1,80,77,1.000000
fallback,85.0,83,1,1,0,1,81,77,1.000000
fallback,85.0,84,1,0,1,1,82,78,1.000000
fallback,85.0,85,1,1,0,1,83,78,1.000000
fallback,85.0,86,1,0,1,1,84,79,1.000000
fallback,85.0,87,1,0,1,1,85,80,1.000000
fallback,85.0,88,1,0,1,1,86,81,1.000000
fallback,85.0,89,1,0,1,1,87,82,1.000000
fallback,85.0,90,1,0,1,1,88,83,1.000000
fallback,85.0,91,1,0,1,1,89,84,1.000000
fallback,85.0,92,1,0,1,1,90,85,1.000000
fallback,85.0,93,1,0,1,1,91,86,1.000000
fallback,85.0,94,1,0,1,1,92,87,1.000000
fallback,85.0,95,1,0,1,1,93,88,1.000000
fallback,85.0,96,1,0,1,1,94,89,1.000000
fallback,85.0,97,1,0,1,1,95,90,1.000000
fallback,85.0,98,1,0,1,1,96,91,1.000000
fallback,85.0,99,1,0,1,1,97,92,1.000000
fallback,85.0,100,1,0,1,1,98,93,1.000000
fallback,85.0,101,1,0,1,1,99,94,1.000000
fallback,85.0,102,1,0,1,1,100,95,1.000000
fallback,85.0,103,1,0,1,1,101,96,1.000000
fallback,85.0,104,1,0,1,1,102,97,1.000000
fallback,85.0,105,1,0,1,1,103,98,1.000000
fallback,85.0,106,1,0,1,1,104,99,1.000000
fallback,85.0,107,1,0,1,1,105,100,1.000000
fallback,85.0,108,1,0,1,1,106,101,1.000000
fallback,85.0,109,1,0,1,1,107,102,1.000000
fallback,85.0,110,1,0,1,1,108,103,1.000000
fallback,85.0,111,1,0,1,1,109,104,1.000000
fallback,85.0,112,1,0,1,1,110,105,1.000000
fallback,85.0,113,1,0,1,1,111,106,1.000000
fallback,85.0,114,1,0,1,1,112,107,1.000000
fallback,85.0,115,1,1,0,1,113,107,1.000000
fallback,85.0,116,1,0,1,1,114,108,1.000000
fallback,85.0,117,1,0,1,1,115,109,1.000000
fallback,85.0,118,1,0,1,1,116,110,1.000000
fallback,85.0,119,1,0,1,1,117,111,1.000000
fallback,85.0,120,1,0,1,1,118,112,1.000000
fallback,85.0,121,1,0,1,1,119,113,1.000000
fallback,85.0,122,0,0,0,1,119,113,1.000000
fallback,85.0,123,1,0,1,1,120,114,1.000000
fallback,85.0,124,1,0,1,1,121,115,1.000000
fallback,85.0,125,1,1,0,1,122,115,1.000000
fallback,85.0,126,0,0,0,1,122,115,1.000000
fallback,85.0,127,1,0,1,1,123,116,1.000000
fallback,85.0,128,1,0,1,1,124,117,1.000000
fallback,85.0,129,0,0,0,1,124,117,1.000000
fallback,85.0,130,1,0,1,1,125,118,1.000000
fallback,85.0,131,1,0,1,1,126,119,1.000000
fallback,85.0,132,1,0,1,1,127,120,1.000000
fallback,85.0,133,1,0,1,1,128,121,1.000000
fallback,85.0,134,1,0,1,1,129,122,1.000000
fallback,85.0,135,1,0,1,1,130,123,1.000000
fallback,85.0,136,1,0,1,1,131,124,1.000000
fallback,85.0,137,1,0,1,1,132,125,1.000000
fallback,85.0,138,1,0,1,1,133,126,1.000000
fallback,85.0,139,1,0,1,1,134,127,1.000000
fallback,85.0,140,1,0,1,1,135,128,1.000000
fallback,85.0,141,1,0,1,1,136,129,1.000000
fallback,85.0,142,1,0,1,1,137,130,1.000000
fallback,85.0,143,1,0,1,1,138,131,1.000000
fallback,85.0,144,1,0,1,1,139,132,1.000000
fallback,85.0,145,1,0,1,1,140,133,1.000000
fallback,85.0,146,1,0,1,1,141,134,1.000000
fallback,85.0,147,1,0,1,1,142,135,1.000000
fallback,85.0,148,1,0,1,1,143,136,1.000000
fallback,85.0,149,1,0,1,1,144,137,1.000000
fallback,85.0,150,1,0,1,1,145,138,1.000000
fallback,85.0,151,1,0,1,1,146,139,1.000000
fallback,85.0,152,1,0,1,1,147,140,1.000000
fallback,85.0,153,1,0,1,1,148,141,1.000000
fallback,85.0,154,1,0,1,1,149,142,1.000000
fallback,85.0,155,1,0,1,1,150,143,1.000000
fallback,85.0,156,1,0,1,1,151,144,1.000000
fallback,85.0,157,1,0,1,1,152,145,1.000000
fallback,85.0,158,1,0,1,1,153,146,1.000000
fallback,85.0,159,1,0,1,1,154,147,1.000000
fallback,85.0,160,1,0,1,1,155,148,1.000000
fallback,85.0,161,1,0,1,1,156,149,1.000000
fallback,85.0,162,1,0,1,1,157,150,1.000000
fallback,85.0,163,1,0,1,1,158,151,1.000000
fallback,85.0,164,1,0,1,1,159,152,1.000000
fallback,85.0,165,1,0,1,1,160,153,1.000000
fallback,85.0,166,1,0,1,1,161,154,1.000000
fallback,85.0,167,1,0,1,1,162,155,1.000000
fallback,85.0,168,1,0,1,1,163,156,1.000000
fallback,85.0,169,1,0,1,1,164,157,1.000000
fallback,85.0,170,1,0,1,1,165,158,1.000000
fallback,85.0,171,0,0,0,1,165,158,1.000000
fallback,85.0,172,1,0,1,1,166,159,1.000000
fallback,85.0,173,1,0,1,1,167,160,1.000000
fallback,85.0,174,0,0,0,1,167,160,1.000000
fallback,85.0,175,1,0,1,1,168,161,1.000000
fallback,85.0,176,1,0,1,1,169,162,1.000000
fallback,85.0,177,1,0,1,1,170,163,1.000000
fallback,85.0,178,1,0,1,1,171,164,1.000000
fallback,85.0,179,1,0,1,1,172,165,1.000000
fallback,85.0,180,1,0,1,1,173,166,1.000000
fallback,85.0,181,1,0,1,1,174,167,1.000000
fallback,85.0,182,1,1,0,1,175,167,1.000000
fallback,85.0,183,1,0,1,1,176,168,1.000000
fallback,85.0,184,1,0,1,1,177,169,1.000000
fallback,85.0,185,1,1,0,1,178,169,1.000000
fallback,85.0,186,1,0,1,1,179,170,1.000000
fallback,85.0,187,1,0,1,1,180,171,1.000000
fallback,85.0,188,1,0,1,1,181,172,1.000000
fallback,85.0,189,1,0,1,1,182,173,1.000000
fallback,85.0,190,1,0,1,1,183,174,1.000000
fallback,85.0,191,1,1,0,1,184,174,1.000000
fallback,85.0,192,1,0,1,1,185,175,1.000000
fallback,85.0,193,1,0,1,1,186,176,1.000000
fallback,85.0,194,1,0,1,1,187,177,1.000000
fallback,85.0,195,1,0,1,1,188,178,1.000000
fallback,85.0,196,1,0,1,1,189,179,1.000000
fallback,85.0,197,1,0,1,1,190,180,1.000000
fallback,85.0,198,1,0,1,1,191,181,1.000000
fallback,85.0,199,1,0,1,1,192,182,1.000000
fallback,85.0,200,1,0,1,1,193,183,1.000000
fallback,85.0,201,1,1,0,1,194,183,1.000000
fallback,85.0,202,1,0,1,1,195,184,1.000000
fallback,85.0,203,1,0,1,1,196,185,1.000000
fallback,85.0,204,1,0,1,1,197,186,1.000000
fallback,85.0,205,1,0,1,1,198,187,1.000000
fallback,85.0,206,1,0,1,1,199,188,1.000000
fallback,85.0,207,1,0,1,1,200,189,1.000000
fallback,85.0,208,1,0,1,1,201,190,1.000000
fallback,85.0,209,1,0,1,1,202,191,1.000000
fallback,85.0,210,0,0,0,1,202,191,1.000000
fallback,85.0,211,1,0,1,1,203,192,1.000000
fallback,85.0,212,1,0,1,1,204,193,1.000000
fallback,85.0,213,1,0,1,1,205,194,1.000000
fallback,85.0,214,1,0,1,1,206,195,1.000000
fallback,85.0,215,1,0,1,1,207,196,1.000000
fallback,85.0,216,1,0,1,1,208,197,1.000000
fallback,85.0,217,1,1,0,1,209,197,1.000000
fallback,85.0,218,1,0,1,1,210,198,1.000000
fallback,85.0,219,1,1,0,1,211,198,1.000000
fallback,85.0,220,1,0,1,1,212,199,1.000000
fallback,85.0,221,1,0,1,1,213,200,1.000000
fallback,85.0,222,1,0,1,1,214,201,1.000000
fallback,85.0,223,1,0,1,1,215,202,1.000000
fallback,85.0,224,1,0,1,1,216,203,1.000000
fallback,85.0,225,1,0,1,1,217,204,1.000000
fallback,85.0,226,1,0,1,1,218,205,1.000000
fallback,85.0,227,1,0,1,1,219,206,1.000000
fallback,85.0,228,1,0,1,1,220,207,1.000000
fallback,85.0,229,1,0,1,1,221,208,1.000000
fallback,85.0,230,1,0,1,1,222,209,1.000000
fallback,85.0,231,1,0,1,1,223,210,1.000000
fallback,85.0,232,1,0,1,1,224,211,1.000000
fallback,85.0,233,1,0,1,1,225,212,1.000000
fallback,85.0,234,1,0,1,1,226,213,1.000000
fallback,85.0,235,1,0,1,1,227,214,1.000000
fallback,85.0,236,1,0,1,1,228,215,1.000000
fallback,85.0,237,1,0,1,1,229,216,1.000000
fallback,85.0,238,1,0,1,1,230,217,1.000000
fallback,85.0,239,1,0,1,1,231,218,1.000000
fallback,85.0,240,1,0,1,1,232,219,1.000000
fallback,85.0,241,1,0,1,1,233,220,1.000000
fallback,85.0,242,1,0,1,1,234,221,1.000000
fallback,85.0,243,1,0,1,1,235,222,1.000000
fallback,85.0,244,1,0,1,1,236,223,1.000000
fallback,85.0,245,1,0,1,1,237,224,1.000000
fallback,85.0,246,1,0,1,1,238,225,1.000000
fallback,85.0,247,0,0,0,1,238,225,1.000000
fallback,85.0,248,1,0,1,1,239,226,1.000000
fallback,85.0,249,1,0,1,1,240,227,1.000000
fallback,85.0,250,1,0,1,1,241,228,1.000000
fallback,85.0,251,1,1,0,1,242,228,1.000000
fallback,85.0,252,1,0,1,1,243,229,1.000000
fallback,85.0,253,1,0,1,1,244,230,1.000000
fallback,85.0,254,1,0,1,1,245,231,1.000000
fallback,85.0,255,1,0,1,1,246,232,1.000000
fallback,85.0,256,1,0,1,1,247,233,1.000000
fallback,85.0,257,1,0,1,1,248,234,1.000000
fallback,85.0,258,0,0,0,1,248,234,1.000000
fallback,85.0,259,1,0,1,1,249,235,1.000000
fallback,85.0,260,1,0,1,1,250,236,1.000000
fallback,85.0,261,1,0,1,1,251,237,1.000000
fallback,85.0,262,1,0,1,1,252,238,1.000000
fallback,85.0,263,1,0,1,1,253,239,1.000000
fallback,85.0,264,1,0,1,1,254,240,1.000000
fallback,85.0,265,1,0,1,1,255,241,1.000000
fallback,85.0,266,1,0,1,1,256,242,1.000000
fallback,85.0,267,1,0,1,1,257,243,1.000000
fallback,85.0,268,0,0,0,1,257,243,1.000000
fallback,85.0,269,1,0,1,1,258,244,1.000000
fallback,85.0,270,1,0,1,1,259,245,1.000000
fallback,85.0,271,1,0,1,1,260,246,1.000000
fallback,85.0,272,0,0,0,1,260,246,1.000000
fallback,85.0,273,1,0,1,1,261,247,1.000000
fallback,85.0,274,1,0,1,1,262,248,1.000000
fallback,85.0,275,1,0,1,1,263,249,1.000000
fallback,85.0,276,1,0,1,1,264,250,1.000000
fallback,85.0,277,1,0,1,1,265,251,1.000000
fallback,85.0,278,1,0,1,1,266,252,1.000000
fallback,85.0,279,1,0,1,1,267,253,1.000000
fallback,85.0,280,1,0,1,1,268,254,1.000000
fallback,85.0,281,1,0,1,1,269,255,1.000000
fallback,85.0,282,1,0,1,1,270,256,1.000000
fallback,85.0,283,0,0,0,1,270,256,1.000000
fallback,85.0,284,1,0,1,1,271,257,1.000000
fallback,85.0,285,1,0,1,1,272,258,1.000000
fallback,85.0,286,1,0,1,1,273,259,1.000000
fallback,85.0,287,1,0,1,1,274,260,1.000000
fallback,85.0,288,1,0,1,1,275,261,1.000000
fallback,85.0,289,1,0,1,1,276,262,1.000000
fallback,85.0,290,1,0,1,1,277,263,1.000000
fallback,85.0,291,1,0,1,1,278,264,1.000000
fallback,85.0,292,1,0,1,1,279,265,1.000000
fallback,85.0,293,1,0,1,1,280,266,1.000000
fallback,85.0,294,1,0,1,1,281,267,1.000000
fallback,85.0,295,1,0,1,1,282,268,1.000000
fallback,85.0,296,1,0,1,1,283,269,1.000000
fallback,85.0,297,1,0,1,1,284,270,1.000000
fallback,85.0,298,1,0,1,1,285,271,1.000000
fallback,85.0,299,1,0,1,1,286,272,1.000000
fallback,85.0,300,1,0,1,1,287,273,1.000000
fallback,85.0,301,0,0,0,1,287,273,1.000000
fallback,85.0,302,1,1,0,1,288,273,1.000000
fallback,85.0,303,1,0,1,1,289,274,1.000000
fallback,85.0,304,1,0,1,1,290,275,1.000000
fallback,85.0,305,1,0,1,1,291,276,1.000000
fallback,85.0,306,1,0,1,1,292,277,1.000000
fallback,85.0,307,1,0,1,1,293,278,1.000000
fallback,85.0,308,1,0,1,1,294,279,1.000000
fallback,85.0,309,1,0,1,1,295,280,1.000000
fallback,85.0,310,1,0,1,1,296,281,1.000000
fallback,85.0,311,1,0,1,1,297,282,1.000000
fallback,85.0,312,1,0,1,1,298,283,1.000000
fallback,85.0,313,1,0,1,1,299,284,1.000000
fallback,85.0,314,0,0,0,1,299,284,1.000000
fallback,85.0,315,1,0,1,1,300,285,1.000000
fallback,85.0,316,1,0,1,1,301,286,1.000000
fallback,85.0,317,0,0,0,1,301,286,1.000000
fallback,85.0,318,1,0,1,1,302,287,1.000000
fallback,85.0,319,1,0,1,1,303,288,1.000000
fallback,85.0,320,1,0,1,1,304,289,1.000000
fallback,85.0,321,1,0,1,1,305,290,1.000000
fallback,85.0,322,1,0,1,1,306,291,1.000000
fallback,85.0,323,1,0,1,1,307,292,1.000000
fallback,85.0,324,1,0,1,1,308,293,1.000000
fallback,85.0,325,1,0,1,1,309,294,1.000000
fallback,85.0,326,1,0,1,1,310,295,1.000000
fallback,85.0,327,1,0,1,1,311,296,1.000000
fallback,85.0,328,1,0,1,1,312,297,1.000000
fallback,85.0,329,1,0,1,1,313,298,1.000000
fallback,85.0,330,1,0,1,1,314,299,1.000000
fallback,85.0,331,1,1,0,1,315,299,1.000000
fallback,85.0,332,1,0,1,1,316,300,1.000000
fallback,85.0,333,1,0,1,1,317,301,1.000000
fallback,85.0,334,1,0,1,1,318,302,1.000000
fallback,85.0,335,1,0,1,1,319,303,1.000000
fallback,85.0,336,0,0,0,1,319,303,1.000000
fallback,85.0,337,1,0,1,1,320,304,1.000000
fallback,85.0,338,1,0,1,1,321,305,1.000000
fallback,85.0,339,1,0,1,1,322,306,1.000000
fallback,85.0,340,1,0,1,1,323,307,1.000000
fallback,85.0,341,1,0,1,1,324,308,1.000000
fallback,85.0,342,1,0,1,1,325,309,1.000000
fallback,85.0,343,1,0,1,1,326,310,1.000000
fallback,85.0,344,1,0,1,1,327,311,1.000000
fallback,85.0,345,1,0,1,1,328,312,1.000000
fallback,85.0,346,1,0,1,1,329,313,1.000000
fallback,85.0,347,1,0,1,1,330,314,1.000000
fallback,85.0,348,1,1,0,1,331,314,1.000000
fallback,85.0,349,1,0,1,1,332,315,1.000000
fallback,85.0,350,1,0,1,1,333,316,1.000000
fallback,85.0,351,1,0,1,1,334,317,1.000000
fallback,85.0,352,1,0,1,1,335,318,1.000000
fallback,85.0,353,1,0,1,1,336,319,1.000000
fallback,85.0,354,1,0,1,1,337,320,1.000000
fallback,85.0,355,1,0,1,1,338,321,1.000000
fallback,85.0,356,1,1,0,1,339,321,1.000000
fallback,85.0,357,1,0,1,1,340,322,1.000000
fallback,85.0,358,1,0,1,1,341,323,1.000000
fallback,85.0,359,1,1,0,1,342,323,1.000000
fallback,85.0,360,1,0,1,1,343,324,1.000000
fallback,85.0,361,1,0,1,1,344,325,1.000000
fallback,85.0,362,1,0,1,1,345,326,1.000000
fallback,85.0,363,1,0,1,1,346,327,1.000000
fallback,85.0,364,1,0,1,1,347,328,1.000000
fallback,85.0,365,1,0,1,1,348,329,1.000000
fallback,85.0,366,1,0,1,1,349,330,1.000000
fallback,85.0,367,1,0,1,1,350,331,1.000000
fallback,85.0,368,1,0,1,1,351,332,1.000000
fallback,85.0,369,1,0,1,1,352,333,1.000000
fallback,85.0,370,1,0,1,1,353,334,1.000000
fallback,85.0,371,1,0,1,1,354,335,1.000000
fallback,85.0,372,1,0,1,1,355,336,1.000000
fallback,85.0,373,1,0,1,1,356,337,1.000000
fallback,85.0,374,1,0,1,1,357,338,1.000000
fallback,85.0,375,1,0,1,1,358,339,1.000000
fallback,85.0,376,1,0,1,1,359,340,1.000000
fallback,85.0,377,1,0,1,1,360,341,1.000000
fallback,85.0,378,1,0,1,1,361,342,1.000000
fallback,85.0,379,0,0,0,1,361,342,1.000000
fallback,85.0,380,1,0,1,1,362,343,1.000000
fallback,85.0,381,1,0,1,1,363,344,1.000000
fallback,85.0,382,1,0,1,1,364,345,1.000000
fallback,85.0,383,1,0,1,1,365,346,1.000000
fallback,85.0,384,1,0,1,1,366,347,1.000000
fallback,85.0,385,0,0,0,1,366,347,1.000000
fallback,85.0,386,1,0,1,1,367,348,1.000000
fallback,85.0,387,1,0,1,1,368,349,1.000000
fallback,85.0,388,1,0,1,1,369,350,1.000000
fallback,85.0,389,1,0,1,1,370,351,1.000000
fallback,85.0,390,1,0,1,1,371,352,1.000000
fallback,85.0,391,1,0,1,1,372,353,1.000000
fallback,85.0,392,1,0,1,1,373,354,1.000000
fallback,85.0,393,1,0,1,1,374,355,1.000000
fallback,85.0,394,1,0,1,1,375,356,1.000000
fallback,85.0,395,1,0,1,1,376,357,1.000000
fallback,85.0,396,1,0,1,1,377,358,1.000000
fallback,85.0,397,1,0,1,1,378,359,1.000000
fallback,85.0,398,1,0,1,1,379,360,1.000000
fallback,85.0,399,1,0,1,1,380,361,1.000000
fallback,85.0,400,1,0,1,1,381,362,1.000000
fallback,90.0,1,1,0,1,1,1,1,1.000000
fallback,90.0,2,1,0,1,1,2,2,1.000000
fallback,90.0,3,1,0,1,1,3,3,1.000000
fallback,90.0,4,1,0,1,1,4,4,1.000000
fallback,90.0,5,1,0,1,1,5,5,1.000000
fallback,90.0,6,1,0,1,1,6,6,1.000000
fallback,90.0,7,1,0,1,1,7,7,1.000000
fallback,90.0,8,1,0,1,1,8,8,1.000000
fallback,90.0,9,1,0,1,1,9,9,1.000000
fallback,90.0,10,1,0,1,1,10,10,1.000000
fallback,90.0,11,1,0,1,1,11,11,1.000000
fallback,90.0,12,1,0,1,1,12,12,1.000000
fallback,90.0,13,1,0,1,1,13,13,1.000000
fallback,90.0,14,1,0,1,1,14,14,1.000000
fallback,90.0,15,1,0,1,1,15,15,1.000000
fallback,90.0,16,1,0,1,1,16,16,1.000000
fallback,90.0,17,1,1,0,1,17,16,1.000000
fallback,90.0,18,1,0,1,1,18,17,1.000000
fallback,90.0,19,1,0,1,1,19,18,1.000000
fallback,90.0,20,1,0,1,1,20,19,1.000000
fallback,90.0,21,1,1,0,1,21,19,1.000000
fallback,90.0,22,1,0,1,1,22,20,1.000000
fallback,90.0,23,1,0,1,1,23,21,1.000000
fallback,90.0,24,1,0,1,1,24,22,1.000000
fallback,90.0,25,0,0,0,1,24,22,1.000000
fallback,90.0,26,1,0,1,1,25,23,1.000000
fallback,90.0,27,1,0,1,1,26,24,1.000000
fallback,90.0,28,1,0,1,1,27,25,1.000000
fallback,90.0,29,1,0,1,1,28,26,1.000000
fallback,90.0,30,1,0,1,1,29,27,1.000000
fallback,90.0,31,0,0,0,1,29,27,1.000000
fallback,90.0,32,1,0,1,1,30,28,1.000000
fallback,90.0,33,1,1,0,1,31,28,1.000000
fallback,90.0,34,1,1,0,1,32,28,1.000000
fallback,90.0,35,1,0,1,1,33,29,1.000000
fallback,90.0,36,1,0,1,1,34,30,1.000000
fallback,90.0,37,1,0,1,1,35,31,1.000000
fallback,90.0,38,0,0,0,1,35,31,1.000000
fallback,90.0,39,1,0,1,1,36,32,1.000000
fallback,90.0,40,1,0,1,1,37,33,1.000000
fallback,90.0,41,1,0,1,1,38,34,1.000000
fallback,90.0,42,1,0,1,1,39,35,1.000000
fallback,90.0,43,1,0,1,1,40,36,1.000000
fallback,90.0,44,1,0,1,1,41,37,1.000000
fallback,90.0,45,1,0,1,1,42,38,1.000000
fallback,90.0,46,1,0,1,1,43,39,1.000000
fallback,90.0,47,1,0,1,1,44,40,1.000000
fallback,90.0,48,1,0,1,1,45,41,1.000000
fallback,90.0,49,1,0,1,1,46,42,1.000000
fallback,90.0,50,1,0,1,1,47,43,1.000000
fallback,90.0,51,0,0,0,1,47,43,1.000000
fallback,90.0,52,1,0,1,1,48,44,1.000000
fallback,90.0,53,1,0,1,1,49,45,1.000000
fallback,90.0,54,1,0,1,1,50,46,1.000000
fallback,90.0,55,0,0,0,1,50,46,1.000000
fallback,90.0,56,1,0,1,1,51,47,1.000000
fallback,90.0,57,1,0,1,1,52,48,1.000000
fallback,90.0,58,1,0,1,1,53,49,1.000000
fallback,90.0,59,1,0,1,1,54,50,1.000000
fallback,90.0,60,1,0,1,1,55,51,1.000000
fallback,90.0,61,1,0,1,1,56,52,1.000000
fallback,90.0,62,1,0,1,1,57,53,1.000000
fallback,90.0,63,1,0,1,1,58,54,1.000000
fallback,90.0,64,1,0,1,1,59,55,1.000000
fallback,90.0,65,1,0,1,1,60,56,1.000000
fallback,90.0,66,1,0,1,1,61,57,1.000000
fallback,90.0,67,0,0,0,1,61,57,1.000000
fallback,90.0,68,1,1,0,1,62,57,1.000000
fallback,90.0,69,1,0,1,1,63,58,1.000000
fallback,90.0,70,1,0,1,1,64,59,1.000000
fallback,90.0,71,1,0,1,1,65,60,1.000000
fallback,90.0,72,1,0,1,1,66,61,1.000000
fallback,90.0,73,1,1,0,1,67,61,1.000000
fallback,90.0,74,1,0,1,1,68,62,1.000000
fallback,90.0,75,1,0,1,1,69,63,1.000000
fallback,90.0,76,1,0,1,1,70,64,1.000000
fallback,90.0,77,1,0,1,1,71,65,1.000000
fallback,90.0,78,1,0,1,1,72,66,1.000000
fallback,90.0,79,1,0,1,1,73,67,1.000000
fallback,90.0,80,1,0,1,1,74,68,1.000000
fallback,90.0,81,0,0,0,1,74,68,1.000000
fallback,90.0,82,1,0,1,1,75,69,1.000000
fallback,90.0,83,1,0,1,1,76,70,1.000000
fallback,90.0,84,1,0,1,1,77,71,1.000000
fallback,90.0,85,1,0,1,1,78,72,1.000000
fallback,90.0,86,1,0,1,1,79,73,1.000000
fallback,90.0,87,1,0,1,1,80,74,1.000000
fallback,90.0,88,0,0,0,1,80,74,1.000000
fallback,90.0,89,1,0,1,1,81,75,1.000000
fallback,90.0,90,1,0,1,1,82,76,1.000000
fallback,90.0,91,1,0,1,1,83,77,1.000000
fallback,90.0,92,1,0,1,1,84,78,1.000000
fallback,90.0,93,1,0,1,1,85,79,1.000000
fallback,90.0,94,1,0,1,1,86,80,1.000000
fallback,90.0,95,1,0,1,1,87,81,1.000000
fallback,90.0,96,1,0,1,1,88,82,1.000000
fallback,90.0,97,1,0,1,1,89,83,1.000000
fallback,90.0,98,1,0,1,1,90,84,1.000000
fallback,90.0,99,1,0,1,1,91,85,1.000000
fallback,90.0,100,1,0,1,1,92,86,1.000000
fallback,90.0,101,1,0,1,1,93,87,1.000000
fallback,90.0,102,1,0,1,1,94,88,1.000000
fallback,90.0,103,1,0,1,1,95,89,1.000000
fallback,90.0,104,0,0,0,1,95,89,1.000000
fallback,90.0,105,1,0,1,1,96,90,1.000000
fallback,90.0,106,1,0,1,1,97,91,1.000000
fallback,90.0,107,1,0,1,1,98,92,1.000000
fallback,90.0,108,0,0,0,1,98,92,1.000000
fallback,90.0,109,1,0,1,1,99,93,1.000000
fallback,90.0,110,1,0,1,1,100,94,1.000000
fallback,90.0,111,1,1,0,1,101,94,1.000000
fallback,90.0,112,1,0,1,1,102,95,1.000000
fallback,90.0,113,1,0,1,1,103,96,1.000000
fallback,90.0,114,1,0,1,1,104,97,1.000000
fallback,90.0,115,1,0,1,1,105,98,1.000000
fallback,90.0,116,1,0,1,1,106,99,1.000000
fallback,90.0,117,1,0,1,1,107,100,1.000000
fallback,90.0,118,1,0,1,1,108,101,1.000000
fallback,90.0,119,1,0,1,1,109,102,1.000000
fallback,90.0,120,1,0,1,1,110,103,1.000000
fallback,90.0,121,1,0,1,1,111,104,1.000000
fallback,90.0,122,1,0,1,1,112,105,1.000000
fallback,90.0,123,1,0,1,1,113,106,1.000000
fallback,90.0,124,1,0,1,1,114,107,1.000000
fallback,90.0,125,1,0,1,1,115,108,1.000000
fallback,90.0,126,1,0,1,1,116,109,1.000000
fallback,90.0,127,1,0,1,1,117,110,1.000000
fallback,90.0,128,1,0,1,1,118,111,1.000000
fallback,90.0,129,1,0,1,1,119,112,1.000000
fallback,90.0,130,1,0,1,1,120,113,1.000000
fallback,90.0,131,1,0,1,1,121,114,1.000000
fallback,90.0,132,1,0,1,1,122,115,1.000000
fallback,90.0,133,1,0,1,1,123,116,1.000000
fallback,90.0,134,1,0,1,1,124,117,1.000000
fallback,90.0,135,1,0,1,1,125,118,1.000000
fallback,90.0,136,1,0,1,1,126,119,1.000000
fallback,90.0,137,1,0,1,1,127,120,1.000000
fallback,90.0,138,1,0,1,1,128,121,1.000000
fallback,90.0,139,1,0,1,1,129,122,1.000000
fallback,90.0,140,1,0,1,1,130,123,1.000000
fallback,90.0,141,1,0,1,1,131,124,1.000000
fallback,90.0,142,1,0,1,1,132,125,1.000000
fallback,90.0,143,1,0,1,1,133,126,1.000000
fallback,90.0,144,1,0,1,1,134,127,1.000000
fallback,90.0,145,1,0,1,1,135,128,1.000000
fallback,90.0,146,1,0,1,1,136,129,1.000000
fallback,90.0,147,1,1,0,1,137,129,1.000000
fallback,90.0,148,1,0,1,1,138,130,1.000000
fallback,90.0,149,1,0,1,1,139,131,1.000000
fallback,90.0,150,1,0,1,1,140,132,1.000000
fallback,90.0,151,1,0,1,1,141,133,1.000000
fallback,90.0,152,1,1,0,1,142,133,1.000000
fallback,90.0,153,1,0,1,1,143,134,1.000000
fallback,90.0,154,1,0,1,1,144,135,1.000000
fallback,90.0,155,1,0,1,1,145,136,1.000000
fallback,90.0,156,1,0,1,1,146,137,1.000000
fallback,90.0,157,1,0,1,1,147,138,1.000000
fallback,90.0,158,1,0,1,1,148,139,1.000000
fallback,90.0,159,1,0,1,1,149,140,1.000000
fallback,90.0,160,1,0,1,1,150,141,1.000000
fallback,90.0,161,1,0,1,1,151,142,1.000000
fallback,90.0,162,1,0,1,1,152,143,1.000000
fallback,90.0,163,1,0,1,1,153,144,1.000000
fallback,90.0,164,1,0,1,1,154,145,1.000000
fallback,90.0,165,1,0,1,1,155,146,1.000000
fallback,90.0,166,1,0,1,1,156,147,1.000000
fallback,90.0,167,1,0,1,1,157,148,1.000000
fallback,90.0,168,1,0,1,1,158,149,1.000000
fallback,90.0,169,1,0,1,1,159,150,1.000000
fallback,90.0,170,1,0,1,1,160,151,1.000000
fallback,90.0,171,1,0,1,1,161,152,1.000000
fallback,90.0,172,1,0,1,1,162,153,1.000000
fallback,90.0,173,1,0,1,1,163,154,1.000000
fallback,90.0,174,1,0,1,1,164,155,1.000000
fallback,90.0,175,1,0,1,1,165,156,1.000000
fallback,90.0,176,1,0,1,1,166,157,1.000000
fallback,90.0,177,1,0,1,1,167,158,1.000000
fallback,90.0,178,1,0,1,1,168,159,1.000000
fallback,90.0,179,1,0,1,1,169,160,1.000000
fallback,90.0,180,1,0,1,1,170,161,1.000000
fallback,90.0,181,1,0,1,1,171,162,1.000000
fallback,90.0,182,1,0,1,1,172,163,1.000000
fallback,90.0,183,1,0,1,1,173,164,1.000000
fallback,90.0,184,1,0,1,1,174,165,1.000000
fallback,90.0,185,1,0,1,1,175,166,1.000000
fallback,90.0,186,1,0,1,1,176,167,1.000000
fallback,90.0,187,1,0,1,1,177,168,1.000000
fallback,90.0,188,1,0,1,1,178,169,1.000000
fallback,90.0,189,1,0,1,1,179,170,1.000000
fallback,90.0,190,1,0,1,1,180,171,1.000000
fallback,90.0,191,1,0,1,1,181,172,1.000000
fallback,90.0,192,1,0,1,1,182,173,1.000000
fallback,90.0,193,1,0,1,1,183,174,1.000000
fallback,90.0,194,1,0,1,1,184,175,1.000000
fallback,90.0,195,1,0,1,1,185,176,1.000000
fallback,90.0,196,1,0,1,1,186,177,1.000000
fallback,90.0,197,1,0,1,1,187,178,1.000000
fallback,90.0,198,1,0,1,1,188,179,1.000000
fallback,90.0,199,1,0,1,1,189,180,1.000000
fallback,90.0,200,1,1,0,1,190,180,1.000000
fallback,90.0,201,1,0,1,1,191,181,1.000000
fallback,90.0,202,1,0,1,1,192,182,1.000000
fallback,90.0,203,1,0,1,1,193,183,1.000000
fallback,90.0,204,1,0,1,1,194,184,1.000000
fallback,90.0,205,1,0,1,1,195,185,1.000000
fallback,90.0,206,1,0,1,1,196,186,1.000000
fallback,90.0,207,1,0,1,1,197,187,1.000000
fallback,90.0,208,1,0,1,1,198,188,1.000000
fallback,90.0,209,1,0,1,1,199,189,1.000000
fallback,90.0,210,1,0,1,1,200,190,1.000000
fallback,90.0,211,1,0,1,1,201,191,1.000000
fallback,90.0,212,1,0,1,1,202,192,1.000000
fallback,90.0,213,1,0,1,1,203,193,1.000000
fallback,90.0,214,1,0,1,1,204,194,1.000000
fallback,90.0,215,1,0,1,1,205,195,1.000000
fallback,90.0,216,1,0,1,1,206,196,1.000000
fallback,90.0,217,1,0,1,1,207,197,1.000000
fallback,90.0,218,1,0,1,1,208,198,1.000000
fallback,90.0,219,1,0,1,1,209,199,1.000000
fallback,90.0,220,1,0,1,1,210,200,1.000000
fallback,90.0,221,1,0,1,1,211,201,1.000000
fallback,90.0,222,1,0,1,1,212,202,1.000000
fallback,90.0,223,1,0,1,1,213,203,1.000000
fallback,90.0,224,1,0,1,1,214,204,1.000000
fallback,90.0,225,1,0,1,1,215,205,1.000000
fallback,90.0,226,1,0,1,1,216,206,1.000000
fallback,90.0,227,1,0,1,1,217,207,1.000000
fallback,90.0,228,1,0,1,1,218,208,1.000000
fallback,90.0,229,1,0,1,1,219,209,1.000000
fallback,90.0,230,1,0,1,1,220,210,1.000000
fallback,90.0,231,1,0,1,1,221,211,1.000000
fallback,90.0,232,1,0,1,1,222,212,1.000000
fallback,90.0,233,1,0,1,1,223,213,1.000000
fallback,90.0,234,1,0,1,1,224,214,1.000000
fallback,90.0,235,1,0,1,1,225,215,1.000000
fallback,90.0,236,1,0,1,1,226,216,1.000000
fallback,90.0,237,0,0,0,1,226,216,1.000000
fallback,90.0,238,1,0,1,1,227,217,1.000000
fallback,90.0,239,1,0,1,1,228,218,1.000000
fallback,90.0,240,1,0,1,1,229,219,1.000000
fallback,90.0,241,1,0,1,1,230,220,1.000000
fallback,90.0,242,1,0,1,1,231,221,1.000000
fallback,90.0,243,1,0,1,1,232,222,1.000000
fallback,90.0,244,1,0,1,1,233,223,1.000000
fallback,90.0,245,1,0,1,1,234,224,1.000000
fallback,90.0,246,1,0,1,1,235,225,1.000000
fallback,90.0,247,1,0,1,1,236,226,1.000000
fallback,90.0,248,1,0,1,1,237,227,1.000000
fallback,90.0,249,1,0,1,1,238,228,1.000000
fallback,90.0,250,0,0,0,1,238,228,1.000000
fallback,90.0,251,1,0,1,1,239,229,1.000000
fallback,90.0,252,0,0,0,1,239,229,1.000000
fallback,90.0,253,1,0,1,1,240,230,1.000000
fallback,90.0,254,1,0,1,1,241,231,1.000000
fallback,90.0,255,0,0,0,1,241,231,1.000000
fallback,90.0,256,1,0,1,1,242,232,1.000000
fallback,90.0,257,1,0,1,1,243,233,1.000000
fallback,90.0,258,1,0,1,1,244,234,1.000000
fallback,90.0,259,1,1,0,1,245,234,1.000000
fallback,90.0,260,1,0,1,1,246,235,1.000000
fallback,90.0,261,1,0,1,1,247,236,1.000000
fallback,90.0,262,1,0,1,1,248,237,1.000000
fallback,90.0,263,1,0,1,1,249,238,1.000000
fallback,90.0,264,1,0,1,1,250,239,1.000000
fallback,90.0,265,1,0,1,1,251,240,1.000000
fallback,90.0,266,1,0,1,1,252,241,1.000000
fallback,90.0,267,1,0,1,1,253,242,1.000000
fallback,90.0,268,1,0,1,1,254,243,1.000000
fallback,90.0,269,1,0,1,1,255,244,1.000000
fallback,90.0,270,1,0,1,1,256,245,1.000000
fallback,90.0,271,1,0,1,1,257,246,1.000000
fallback,90.0,272,1,0,1,1,258,247,1.000000
fallback,90.0,273,1,0,1,1,259,248,1.000000
fallback,90.0,274,1,0,1,1,260,249,1.000000
fallback,90.0,275,1,0,1,1,261,250,1.000000
fallback,90.0,276,1,0,1,1,262,251,1.000000
fallback,90.0,277,1,0,1,1,263,252,1.000000
fallback,90.0,278,1,0,1,1,264,253,1.000000
fallback,90.0,279,1,0,1,1,265,254,1.000000
fallback,90.0,280,1,0,1,1,266,255,1.000000
fallback,90.0,281,1,0,1,1,267,256,1.000000
fallback,90.0,282,1,0,1,1,268,257,1.000000
fallback,90.0,283,1,0,1,1,269,258,1.000000
fallback,90.0,284,1,0,1,1,270,259,1.000000
fallback,90.0,285,1,0,1,1,271,260,1.000000
fallback,90.0,286,1,0,1,1,272,261,1.000000
fallback,90.0,287,1,0,1,1,273,262,1.000000
fallback,90.0,288,0,0,0,1,273,262,1.000000
fallback,90.0,289,1,0,1,1,274,263,1.000000
fallback,90.0,290,1,0,1,1,275,264,1.000000
fallback,90.0,291,1,0,1,1,276,265,1.000000
fallback,90.0,292,1,0,1,1,277,266,1.000000
fallback,90.0,293,1,0,1,1,278,267,1.000000
fallback,90.0,294,1,0,1,1,279,268,1.000000
fallback,90.0,295,1,0,1,1,280,269,1.000000
fallback,90.0,296,1,0,1,1,281,270,1.000000
fallback,90.0,297,1,0,1,1,282,271,1.000000
fallback,90.0,298,1,0,1,1,283,272,1.000000
fallback,90.0,299,1,0,1,1,284,273,1.000000
fallback,90.0,300,1,1,0,1,285,273,1.000000
fallback,90.0,301,1,0,1,1,286,274,1.000000
fallback,90.0,302,1,0,1,1,287,275,1.000000
fallback,90.0,303,1,0,1,1,288,276,1.000000
fallback,90.0,304,1,0,1,1,289,277,1.000000
fallback,90.0,305,1,0,1,1,290,278,1.000000
fallback,90.0,306,1,0,1,1,291,279,1.000000
fallback,90.0,307,1,0,1,1,292,280,1.000000
fallback,90.0,308,1,0,1,1,293,281,1.000000
fallback,90.0,309,0,0,0,1,293,281,1.000000
fallback,90.0,310,1,0,1,1,294,282,1.000000
fallback,90.0,311,1,1,0,1,295,282,1.000000
fallback,90.0,312,1,0,1,1,296,283,1.000000
fallback,90.0,313,0,0,0,1,296,283,1.000000
fallback,90.0,314,1,0,1,1,297,284,1.000000
fallback,90.0,315,1,0,1,1,298,285,1.000000
fallback,90.0,316,1,0,1,1,299,286,1.000000
fallback,90.0,317,1,0,1,1,300,287,1.000000
fallback,90.0,318,1,0,1,1,301,288,1.000000
fallback,90.0,319,1,0,1,1,302,289,1.000000
fallback,90.0,320,1,0,1,1,303,290,1.000000
fallback,90.0,321,1,0,1,1,304,291,1.000000
fallback,90.0,322,1,0,1,1,305,292,1.000000
fallback,90.0,323,1,0,1,1,306,293,1.000000
fallback,90.0,324,1,0,1,1,307,294,1.000000
fallback,90.0,325,1,0,1,1,308,295,1.000000
fallback,90.0,326,1,0,1,1,309,296,1.000000
fallback,90.0,327,1,0,1,1,310,297,1.000000
fallback,90.0,328,1,0,1,1,311,298,1.000000
fallback,90.0,329,1,0,1,1,312,299,1.000000
fallback,90.0,330,1,0,1,1,313,300,1.000000
fallback,90.0,331,1,1,0,1,314,300,1.000000
fallback,90.0,332,1,0,1,1,315,301,1.000000
fallback,90.0,333,1,0,1,1,316,302,1.000000
fallback,90.0,334,1,0,1,1,317,303,1.000000
fallback,90.0,335,1,0,1,1,318,304,1.000000
fallback,90.0,336,1,0,1,1,319,305,1.000000
fallback,90.0,337,1,0,1,1,320,306,1.000000
fallback,90.0,338,0,0,0,1,320,306,1.000000
fallback,90.0,339,1,0,1,1,321,307,1.000000
fallback,90.0,340,1,0,1,1,322,308,1.000000
fallback,90.0,341,1,1,0,1,323,308,1.000000
fallback,90.0,342,0,0,0,1,323,308,1.000000
fallback,90.0,343,1,0,1,1,324,309,1.000000
fallback,90.0,344,1,0,1,1,325,310,1.000000
fallback,90.0,345,1,0,1,1,326,311,1.000000
fallback,90.0,346,1,0,1,1,327,312,1.000000
fallback,90.0,347,1,1,0,1,328,312,1.000000
fallback,90.0,348,1,0,1,1,329,313,1.000000
fallback,90.0,349,1,0,1,1,330,314,1.000000
fallback,90.0,350,1,0,1,1,331,315,1.000000
fallback,90.0,351,1,0,1,1,332,316,1.000000
fallback,90.0,352,1,0,1,1,333,317,1.000000
fallback,90.0,353,1,0,1,1,334,318,1.000000
fallback,90.0,354,1,0,1,1,335,319,1.000000
fallback,90.0,355,1,0,1,1,336,320,1.000000
fallback,90.0,356,1,0,1,1,337,321,1.000000
fallback,90.0,357,1,0,1,1,338,322,1.000000
fallback,90.0,358,1,0,1,1,339,323,1.000000
fallback,90.0,359,1,0,1,1,340,324,1.000000
fallback,90.0,360,1,0,1,1,341,325,1.000000
fallback,90.0,361,1,0,1,1,342,326,1.000000
fallback,90.0,362,1,0,1,1,343,327,1.000000
fallback,90.0,363,1,0,1,1,344,328,1.000000
fallback,90.0,364,1,0,1,1,345,329,1.000000
fallback,90.0,365,1,0,1,1,346,330,1.000000
fallback,90.0,366,1,0,1,1,347,331,1.000000
fallback,90.0,367,1,0,1,1,348,332,1.000000
fallback,90.0,368,1,0,1,1,349,333,1.000000
fallback,90.0,369,1,0,1,1,350,334,1.000000
fallback,90.0,370,1,0,1,1,351,335,1.000000
fallback,90.0,371,1,0,1,1,352,336,1.000000
fallback,90.0,372,1,0,1,1,353,337,1.000000
fallback,90.0,373,1,0,1,1,354,338,1.000000
fallback,90.0,374,1,0,1,1,355,339,1.000000
fallback,90.0,375,1,0,1,1,356,340,1.000000
fallback,90.0,376,1,0,1,1,357,341,1.000000
fallback,90.0,377,1,0,1,1,358,342,1.000000
fallback,90.0,378,1,0,1,1,359,343,1.000000
fallback,90.0,379,1,0,1,1,360,344,1.000000
fallback,90.0,380,1,0,1,1,361,345,1.000000
fallback,90.0,381,1,0,1,1,362,346,1.000000
fallback,90.0,382,1,0,1,1,363,347,1.000000
fallback,90.0,383,1,0,1,1,364,348,1.000000
fallback,90.0,384,1,0,1,1,365,349,1.000000
fallback,90.0,385,1,0,1,1,366,350,1.000000
fallback,90.0,386,1,0,1,1,367,351,1.000000
fallback,90.0,387,1,0,1,1,368,352,1.000000
fallback,90.0,388,1,0,1,1,369,353,1.000000
fallback,90.0,389,1,0,1,1,370,354,1.000000
fallback,90.0,390,1,0,1,1,371,355,1.000000
fallback,90.0,391,1,1,0,1,372,355,1.000000
fallback,90.0,392,1,0,1,1,373,356,1.000000
fallback,90.0,393,1,0,1,1,374,357,1.000000
fallback,90.0,394,1,0,1,1,375,358,1.000000
fallback,90.0,395,1,0,1,1,376,359,1.000000
fallback,90.0,396,1,0,1,1,377,360,1.000000
fallback,90.0,397,1,0,1,1,378,361,1.000000
fallback,90.0,398,1,0,1,1,379,362,1.000000
fallback,90.0,399,1,0,1,1,380,363,1.000000
fallback,90.0,400,1,0,1,1,381,364,1.000000
ns3,10.0,1,1,1,0,0,1,0,0.000000
ns3,10.0,2,1,1,0,0,2,0,0.000000
ns3,10.0,3,1,1,0,0,3,0,0.000000
ns3,10.0,4,1,1,0,0,4,0,0.000000
ns3,10.0,5,1,1,0,0,5,0,0.000000
ns3,10.0,6,1,1,0,0,6,0,0.000000
ns3,10.0,7,1,1,0,0,7,0,0.000000
ns3,10.0,8,1,1,0,0,8,0,0.000000
ns3,10.0,9,1,1,0,0,9,0,0.000000
ns3,10.0,10,1,1,0,0,10,0,0.000000
ns3,10.0,11,1,1,0,0,11,0,0.000000
ns3,10.0,12,1,1,0,0,12,0,0.000000
ns3,10.0,13,1,1,0,0,13,0,0.000000
ns3,10.0,14,1,1,0,0,14,0,0.000000
ns3,10.0,15,1,1,0,0,15,0,0.000000
ns3,10.0,16,1,1,0,0,16,0,0.000000
ns3,10.0,17,0,1,0,0,16,0,0.000000
ns3,10.0,18,1,1,0,0,17,0,0.000000
ns3,10.0,19,1,1,0,0,18,0,0.000000
ns3,10.0,20,1,1,0,0,19,0,0.000000
ns3,10.0,21,1,1,0,0,20,0,0.000000
ns3,10.0,22,1,1,0,0,21,0,0.000000
ns3,10.0,23,1,1,0,0,22,0,0.000000
ns3,10.0,24,1,1,0,0,23,0,0.000000
ns3,10.0,25,1,1,0,0,24,0,0.000000
ns3,10.0,26,1,1,0,0,25,0,0.000000
ns3,10.0,27,0,1,0,0,25,0,0.000000
ns3,10.0,28,1,1,0,0,26,0,0.000000
ns3,10.0,29,1,1,0,0,27,0,0.000000
ns3,10.0,30,1,1,0,0,28,0,0.000000
ns3,10.0,31,1,1,0,0,29,0,0.000000
ns3,10.0,32,1,1,0,0,30,0,0.000000
ns3,10.0,33,1,1,0,0,31,0,0.000000
ns3,10.0,34,1,1,0,0,32,0,0.000000
ns3,10.0,35,1,1,0,0,33,0,0.000000
ns3,10.0,36,1,1,0,0,34,0,0.000000
ns3,10.0,37,1,1,0,0,35,0,0.000000
ns3,10.0,38,1,1,0,0,36,0,0.000000
ns3,10.0,39,1,1,0,0,37,0,0.000000
ns3,10.0,40,1,1,0,0,38,0,0.000000
ns3,10.0,41,0,1,0,0,38,0,0.000000
ns3,10.0,42,0,1,0,0,38,0,0.000000
ns3,10.0,43,1,1,0,0,39,0,0.000000
ns3,10.0,44,1,1,0,0,40,0,0.000000
ns3,10.0,45,1,1,0,0,41,0,0.000000
ns3,10.0,46,1,1,0,0,42,0,0.000000
ns3,10.0,47,1,1,0,0,43,0,0.000000
ns3,10.0,48,1,1,0,0,44,0,0.000000
ns3,10.0,49,1,1,0,0,45,0,0.000000
ns3,10.0,50,1,1,0,0,46,0,0.000000
ns3,10.0,51,1,1,0,0,47,0,0.000000
ns3,10.0,52,1,1,0,0,48,0,0.000000
ns3,10.0,53,0,1,0,0,48,0,0.000000
ns3,10.0,54,1,1,0,0,49,0,0.000000
ns3,10.0,55,1,1,0,0,50,0,0.000000
ns3,10.0,56,1,1,0,0,51,0,0.000000
ns3,10.0,57,1,1,0,0,52,0,0.000000
ns3,10.0,58,1,1,0,0,53,0,0.000000
ns3,10.0,59,1,1,0,0,54,0,0.000000
ns3,10.0,60,1,1,0,0,55,0,0.000000
ns3,10.0,61,1,1,0,0,56,0,0.000000
ns3,10.0,62,1,1,0,0,57,0,0.000000
ns3,10.0,63,1,1,0,0,58,0,0.000000
ns3,10.0,64,1,1,0,0,59,0,0.000000
ns3,10.0,65,1,1,0,0,60,0,0.000000
ns3,10.0,66,0,1,0,0,60,0,0.000000
ns3,10.0,67,1,1,0,0,61,0,0.000000
ns3,10.0,68,1,1,0,0,62,0,0.000000
ns3,10.0,69,1,1,0,0,63,0,0.000000
ns3,10.0,70,1,1,0,0,64,0,0.000000
ns3,10.0,71,1,1,0,0,65,0,0.000000
ns3,10.0,72,1,1,0,0,66,0,0.000000
ns3,10.0,73,1,1,0,0,67,0,0.000000
ns3,10.0,74,1,1,0,0,68,0,0.000000
ns3,10.0,75,1,1,0,0,69,0,0.000000
ns3,10.0,76,1,1,0,0,70,0,0.000000
ns3,10.0,77,1,1,0,0,71,0,0.000000
ns3,10.0,78,1,1,0,0,72,0,0.000000
ns3,10.0,79,1,1,0,0,73,0,0.000000
ns3,10.0,80,1,1,0,0,74,0,0.000000
ns3,10.0,81,1,1,0,0,75,0,0.000000
ns3,10.0,82,1,1,0,0,76,0,0.000000
ns3,10.0,83,1,1,0,0,77,0,0.000000
ns3,10.0,84,1,1,0,0,78,0,0.000000
ns3,10.0,85,1,1,0,0,79,0,0.000000
ns3,10.0,86,0,1,0,0,79,0,0.000000
ns3,10.0,87,1,1,0,0,80,0,0.000000
ns3,10.0,88,1,1,0,0,81,0,0.000000
ns3,10.0,89,1,1,0,0,82,0,0.000000
ns3,10.0,90,1,1,0,0,83,0,0.000000
ns3,10.0,91,1,1,0,0,84,0,0.000000
ns3,10.0,92,1,1,0,0,85,0,0.000000
ns3,10.0,93,1,1,0,0,86,0,0.000000
ns3,10.0,94,1,1,0,0,87,0,0.000000
ns3,10.0,95,1,1,0,0,88,0,0.000000
ns3,10.0,96,1,1,0,0,89,0,0.000000
ns3,10.0,97,1,1,0,0,90,0,0.000000
ns3,10.0,98,1,1,0,0,91,0,0.000000
ns3,10.0,99,0,1,0,0,91,0,0.000000
ns3,10.0,100,1,1,0,0,92,0,0.000000
ns3,10.0,101,1,1,0,0,93,0,0.000000
ns3,10.0,102,1,1,0,0,94,0,0.000000
ns3,10.0,103,1,1,0,0,95,0,0.000000
ns3,10.0,104,1,1,0,0,96,0,0.000000
ns3,10.0,105,1,1,0,0,97,0,0.000000
ns3,10.0,106,1,1,0,0,98,0,0.000000
ns3,10.0,107,1,1,0,0,99,0,0.000000
ns3,10.0,108,1,1,0,0,100,0,0.000000
ns3,10.0,109,1,1,0,0,101,0,0.000000
ns3,10.0,110,1,1,0,0,102,0,0.000000
ns3,10.0,111,1,1,0,0,103,0,0.000000
ns3,10.0,112,1,1,0,0,104,0,0.000000
ns3,10.0,113,1,1,0,0,105,0,0.000000
ns3,10.0,114,1,1,0,0,106,0,0.000000
ns3,10.0,115,1,1,0,0,107,0,0.000000
ns3,10.0,116,1,1,0,0,108,0,0.000000
ns3,10.0,117,0,1,0,0,108,0,0.000000
ns3,10.0,118,1,1,0,0,109,0,0.000000
ns3,10.0,119,1,1,0,0,110,0,0.000000
ns3,10.0,120,1,1,0,0,111,0,0.000000
ns3,10.0,121,1,1,0,0,112,0,0.000000
ns3,10.0,122,1,1,0,0,113,0,0.000000
ns3,10.0,123,1,1,0,0,114,0,0.000000
ns3,10.0,124,1,1,0,0,115,0,0.000000
ns3,10.0,125,1,1,0,0,116,0,0.000000
ns3,10.0,126,1,1,0,0,117,0,0.000000
ns3,10.0,127,1,1,0,0,118,0,0.000000
ns3,10.0,128,1,1,0,0,119,0,0.000000
ns3,10.0,129,1,1,0,0,120,0,0.000000
ns3,10.0,130,1,1,0,0,121,0,0.000000
ns3,10.0,131,1,1,0,0,122,0,0.000000
ns3,10.0,132,1,1,0,0,123,0,0.000000
ns3,10.0,133,1,1,0,0,124,0,0.000000
ns3,10.0,134,1,1,0,0,125,0,0.000000
ns3,10.0,135,1,1,0,0,126,0,0.000000
ns3,10.0,136,1,1,0,0,127,0,0.000000
ns3,10.0,137,1,1,0,0,128,0,0.000000
ns3,10.0,138,1,1,0,0,129,0,0.000000
ns3,10.0,139,1,1,0,0,130,0,0.000000
ns3,10.0,140,1,1,0,0,131,0,0.000000
ns3,10.0,141,1,1,0,0,132,0,0.000000
ns3,10.0,142,1,1,0,0,133,0,0.000000
ns3,10.0,143,1,1,0,0,134,0,0.000000
ns3,10.0,144,1,1,0,0,135,0,0.000000
ns3,10.0,145,1,1,0,0,136,0,0.000000
ns3,10.0,146,1,1,0,0,137,0,0.000000
ns3,10.0,147,1,1,0,0,138,0,0.000000
ns3,10.0,148,1,1,0,0,139,0,0.000000
ns3,10.0,149,1,1,0,0,140,0,0.000000
ns3,10.0,150,1,1,0,0,141,0,0.000000
ns3,10.0,151,1,1,0,0,142,0,0.000000
ns3,10.0,152,1,1,0,0,143,0,0.000000
ns3,10.0,153,1,1,0,0,144,0,0.000000
ns3,10.0,154,1,1,0,0,145,0,0.000000
ns3,10.0,155,1,1,0,0,146,0,0.000000
ns3,10.0,156,1,1,0,0,147,0,0.000000
ns3,10.0,157,1,1,0,0,148,0,0.000000
ns3,10.0,158,1,1,0,0,149,0,0.000000
ns3,10.0,159,1,1,0,0,150,0,0.000000
ns3,10.0,160,1,1,0,0,151,0,0.000000
ns3,10.0,161,1,1,0,0,152,0,0.000000
ns3,10.0,162,1,1,0,0,153,0,0.000000
ns3,10.0,163,1,1,0,0,154,0,0.000000
ns3,10.0,164,1,1,0,0,155,0,0.000000
ns3,10.0,165,1,1,0,0,156,0,0.000000
ns3,10.0,166,1,1,0,0,157,0,0.000000
ns3,10.0,167,0,1,0,0,157,0,0.000000
ns3,10.0,168,1,1,0,0,158,0,0.000000
ns3,10.0,169,1,1,0,0,159,0,0.000000
ns3,10.0,170,1,1,0,0,160,0,0.000000
ns3,10.0,171,1,1,0,0,161,0,0.000000
ns3,10.0,172,1,1,0,0,162,0,0.000000
ns3,10.0,173,1,1,0,0,163,0,0.000000
ns3,10.0,174,1,1,0,0,164,0,0.000000
ns3,10.0,175,1,1,0,0,165,0,0.000000
ns3,10.0,176,1,1,0,0,166,0,0.000000
ns3,10.0,177,1,1,0,0,167,0,0.000000
ns3,10.0,178,1,1,0,0,168,0,0.000000
ns3,10.0,179,1,1,0,0,169,0,0.000000
ns3,10.0,180,1,1,0,0,170,0,0.000000
ns3,10.0,181,1,1,0,0,171,0,0.000000
ns3,10.0,182,1,1,0,0,172,0,0.000000
ns3,10.0,183,1,1,0,0,173,0,0.000000
ns3,10.0,184,1,1,0,0,174,0,0.000000
ns3,10.0,185,1,1,0,0,175,0,0.000000
ns3,10.0,186,1,1,0,0,176,0,0.000000
ns3,10.0,187,1,1,0,0,177,0,0.000000
ns3,10.0,188,1,1,0,0,178,0,0.000000
ns3,10.0,189,0,1,0,0,178,0,0.000000
ns3,10.0,190,1,0,1,1,179,1,0.633151
ns3,10.0,191,1,1,0,1,180,1,0.633145
ns3,10.0,192,1,1,0,1,181,1,0.633139
ns3,10.0,193,1,1,0,1,182,1,0.633134
ns3,10.0,194,1,1,0,1,183,1,0.633128
ns3,10.0,195,1,1,0,1,184,1,0.633123
ns3,10.0,196,1,1,0,1,185,1,0.633117
ns3,10.0,197,1,1,0,1,186,1,0.633112
ns3,10.0,198,1,1,0,1,187,1,0.633106
ns3,10.0,199,1,1,0,1,188,1,0.633101
ns3,10.0,200,1,1,0,1,189,1,0.633096
ns3,10.0,201,1,1,0,1,190,1,0.633091
ns3,10.0,202,1,1,0,1,191,1,0.633086
ns3,10.0,203,1,1,0,1,192,1,0.633081
ns3,10.0,204,1,1,0,1,193,1,0.633076
ns3,10.0,205,1,1,0,1,194,1,0.633071
ns3,10.0,206,1,1,0,1,195,1,0.633066
ns3,10.0,207,1,1,0,1,196,1,0.633061
ns3,10.0,208,1,1,0,1,197,1,0.633056
ns3,10.0,209,1,1,0,1,198,1,0.633052
ns3,10.0,210,1,1,0,1,199,1,0.633047
ns3,10.0,211,1,1,0,1,200,1,0.633042
ns3,10.0,212,1,1,0,1,201,1,0.633038
ns3,10.0,213,1,1,0,1,202,1,0.633033
ns3,10.0,214,1,1,0,1,203,1,0.633029
ns3,10.0,215,1,1,0,1,204,1,0.633024
ns3,10.0,216,1,1,0,1,205,1,0.633020
ns3,10.0,217,1,1,0,1,206,1,0.633015
ns3,10.0,218,1,1,0,1,207,1,0.633011
ns3,10.0,219,1,1,0,1,208,1,0.633007
ns3,10.0,220,1,1,0,1,209,1,0.633002
ns3,10.0,221,1,1,0,1,210,1,0.632998
ns3,10.0,222,1,1,0,1,211,1,0.632994
ns3,10.0,223,1,1,0,1,212,1,0.632990
ns3,10.0,224,1,1,0,1,213,1,0.632986
ns3,10.0,225,1,1,0,1,214,1,0.632982
ns3,10.0,226,1,1,0,1,215,1,0.632978
ns3,10.0,227,1,1,0,1,216,1,0.632974
ns3,10.0,228,1,1,0,1,217,1,0.632970
ns3,10.0,229,1,1,0,1,218,1,0.632966
ns3,10.0,230,1,1,0,1,219,1,0.632962
ns3,10.0,231,0,1,0,1,219,1,0.632962
ns3,10.0,232,1,1,0,1,220,1,0.632958
ns3,10.0,233,1,1,0,1,221,1,0.632954
ns3,10.0,234,1,1,0,1,222,1,0.632951
ns3,10.0,235,1,1,0,1,223,1,0.632947
ns3,10.0,236,1,1,0,1,224,1,0.632943
ns3,10.0,237,1,1,0,1,225,1,0.632940
ns3,10.0,238,1,1,0,1,226,1,0.632936
ns3,10.0,239,1,1,0,1,227,1,0.632932
ns3,10.0,240,1,1,0,1,228,1,0.632929
ns3,10.0,241,1,1,0,1,229,1,0.632925
ns3,10.0,242,1,1,0,1,230,1,0.632922
ns3,10.0,243,1,1,0,1,231,1,0.632918
ns3,10.0,244,1,1,0,1,232,1,0.632915
ns3,10.0,245,1,1,0,1,233,1,0.632911
ns3,10.0,246,1,1,0,1,234,1,0.632908
ns3,10.0,247,1,1,0,1,235,1,0.632905
ns3,10.0,248,1,1,0,1,236,1,0.632901
ns3,10.0,249,1,1,0,1,237,1,0.632898
ns3,10.0,250,1,1,0,1,238,1,0.632895
ns3,10.0,251,1,1,0,1,239,1,0.632892
ns3,10.0,252,1,1,0,1,240,1,0.632888
ns3,10.0,253,1,1,0,1,241,1,0.632885
ns3,10.0,254,1,1,0,1,242,1,0.632882
ns3,10.0,255,1,1,0,1,243,1,0.632879
ns3,10.0,256,1,1,0,1,244,1,0.632876
ns3,10.0,257,1,1,0,1,245,1,0.632873
ns3,10.0,258,1,1,0,1,246,1,0.632870
ns3,10.0,259,1,1,0,1,247,1,0.632867
ns3,10.0,260,1,1,0,1,248,1,0.632863
ns3,10.0,261,1,1,0,1,249,1,0.632861
ns3,10.0,262,1,1,0,1,250,1,0.632858
ns3,10.0,263,1,1,0,1,251,1,0.632855
ns3,10.0,264,1,1,0,1,252,1,0.632852
ns3,10.0,265,1,1,0,1,253,1,0.632849
ns3,10.0,266,1,1,0,1,254,1,0.632846
ns3,10.0,267,0,1,0,1,254,1,0.632846
ns3,10.0,268,1,1,0,1,255,1,0.632843
ns3,10.0,269,1,1,0,1,256,1,0.632840
ns3,10.0,270,1,1,0,1,257,1,0.632837
ns3,10.0,271,0,1,0,1,257,1,0.632837
ns3,10.0,272,1,1,0,1,258,1,0.632835
ns3,10.0,273,1,1,0,1,259,1,0.632832
ns3,10.0,274,1,1,0,1,260,1,0.632829
ns3,10.0,275,1,1,0,1,261,1,0.632826
ns3,10.0,276,1,1,0,1,262,1,0.632824
ns3,10.0,277,1,1,0,1,263,1,0.632821
ns3,10.0,278,1,1,0,1,264,1,0.632818
ns3,10.0,279,1,1,0,1,265,1,0.632816
ns3,10.0,280,1,1,0,1,266,1,0.632813
ns3,10.0,281,1,1,0,1,267,1,0.632811
ns3,10.0,282,1,1,0,1,268,1,0.632808
ns3,10.0,283,1,1,0,1,269,1,0.632805
ns3,10.0,284,1,1,0,1,270,1,0.632803
ns3,10.0,285,1,1,0,1,271,1,0.632800
ns3,10.0,286,1,1,0,1,272,1,0.632798
ns3,10.0,287,1,1,0,1,273,1,0.632795
ns3,10.0,288,1,1,0,1,274,1,0.632793
ns3,10.0,289,1,1,0,1,275,1,0.632790
ns3,10.0,290,1,1,0,1,276,1,0.632788
ns3,10.0,291,1,1,0,1,277,1,0.632786
ns3,10.0,292,1,1,0,1,278,1,0.632783
ns3,10.0,293,0,1,0,1,278,1,0.632783
ns3,10.0,294,1,1,0,1,279,1,0.632781
ns3,10.0,295,1,1,0,1,280,1,0.632778
ns3,10.0,296,1,1,0,1,281,1,0.632776
ns3,10.0,297,1,1,0,1,282,1,0.632774
ns3,10.0,298,1,1,0,1,283,1,0.632771
ns3,10.0,299,1,1,0,1,284,1,0.632769
ns3,10.0,300,1,1,0,1,285,1,0.632767
ns3,10.0,301,1,1,0,1,286,1,0.632765
ns3,10.0,302,1,1,0,1,287,1,0.632762
ns3,10.0,303,1,1,0,1,288,1,0.632760
ns3,10.0,304,1,1,0,1,289,1,0.632758
ns3,10.0,305,1,1,0,1,290,1,0.632756
ns3,10.0,306,1,1,0,1,291,1,0.632754
ns3,10.0,307,1,1,0,1,292,1,0.632751
ns3,10.0,308,1,1,0,1,293,1,0.632749
ns3,10.0,309,1,1,0,1,294,1,0.632747
ns3,10.0,310,1,1,0,1,295,1,0.632745
ns3,10.0,311,1,1,0,1,296,1,0.632743
ns3,10.0,312,1,1,0,1,297,1,0.632741
ns3,10.0,313,0,1,0,1,297,1,0.632741
ns3,10.0,314,1,1,0,1,298,1,0.632739
ns3,10.0,315,1,1,0,1,299,1,0.632737
ns3,10.0,316,1,1,0,1,300,1,0.632735
ns3,10.0,317,1,1,0,1,301,1,0.632733
ns3,10.0,318,1,1,0,1,302,1,0.632730
ns3,10.0,319,1,1,0,1,303,1,0.632728
ns3,10.0,320,1,1,0,1,304,1,0.632726
ns3,10.0,321,1,1,0,1,305,1,0.632724
ns3,10.0,322,1,1,0,1,306,1,0.632722
ns3,10.0,323,1,1,0,1,307,1,0.632721
ns3,10.0,324,1,1,0,1,308,1,0.632719
ns3,10.0,325,1,1,0,1,309,1,0.632717
ns3,10.0,326,1,1,0,1,310,1,0.632715
ns3,10.0,327,1,1,0,1,311,1,0.632713
ns3,10.0,328,1,1,0,1,312,1,0.632711
ns3,10.0,329,1,1,0,1,313,1,0.632709
ns3,10.0,330,1,1,0,1,314,1,0.632707
ns3,10.0,331,1,1,0,1,315,1,0.632705
ns3,10.0,332,1,1,0,1,316,1,0.632703
ns3,10.0,333,1,1,0,1,317,1,0.632702
ns3,10.0,334,1,1,0,1,318,1,0.632700
ns3,10.0,335,1,1,0,1,319,1,0.632698
ns3,10.0,336,1,1,0,1,320,1,0.632696
ns3,10.0,337,1,1,0,1,321,1,0.632694
ns3,10.0,338,1,1,0,1,322,1,0.632693
ns3,10.0,339,1,1,0,1,323,1,0.632691
ns3,10.0,340,1,1,0,1,324,1,0.632689
ns3,10.0,341,1,1,0,1,325,1,0.632687
ns3,10.0,342,0,1,0,1,325,1,0.632687
ns3,10.0,343,1,1,0,1,326,1,0.632686
ns3,10.0,344,1,1,0,1,327,1,0.632684
ns3,10.0,345,1,1,0,1,328,1,0.632682
ns3,10.0,346,1,1,0,1,329,1,0.632680
ns3,10.0,347,1,1,0,1,330,1,0.632679
ns3,10.0,348,1,1,0,1,331,1,0.632677
ns3,10.0,349,0,1,0,1,331,1,0.632677
ns3,10.0,350,1,1,0,1,332,1,0.632675
ns3,10.0,351,1,1,0,1,333,1,0.632674
ns3,10.0,352,1,1,0,1,334,1,0.632672
ns3,10.0,353,1,1,0,1,335,1,0.632670
ns3,10.0,354,1,1,0,1,336,1,0.632669
ns3,10.0,355,0,1,0,1,336,1,0.632669
ns3,10.0,356,1,1,0,1,337,1,0.632667
ns3,10.0,357,1,1,0,1,338,1,0.632665
ns3,10.0,358,1,1,0,1,339,1,0.632664
ns3,10.0,359,1,1,0,1,340,1,0.632662
ns3,10.0,360,1,1,0,1,341,1,0.632661
ns3,10.0,361,1,1,0,1,342,1,0.632659
ns3,10.0,362,1,1,0,1,343,1,0.632657
ns3,10.0,363,1,1,0,1,344,1,0.632656
ns3,10.0,364,1,1,0,1,345,1,0.632654
ns3,10.0,365,1,1,0,1,346,1,0.632653
ns3,10.0,366,1,1,0,1,347,1,0.632651
ns3,10.0,367,1,1,0,1,348,1,0.632650
ns3,10.0,368,1,1,0,1,349,1,0.632648
ns3,10.0,369,0,1,0,1,349,1,0.632648
ns3,10.0,370,1,1,0,1,350,1,0.632647
ns3,10.0,371,1,1,0,1,351,1,0.632645
ns3,10.0,372,1,1,0,1,352,1,0.632644
ns3,10.0,373,0,1,0,1,352,1,0.632644
ns3,10.0,374,1,1,0,1,353,1,0.632642
ns3,10.0,375,1,1,0,1,354,1,0.632641
ns3,10.0,376,1,1,0,1,355,1,0.632639
ns3,10.0,377,0,1,0,1,355,1,0.632639
ns3,10.0,378,1,1,0,1,356,1,0.632638
ns3,10.0,379,1,1,0,1,357,1,0.632636
ns3,10.0,380,1,1,0,1,358,1,0.632635
ns3,10.0,381,1,1,0,1,359,1,0.632634
ns3,10.0,382,1,1,0,1,360,1,0.632632
ns3,10.0,383,1,1,0,1,361,1,0.632631
ns3,10.0,384,1,1,0,1,362,1,0.632629
ns3,10.0,385,1,1,0,1,363,1,0.632628
ns3,10.0,386,1,1,0,1,364,1,0.632626
ns3,10.0,387,1,1,0,1,365,1,0.632625
ns3,10.0,388,1,1,0,1,366,1,0.632624
ns3,10.0,389,1,1,0,1,367,1,0.632622
ns3,10.0,390,1,1,0,1,368,1,0.632621
ns3,10.0,391,1,1,0,1,369,1,0.632620
ns3,10.0,392,1,1,0,1,370,1,0.632618
ns3,10.0,393,1,1,0,1,371,1,0.632617
ns3,10.0,394,1,1,0,1,372,1,0.632616
ns3,10.0,395,1,1,0,1,373,1,0.632614
ns3,10.0,396,1,1,0,1,374,1,0.632613
ns3,10.0,397,1,1,0,1,375,1,0.632612
ns3,10.0,398,1,1,0,1,376,1,0.632610
ns3,10.0,399,1,1,0,1,377,1,0.632609
ns3,10.0,400,1,1,0,1,378,1,0.632608
ns3,15.0,1,1,1,0,0,1,0,0.000000
ns3,15.0,2,1,1,0,0,2,0,0.000000
ns3,15.0,3,1,1,0,0,3,0,0.000000
ns3,15.0,4,1,1,0,0,4,0,0.000000
ns3,15.0,5,1,1,0,0,5,0,0.000000
ns3,15.0,6,0,1,0,0,5,0,0.000000
ns3,15.0,7,1,1,0,0,6,0,0.000000
ns3,15.0,8,1,1,0,0,7,0,0.000000
ns3,15.0,9,1,0,1,1,8,1,0.656391
ns3,15.0,10,1,1,0,1,9,1,0.653561
ns3,15.0,11,1,1,0,1,10,1,0.651322
ns3,15.0,12,1,1,0,1,11,1,0.649506
ns3,15.0,13,1,1,0,1,12,1,0.648004
ns3,15.0,14,1,1,0,1,13,1,0.646742
ns3,15.0,15,1,1,0,1,14,1,0.645665
ns3,15.0,16,1,1,0,1,15,1,0.644736
ns3,15.0,17,1,1,0,1,16,1,0.643926
ns3,15.0,18,1,1,0,1,17,1,0.643214
ns3,15.0,19,1,1,0,1,18,1,0.642583
ns3,15.0,20,1,1,0,1,19,1,0.642020
ns3,15.0,21,1,1,0,1,20,1,0.641514
ns3,15.0,22,1,1,0,1,21,1,0.641058
ns3,15.0,23,1,1,0,1,22,1,0.640643
ns3,15.0,24,1,1,0,1,23,1,0.640266
ns3,15.0,25,1,1,0,1,24,1,0.639921
ns3,15.0,26,1,1,0,1,25,1,0.639603
ns3,15.0,27,1,1,0,1,26,1,0.639311
ns3,15.0,28,1,1,0,1,27,1,0.639040
ns3,15.0,29,1,1,0,1,28,1,0.638789
ns3,15.0,30,1,1,0,1,29,1,0.638556
ns3,15.0,31,1,1,0,1,30,1,0.638338
ns3,15.0,32,1,1,0,1,31,1,0.638135
ns3,15.0,33,1,1,0,1,32,1,0.637945
ns3,15.0,34,1,1,0,1,33,1,0.637766
ns3,15.0,35,1,1,0,1,34,1,0.637598
ns3,15.0,36,1,1,0,1,35,1,0.637439
ns3,15.0,37,1,1,0,1,36,1,0.637290
ns3,15.0,38,1,1,0,1,37,1,0.637149
ns3,15.0,39,1,1,0,1,38,1,0.637015
ns3,15.0,40,1,0,1,1,39,2,0.871664
ns3,15.0,41,1,1,0,1,40,2,0.871488
ns3,15.0,42,1,1,0,1,41,2,0.871320
ns3,15.0,43,1,1,0,1,42,2,0.871160
ns3,15.0,44,1,1,0,1,43,2,0.871008
ns3,15.0,45,1,1,0,1,44,2,0.870863
ns3,15.0,46,1,1,0,1,45,2,0.870724
ns3,15.0,47,1,1,0,1,46,2,0.870591
ns3,15.0,48,1,1,0,1,47,2,0.870464
ns3,15.0,49,1,1,0,1,48,2,0.870343
ns3,15.0,50,1,1,0,1,49,2,0.870226
ns3,15.0,51,0,1,0,1,49,2,0.870226
ns3,15.0,52,1,1,0,1,50,2,0.870114
ns3,15.0,53,1,1,0,1,51,2,0.870007
ns3,15.0,54,1,1,0,1,52,2,0.869903
ns3,15.0,55,1,1,0,1,53,2,0.869804
ns3,15.0,56,1,1,0,1,54,2,0.869708
ns3,15.0,57,0,1,0,1,54,2,0.869708
ns3,15.0,58,1,0,1,1,55,3,0.954266
ns3,15.0,59,1,1,0,1,56,3,0.954194
ns3,15.0,60,1,1,0,1,57,3,0.954125
ns3,15.0,61,1,1,0,1,58,3,0.954058
ns3,15.0,62,1,1,0,1,59,3,0.953993
ns3,15.0,63,1,1,0,1,60,3,0.953930
ns3,15.0,64,1,1,0,1,61,3,0.953870
ns3,15.0,65,1,1,0,1,62,3,0.953811
ns3,15.0,66,1,1,0,1,63,3,0.953754
ns3,15.0,67,1,1,0,1,64,3,0.953699
ns3,15.0,68,1,1,0,1,65,3,0.953646
ns3,15.0,69,0,1,0,1,65,3,0.953646
ns3,15.0,70,1,0,1,1,66,4,0.983858
ns3,15.0,71,1,1,0,1,67,4,0.983826
ns3,15.0,72,1,1,0,1,68,4,0.983796
ns3,15.0,73,1,1,0,1,69,4,0.983766
ns3,15.0,74,1,1,0,1,70,4,0.983737
ns3,15.0,75,1,1,0,1,71,4,0.983708
ns3,15.0,76,1,1,0,1,72,4,0.983681
ns3,15.0,77,1,1,0,1,73,4,0.983654
ns3,15.0,78,1,1,0,1,74,4,0.983628
ns3,15.0,79,1,1,0,1,75,4,0.983602
ns3,15.0,80,1,1,0,1,76,4,0.983578
ns3,15.0,81,1,1,0,1,77,4,0.983553
ns3,15.0,82,1,1,0,1,78,4,0.983530
ns3,15.0,83,1,1,0,1,79,4,0.983507
ns3,15.0,84,1,1,0,1,80,4,0.983485
ns3,15.0,85,1,1,0,1,81,4,0.983463
ns3,15.0,86,1,1,0,1,82,4,0.983441
ns3,15.0,87,1,1,0,1,83,4,0.983421
ns3,15.0,88,1,1,0,1,84,4,0.983400
ns3,15.0,89,1,1,0,1,85,4,0.983381
ns3,15.0,90,1,1,0,1,86,4,0.983361
ns3,15.0,91,1,1,0,1,87,4,0.983342
ns3,15.0,92,1,1,0,1,88,4,0.983324
ns3,15.0,93,1,1,0,1,89,4,0.983305
ns3,15.0,94,1,1,0,1,90,4,0.983288
ns3,15.0,95,1,0,1,1,91,5,0.994158
ns3,15.0,96,1,1,0,1,92,5,0.994148
ns3,15.0,97,1,1,0,1,93,5,0.994139
ns3,15.0,98,1,1,0,1,94,5,0.994130
ns3,15.0,99,1,1,0,1,95,5,0.994121
ns3,15.0,100,1,1,0,1,96,5,0.994112
ns3,15.0,101,1,1,0,1,97,5,0.994104
ns3,15.0,102,1,1,0,1,98,5,0.994096
ns3,15.0,103,1,1,0,1,99,5,0.994087
ns3,15.0,104,1,1,0,1,100,5,0.994079
ns3,15.0,105,1,1,0,1,101,5,0.994072
ns3,15.0,106,1,1,0,1,102,5,0.994064
ns3,15.0,107,1,1,0,1,103,5,0.994056
ns3,15.0,108,1,1,0,1,104,5,0.994049
ns3,15.0,109,0,1,0,1,104,5,0.994049
ns3,15.0,110,1,1,0,1,105,5,0.994042
ns3,15.0,111,1,1,0,1,106,5,0.994035
ns3,15.0,112,1,1,0,1,107,5,0.994028
ns3,15.0,113,1,1,0,1,108,5,0.994021
ns3,15.0,114,1,1,0,1,109,5,0.994014
ns3,15.0,115,1,1,0,1,110,5,0.994007
ns3,15.0,116,1,1,0,1,111,5,0.994001
ns3,15.0,117,1,1,0,1,112,5,0.993994
ns3,15.0,118,1,1,0,1,113,5,0.993988
ns3,15.0,119,1,1,0,1,114,5,0.993982
ns3,15.0,120,1,1,0,1,115,5,0.993976
ns3,15.0,121,1,1,0,1,116,5,0.993970
ns3,15.0,122,1,0,1,1,117,6,0.997886
ns3,15.0,123,1,1,0,1,118,6,0.997883
ns3,15.0,124,1,1,0,1,119,6,0.997880
ns3,15.0,125,1,1,0,1,120,6,0.997878
ns3,15.0,126,1,1,0,1,121,6,0.997875
ns3,15.0,127,1,1,0,1,122,6,0.997872
ns3,15.0,128,1,1,0,1,123,6,0.997869
ns3,15.0,129,1,1,0,1,124,6,0.997867
ns3,15.0,130,1,1,0,1,125,6,0.997864
ns3,15.0,131,0,1,0,1,125,6,0.997864
ns3,15.0,132,1,1,0,1,126,6,0.997861
ns3,15.0,133,1,1,0,1,127,6,0.997859
ns3,15.0,134,1,1,0,1,128,6,0.997856
ns3,15.0,135,1,1,0,1,129,6,0.997854
ns3,15.0,136,1,1,0,1,130,6,0.997851
ns3,15.0,137,1,1,0,1,131,6,0.997849
ns3,15.0,138,1,1,0,1,132,6,0.997846
ns3,15.0,139,1,1,0,1,133,6,0.997844
ns3,15.0,140,1,1,0,1,134,6,0.997842
ns3,15.0,141,1,1,0,1,135,6,0.997840
ns3,15.0,142,1,1,0,1,136,6,0.997837
ns3,15.0,143,1,1,0,1,137,6,0.997835
ns3,15.0,144,1,1,0,1,138,6,0.997833
ns3,15.0,145,1,1,0,1,139,6,0.997831
ns3,15.0,146,1,1,0,1,140,6,0.997829
ns3,15.0,147,1,1,0,1,141,6,0.997826
ns3,15.0,148,1,1,0,1,142,6,0.997824
ns3,15.0,149,1,1,0,1,143,6,0.997822
ns3,15.0,150,1,1,0,1,144,6,0.997820
ns3,15.0,151,1,1,0,1,145,6,0.997818
ns3,15.0,152,1,1,0,1,146,6,0.997816
ns3,15.0,153,1,1,0,1,147,6,0.997814
ns3,15.0,154,1,1,0,1,148,6,0.997813
ns3,15.0,155,1,1,0,1,149,6,0.997811
ns3,15.0,156,1,1,0,1,150,6,0.997809
ns3,15.0,157,1,1,0,1,151,6,0.997807
ns3,15.0,158,1,1,0,1,152,6,0.997805
ns3,15.0,159,1,1,0,1,153,6,0.997803
ns3,15.0,160,1,1,0,1,154,6,0.997802
ns3,15.0,161,1,1,0,1,155,6,0.997800
ns3,15.0,162,1,1,0,1,156,6,0.997798
ns3,15.0,163,1,1,0,1,157,6,0.997796
ns3,15.0,164,1,1,0,1,158,6,0.997795
ns3,15.0,165,1,1,0,1,159,6,0.997793
ns3,15.0,166,1,1,0,1,160,6,0.997791
ns3,15.0,167,1,1,0,1,161,6,0.997790
ns3,15.0,168,1,0,1,1,162,7,0.999220
ns3,15.0,169,1,1,0,1,163,7,0.999219
ns3,15.0,170,1,1,0,1,164,7,0.999218
ns3,15.0,171,1,1,0,1,165,7,0.999217
ns3,15.0,172,1,1,0,1,166,7,0.999217
ns3,15.0,173,1,1,0,1,167,7,0.999216
ns3,15.0,174,1,1,0,1,168,7,0.999215
ns3,15.0,175,1,1,0,1,169,7,0.999214
ns3,15.0,176,1,1,0,1,170,7,0.999214
ns3,15.0,177,1,1,0,1,171,7,0.999213
ns3,15.0,178,1,1,0,1,172,7,0.999212
ns3,15.0,179,1,1,0,1,173,7,0.999212
ns3,15.0,180,1,1,0,1,174,7,0.999211
ns3,15.0,181,1,1,0,1,175,7,0.999210
ns3,15.0,182,1,1,0,1,176,7,0.999210
ns3,15.0,183,1,1,0,1,177,7,0.999209
ns3,15.0,184,1,1,0,1,178,7,0.999208
ns3,15.0,185,1,1,0,1,179,7,0.999208
ns3,15.0,186,1,1,0,1,180,7,0.999207
ns3,15.0,187,1,1,0,1,181,7,0.999206
ns3,15.0,188,1,1,0,1,182,7,0.999206
ns3,15.0,189,1,1,0,1,183,7,0.999205
ns3,15.0,190,1,1,0,1,184,7,0.999205
ns3,15.0,191,1,1,0,1,185,7,0.999204
ns3,15.0,192,1,1,0,1,186,7,0.999203
ns3,15.0,193,1,1,0,1,187,7,0.999203
ns3,15.0,194,1,1,0,1,188,7,0.999202
ns3,15.0,195,1,1,0,1,189,7,0.999202
ns3,15.0,196,1,1,0,1,190,7,0.999201
ns3,15.0,197,1,1,0,1,191,7,0.999200
ns3,15.0,198,1,1,0,1,192,7,0.999200
ns3,15.0,199,1,1,0,1,193,7,0.999199
ns3,15.0,200,1,1,0,1,194,7,0.999199
ns3,15.0,201,1,0,1,1,195,8,0.999717
ns3,15.0,202,1,1,0,1,196,8,0.999716
ns3,15.0,203,1,1,0,1,197,8,0.999716
ns3,15.0,204,1,1,0,1,198,8,0.999716
ns3,15.0,205,1,1,0,1,199,8,0.999716
ns3,15.0,206,1,1,0,1,200,8,0.999715
ns3,15.0,207,1,1,0,1,201,8,0.999715
ns3,15.0,208,0,1,0,1,201,8,0.999715
ns3,15.0,209,1,1,0,1,202,8,0.999715
ns3,15.0,210,1,1,0,1,203,8,0.999715
ns3,15.0,211,1,1,0,1,204,8,0.999714
ns3,15.0,212,1,1,0,1,205,8,0.999714
ns3,15.0,213,1,1,0,1,206,8,0.999714
ns3,15.0,214,1,1,0,1,207,8,0.999714
ns3,15.0,215,1,1,0,1,208,8,0.999714
ns3,15.0,216,1,1,0,1,209,8,0.999713
ns3,15.0,217,1,1,0,1,210,8,0.999713
ns3,15.0,218,1,1,0,1,211,8,0.999713
ns3,15.0,219,1,1,0,1,212,8,0.999713
ns3,15.0,220,1,1,0,1,213,8,0.999712
ns3,15.0,221,1,1,0,1,214,8,0.999712
ns3,15.0,222,1,1,0,1,215,8,0.999712
ns3,15.0,223,1,1,0,1,216,8,0.999712
ns3,15.0,224,1,1,0,1,217,8,0.999712
ns3,15.0,225,1,1,0,1,218,8,0.999711
ns3,15.0,226,1,1,0,1,219,8,0.999711
ns3,15.0,227,1,1,0,1,220,8,0.999711
ns3,15.0,228,1,1,0,1,221,8,0.999711
ns3,15.0,229,1,1,0,1,222,8,0.999711
ns3,15.0,230,1,1,0,1,223,8,0.999710
ns3,15.0,231,1,1,0,1,224,8,0.999710
ns3,15.0,232,1,1,0,1,225,8,0.999710
ns3,15.0,233,1,1,0,1,226,8,0.999710
ns3,15.0,234,1,1,0,1,227,8,0.999710
ns3,15.0,235,1,1,0,1,228,8,0.999709
ns3,15.0,236,1,1,0,1,229,8,0.999709
ns3,15.0,237,1,1,0,1,230,8,0.999709
ns3,15.0,238,1,1,0,1,231,8,0.999709
ns3,15.0,239,1,1,0,1,232,8,0.999709
ns3,15.0,240,1,1,0,1,233,8,0.999709
ns3,15.0,241,1,1,0,1,234,8,0.999708
ns3,15.0,242,1,1,0,1,235,8,0.999708
ns3,15.0,243,1,1,0,1,236,8,0.999708
ns3,15.0,244,1,1,0,1,237,8,0.999708
ns3,15.0,245,1,1,0,1,238,8,0.999708
ns3,15.0,246,1,1,0,1,239,8,0.999707
ns3,15.0,247,1,1,0,1,240,8,0.999707
ns3,15.0,248,1,1,0,1,241,8,0.999707
ns3,15.0,249,1,1,0,1,242,8,0.999707
ns3,15.0,250,1,1,0,1,243,8,0.999707
ns3,15.0,251,1,1,0,1,244,8,0.999707
ns3,15.0,252,1,1,0,1,245,8,0.999706
ns3,15.0,253,1,1,0,1,246,8,0.999706
ns3,15.0,254,1,1,0,1,247,8,0.999706
ns3,15.0,255,1,1,0,1,248,8,0.999706
ns3,15.0,256,0,1,0,1,248,8,0.999706
ns3,15.0,257,1,1,0,1,249,8,0.999706
ns3,15.0,258,1,1,0,1,250,8,0.999706
ns3,15.0,259,1,1,0,1,251,8,0.999706
ns3,15.0,260,1,1,0,1,252,8,0.999705
ns3,15.0,261,1,1,0,1,253,8,0.999705
ns3,15.0,262,1,1,0,1,254,8,0.999705
ns3,15.0,263,1,1,0,1,255,8,0.999705
ns3,15.0,264,1,1,0,1,256,8,0.999705
ns3,15.0,265,1,1,0,1,257,8,0.999705
ns3,15.0,266,1,1,0,1,258,8,0.999704
ns3,15.0,267,1,1,0,1,259,8,0.999704
ns3,15.0,268,1,1,0,1,260,8,0.999704
ns3,15.0,269,1,1,0,1,261,8,0.999704
ns3,15.0,270,1,1,0,1,262,8,0.999704
ns3,15.0,271,1,1,0,1,263,8,0.999704
ns3,15.0,272,1,1,0,1,264,8,0.999704
ns3,15.0,273,1,1,0,1,265,8,0.999703
ns3,15.0,274,1,1,0,1,266,8,0.999703
ns3,15.0,275,1,1,0,1,267,8,0.999703
ns3,15.0,276,1,1,0,1,268,8,0.999703
ns3,15.0,277,0,1,0,1,268,8,0.999703
ns3,15.0,278,1,1,0,1,269,8,0.999703
ns3,15.0,279,1,1,0,1,270,8,0.999703
ns3,15.0,280,1,1,0,1,271,8,0.999703
ns3,15.0,281,1,1,0,1,272,8,0.999702
ns3,15.0,282,1,1,0,1,273,8,0.999702
ns3,15.0,283,1,1,0,1,274,8,0.999702
ns3,15.0,284,1,1,0,1,275,8,0.999702
ns3,15.0,285,1,1,0,1,276,8,0.999702
ns3,15.0,286,1,1,0,1,277,8,0.999702
ns3,15.0,287,1,1,0,1,278,8,0.999702
ns3,15.0,288,1,1,0,1,279,8,0.999702
ns3,15.0,289,1,1,0,1,280,8,0.999701
ns3,15.0,290,1,1,0,1,281,8,0.999701
ns3,15.0,291,1,1,0,1,282,8,0.999701
ns3,15.0,292,1,1,0,1,283,8,0.999701
ns3,15.0,293,1,1,0,1,284,8,0.999701
ns3,15.0,294,1,1,0,1,285,8,0.999701
ns3,15.0,295,1,1,0,1,286,8,0.999701
ns3,15.0,296,1,1,0,1,287,8,0.999701
ns3,15.0,297,1,1,0,1,288,8,0.999700
ns3,15.0,298,1,1,0,1,289,8,0.999700
ns3,15.0,299,1,1,0,1,290,8,0.999700
ns3,15.0,300,1,1,0,1,291,8,0.999700
ns3,15.0,301,1,1,0,1,292,8,0.999700
ns3,15.0,302,1,1,0,1,293,8,0.999700
ns3,15.0,303,1,1,0,1,294,8,0.999700
ns3,15.0,304,1,1,0,1,295,8,0.999700
ns3,15.0,305,1,1,0,1,296,8,0.999700
ns3,15.0,306,1,1,0,1,297,8,0.999699
ns3,15.0,307,1,1,0,1,298,8,0.999699
ns3,15.0,308,1,1,0,1,299,8,0.999699
ns3,15.0,309,1,1,0,1,300,8,0.999699
ns3,15.0,310,1,1,0,1,301,8,0.999699
ns3,15.0,311,1,1,0,1,302,8,0.999699
ns3,15.0,312,1,1,0,1,303,8,0.999699
ns3,15.0,313,1,1,0,1,304,8,0.999699
ns3,15.0,314,1,1,0,1,305,8,0.999699
ns3,15.0,315,1,1,0,1,306,8,0.999698
ns3,15.0,316,0,1,0,1,306,8,0.999698
ns3,15.0,317,1,1,0,1,307,8,0.999698
ns3,15.0,318,1,1,0,1,308,8,0.999698
ns3,15.0,319,1,1,0,1,309,8,0.999698
ns3,15.0,320,1,1,0,1,310,8,0.999698
ns3,15.0,321,1,1,0,1,311,8,0.999698
ns3,15.0,322,1,1,0,1,312,8,0.999698
ns3,15.0,323,1,1,0,1,313,8,0.999698
ns3,15.0,324,1,1,0,1,314,8,0.999698
ns3,15.0,325,1,1,0,1,315,8,0.999697
ns3,15.0,326,1,1,0,1,316,8,0.999697
ns3,15.0,327,1,1,0,1,317,8,0.999697
ns3,15.0,328,1,1,0,1,318,8,0.999697
ns3,15.0,329,1,1,0,1,319,8,0.999697
ns3,15.0,330,1,1,0,1,320,8,0.999697
ns3,15.0,331,0,1,0,1,320,8,0.999697
ns3,15.0,332,1,1,0,1,321,8,0.999697
ns3,15.0,333,1,1,0,1,322,8,0.999697
ns3,15.0,334,1,1,0,1,323,8,0.999697
ns3,15.0,335,1,1,0,1,324,8,0.999697
ns3,15.0,336,1,1,0,1,325,8,0.999696
ns3,15.0,337,1,1,0,1,326,8,0.999696
ns3,15.0,338,1,1,0,1,327,8,0.999696
ns3,15.0,339,0,1,0,1,327,8,0.999696
ns3,15.0,340,1,1,0,1,328,8,0.999696
ns3,15.0,341,1,1,0,1,329,8,0.999696
ns3,15.0,342,1,1,0,1,330,8,0.999696
ns3,15.0,343,1,1,0,1,331,8,0.999696
ns3,15.0,344,1,1,0,1,332,8,0.999696
ns3,15.0,345,1,1,0,1,333,8,0.999696
ns3,15.0,346,1,1,0,1,334,8,0.999696
ns3,15.0,347,1,1,0,1,335,8,0.999696
ns3,15.0,348,1,1,0,1,336,8,0.999695
ns3,15.0,349,1,1,0,1,337,8,0.999695
ns3,15.0,350,0,1,0,1,337,8,0.999695
ns3,15.0,351,1,1,0,1,338,8,0.999695
ns3,15.0,352,1,1,0,1,339,8,0.999695
ns3,15.0,353,1,1,0,1,340,8,0.999695
ns3,15.0,354,1,1,0,1,341,8,0.999695
ns3,15.0,355,1,1,0,1,342,8,0.999695
ns3,15.0,356,1,1,0,1,343,8,0.999695
ns3,15.0,357,1,1,0,1,344,8,0.999695
ns3,15.0,358,1,1,0,1,345,8,0.999695
ns3,15.0,359,1,1,0,1,346,8,0.999695
ns3,15.0,360,1,1,0,1,347,8,0.999695
ns3,15.0,361,1,1,0,1,348,8,0.999694
ns3,15.0,362,1,1,0,1,349,8,0.999694
ns3,15.0,363,1,1,0,1,350,8,0.999694
ns3,15.0,364,1,1,0,1,351,8,0.999694
ns3,15.0,365,1,1,0,1,352,8,0.999694
ns3,15.0,366,1,1,0,1,353,8,0.999694
ns3,15.0,367,1,0,1,1,354,9,0.999890
ns3,15.0,368,1,1,0,1,355,9,0.999890
ns3,15.0,369,1,1,0,1,356,9,0.999890
ns3,15.0,370,1,1,0,1,357,9,0.999890
ns3,15.0,371,1,1,0,1,358,9,0.999890
ns3,15.0,372,1,1,0,1,359,9,0.999890
ns3,15.0,373,1,1,0,1,360,9,0.999890
ns3,15.0,374,1,1,0,1,361,9,0.999890
ns3,15.0,375,1,1,0,1,362,9,0.999890
ns3,15.0,376,1,1,0,1,363,9,0.999890
ns3,15.0,377,1,1,0,1,364,9,0.999890
ns3,15.0,378,1,1,0,1,365,9,0.999890
ns3,15.0,379,1,1,0,1,366,9,0.999890
ns3,15.0,380,1,1,0,1,367,9,0.999890
ns3,15.0,381,1,1,0,1,368,9,0.999890
ns3,15.0,382,1,1,0,1,369,9,0.999890
ns3,15.0,383,1,1,0,1,370,9,0.999890
ns3,15.0,384,1,1,0,1,371,9,0.999890
ns3,15.0,385,1,1,0,1,372,9,0.999890
ns3,15.0,386,1,1,0,1,373,9,0.999889
ns3,15.0,387,1,1,0,1,374,9,0.999889
ns3,15.0,388,1,1,0,1,375,9,0.999889
ns3,15.0,389,1,1,0,1,376,9,0.999889
ns3,15.0,390,1,1,0,1,377,9,0.999889
ns3,15.0,391,1,1,0,1,378,9,0.999889
ns3,15.0,392,1,1,0,1,379,9,0.999889
ns3,15.0,393,1,1,0,1,380,9,0.999889
ns3,15.0,394,1,1,0,1,381,9,0.999889
ns3,15.0,395,1,1,0,1,382,9,0.999889
ns3,15.0,396,1,1,0,1,383,9,0.999889
ns3,15.0,397,1,1,0,1,384,9,0.999889
ns3,15.0,398,1,1,0,1,385,9,0.999889
ns3,15.0,399,1,1,0,1,386,9,0.999889
ns3,15.0,400,1,1,0,1,387,9,0.999889
ns3,20.0,1,1,1,0,0,1,0,0.000000
ns3,20.0,2,1,1,0,0,2,0,0.000000
ns3,20.0,3,1,1,0,0,3,0,0.000000
ns3,20.0,4,1,0,1,1,4,1,0.683594
ns3,20.0,5,1,1,0,1,5,1,0.672320
ns3,20.0,6,1,0,1,1,6,2,0.912209
ns3,20.0,7,0,1,0,1,6,2,0.912209
ns3,20.0,8,1,1,0,1,7,2,0.905135
ns3,20.0,9,1,1,0,1,8,2,0.899887
ns3,20.0,10,1,1,0,1,9,2,0.895840
ns3,20.0,11,1,1,0,1,10,2,0.892626
ns3,20.0,12,1,1,0,1,11,2,0.890011
ns3,20.0,13,1,1,0,1,12,2,0.887843
ns3,20.0,14,1,1,0,1,13,2,0.886017
ns3,20.0,15,1,1,0,1,14,2,0.884457
ns3,20.0,16,1,1,0,1,15,2,0.883109
ns3,20.0,17,0,1,0,1,15,2,0.883109
ns3,20.0,18,1,1,0,1,16,2,0.881933
ns3,20.0,19,1,1,0,1,17,2,0.880898
ns3,20.0,20,1,0,1,1,18,3,0.962439
ns3,20.0,21,0,0,0,1,18,3,0.962439
ns3,20.0,22,1,1,0,1,19,3,0.961809
ns3,20.0,23,1,1,0,1,20,3,0.961240
ns3,20.0,24,1,1,0,1,21,3,0.960725
ns3,20.0,25,1,1,0,1,22,3,0.960255
ns3,20.0,26,1,0,1,1,23,4,0.987652
ns3,20.0,27,1,1,0,1,24,4,0.987421
ns3,20.0,28,1,1,0,1,25,4,0.987207
ns3,20.0,29,1,1,0,1,26,4,0.987008
ns3,20.0,30,1,1,0,1,27,4,0.986823
ns3,20.0,31,1,1,0,1,28,4,0.986650
ns3,20.0,32,0,0,0,1,28,4,0.986650
ns3,20.0,33,1,1,0,1,29,4,0.986488
ns3,20.0,34,1,1,0,1,30,4,0.986336
ns3,20.0,35,1,1,0,1,31,4,0.986194
ns3,20.0,36,1,1,0,1,32,4,0.986060
ns3,20.0,37,1,1,0,1,33,4,0.985934
ns3,20.0,38,1,1,0,1,34,4,0.985815
ns3,20.0,39,1,1,0,1,35,4,0.985702
ns3,20.0,40,1,1,0,1,36,4,0.985595
ns3,20.0,41,1,1,0,1,37,4,0.985494
ns3,20.0,42,1,1,0,1,38,4,0.985398
ns3,20.0,43,1,1,0,1,39,4,0.985306
ns3,20.0,44,1,1,0,1,40,4,0.985219
ns3,20.0,45,1,1,0,1,41,4,0.985136
ns3,20.0,46,1,1,0,1,42,4,0.985057
ns3,20.0,47,1,1,0,1,43,4,0.984981
ns3,20.0,48,1,1,0,1,44,4,0.984909
ns3,20.0,49,1,1,0,1,45,4,0.984840
ns3,20.0,50,1,1,0,1,46,4,0.984773
ns3,20.0,51,1,1,0,1,47,4,0.984710
ns3,20.0,52,1,1,0,1,48,4,0.984649
ns3,20.0,53,1,1,0,1,49,4,0.984590
ns3,20.0,54,1,1,0,1,50,4,0.984534
ns3,20.0,55,1,1,0,1,51,4,0.984479
ns3,20.0,56,1,1,0,1,52,4,0.984427
ns3,20.0,57,1,1,0,1,53,4,0.984377
ns3,20.0,58,1,1,0,1,54,4,0.984328
ns3,20.0,59,1,1,0,1,55,4,0.984281
ns3,20.0,60,1,1,0,1,56,4,0.984236
ns3,20.0,61,1,1,0,1,57,4,0.984193
ns3,20.0,62,1,1,0,1,58,4,0.984151
ns3,20.0,63,1,1,0,1,59,4,0.984110
ns3,20.0,64,0,1,0,1,59,4,0.984110
ns3,20.0,65,1,1,0,1,60,4,0.984070
ns3,20.0,66,1,0,1,1,61,5,0.994576
ns3,20.0,67,1,1,0,1,62,5,0.994556
ns3,20.0,68,1,1,0,1,63,5,0.994536
ns3,20.0,69,1,1,0,1,64,5,0.994517
ns3,20.0,70,1,1,0,1,65,5,0.994499
ns3,20.0,71,1,1,0,1,66,5,0.994481
ns3,20.0,72,1,1,0,1,67,5,0.994464
ns3,20.0,73,1,1,0,1,68,5,0.994447
ns3,20.0,74,0,1,0,1,68,5,0.994447
ns3,20.0,75,0,1,0,1,68,5,0.994447
ns3,20.0,76,1,1,0,1,69,5,0.994430
ns3,20.0,77,1,1,0,1,70,5,0.994414
ns3,20.0,78,1,1,0,1,71,5,0.994399
ns3,20.0,79,1,1,0,1,72,5,0.994384
ns3,20.0,80,1,1,0,1,73,5,0.994369
ns3,20.0,81,1,1,0,1,74,5,0.994355
ns3,20.0,82,1,1,0,1,75,5,0.994341
ns3,20.0,83,1,1,0,1,76,5,0.994327
ns3,20.0,84,1,1,0,1,77,5,0.994314
ns3,20.0,85,1,1,0,1,78,5,0.994301
ns3,20.0,86,1,1,0,1,79,5,0.994288
ns3,20.0,87,0,1,0,1,79,5,0.994288
ns3,20.0,88,1,1,0,1,80,5,0.994276
ns3,20.0,89,1,1,0,1,81,5,0.994264
ns3,20.0,90,1,0,1,1,82,6,0.998032
ns3,20.0,91,1,0,1,1,83,7,0.999333
ns3,20.0,92,0,1,0,1,83,7,0.999333
ns3,20.0,93,1,1,0,1,84,7,0.999330
ns3,20.0,94,1,1,0,1,85,7,0.999328
ns3,20.0,95,1,1,0,1,86,7,0.999325
ns3,20.0,96,1,1,0,1,87,7,0.999323
ns3,20.0,97,1,1,0,1,88,7,0.999320
ns3,20.0,98,1,1,0,1,89,7,0.999318
ns3,20.0,99,1,1,0,1,90,7,0.999316
ns3,20.0,100,1,1,0,1,91,7,0.999313
ns3,20.0,101,1,1,0,1,92,7,0.999311
ns3,20.0,102,1,1,0,1,93,7,0.999309
ns3,20.0,103,1,1,0,1,94,7,0.999307
ns3,20.0,104,1,1,0,1,95,7,0.999305
ns3,20.0,105,1,1,0,1,96,7,0.999303
ns3,20.0,106,1,0,1,1,97,8,0.999763
ns3,20.0,107,1,1,0,1,98,8,0.999763
ns3,20.0,108,1,1,0,1,99,8,0.999762
ns3,20.0,109,1,1,0,1,100,8,0.999761
ns3,20.0,110,1,1,0,1,101,8,0.999760
ns3,20.0,111,1,1,0,1,102,8,0.999759
ns3,20.0,112,0,1,0,1,102,8,0.999759
ns3,20.0,113,1,0,1,1,103,9,0.999919
ns3,20.0,114,1,1,0,1,104,9,0.999918
ns3,20.0,115,1,1,0,1,105,9,0.999918
ns3,20.0,116,0,1,0,1,105,9,0.999918
ns3,20.0,117,1,1,0,1,106,9,0.999918
ns3,20.0,118,1,1,0,1,107,9,0.999917
ns3,20.0,119,1,1,0,1,108,9,0.999917
ns3,20.0,120,1,1,0,1,109,9,0.999917
ns3,20.0,121,1,1,0,1,110,9,0.999916
ns3,20.0,122,1,1,0,1,111,9,0.999916
ns3,20.0,123,1,1,0,1,112,9,0.999916
ns3,20.0,124,1,1,0,1,113,9,0.999915
ns3,20.0,125,1,1,0,1,114,9,0.999915
ns3,20.0,126,1,1,0,1,115,9,0.999915
ns3,20.0,127,1,1,0,1,116,9,0.999915
ns3,20.0,128,1,1,0,1,117,9,0.999914
ns3,20.0,129,1,1,0,1,118,9,0.999914
ns3,20.0,130,1,1,0,1,119,9,0.999914
ns3,20.0,131,1,1,0,1,120,9,0.999914
ns3,20.0,132,1,1,0,1,121,9,0.999913
ns3,20.0,133,1,1,0,1,122,9,0.999913
ns3,20.0,134,1,0,1,1,123,10,0.999970
ns3,20.0,135,1,0,1,1,124,11,0.999990
ns3,20.0,136,1,1,0,1,125,11,0.999990
ns3,20.0,137,1,1,0,1,126,11,0.999990
ns3,20.0,138,1,1,0,1,127,11,0.999990
ns3,20.0,139,1,1,0,1,128,11,0.999990
ns3,20.0,140,1,1,0,1,129,11,0.999990
ns3,20.0,141,1,1,0,1,130,11,0.999990
ns3,20.0,142,1,1,0,1,131,11,0.999990
ns3,20.0,143,1,1,0,1,132,11,0.999990
ns3,20.0,144,1,1,0,1,133,11,0.999990
ns3,20.0,145,1,1,0,1,134,11,0.999990
ns3,20.0,146,1,1,0,1,135,11,0.999990
ns3,20.0,147,1,1,0,1,136,11,0.999990
ns3,20.0,148,1,1,0,1,137,11,0.999990
ns3,20.0,149,1,1,0,1,138,11,0.999989
ns3,20.0,150,1,0,1,1,139,12,0.999996
ns3,20.0,151,1,1,0,1,140,12,0.999996
ns3,20.0,152,1,1,0,1,141,12,0.999996
ns3,20.0,153,1,1,0,1,142,12,0.999996
ns3,20.0,154,1,1,0,1,143,12,0.999996
ns3,20.0,155,1,1,0,1,144,12,0.999996
ns3,20.0,156,1,1,0,1,145,12,0.999996
ns3,20.0,157,1,1,0,1,146,12,0.999996
ns3,20.0,158,1,1,0,1,147,12,0.999996
ns3,20.0,159,1,1,0,1,148,12,0.999996
ns3,20.0,160,1,1,0,1,149,12,0.999996
ns3,20.0,161,1,1,0,1,150,12,0.999996
ns3,20.0,162,1,1,0,1,151,12,0.999996
ns3,20.0,163,1,1,0,1,152,12,0.999996
ns3,20.0,164,1,1,0,1,153,12,0.999996
ns3,20.0,165,1,1,0,1,154,12,0.999996
ns3,20.0,166,1,1,0,1,155,12,0.999996
ns3,20.0,167,1,1,0,1,156,12,0.999996
ns3,20.0,168,1,1,0,1,157,12,0.999996
ns3,20.0,169,1,1,0,1,158,12,0.999996
ns3,20.0,170,1,1,0,1,159,12,0.999996
ns3,20.0,171,1,1,0,1,160,12,0.999996
ns3,20.0,172,1,1,0,1,161,12,0.999996
ns3,20.0,173,1,1,0,1,162,12,0.999996
ns3,20.0,174,1,0,1,1,163,13,0.999999
ns3,20.0,175,1,1,0,1,164,13,0.999999
ns3,20.0,176,1,1,0,1,165,13,0.999999
ns3,20.0,177,0,1,0,1,165,13,0.999999
ns3,20.0,178,1,1,0,1,166,13,0.999999
ns3,20.0,179,1,1,0,1,167,13,0.999999
ns3,20.0,180,1,1,0,1,168,13,0.999999
ns3,20.0,181,1,1,0,1,169,13,0.999999
ns3,20.0,182,1,1,0,1,170,13,0.999999
ns3,20.0,183,1,1,0,1,171,13,0.999999
ns3,20.0,184,1,1,0,1,172,13,0.999999
ns3,20.0,185,1,1,0,1,173,13,0.999999
ns3,20.0,186,1,1,0,1,174,13,0.999999
ns3,20.0,187,1,1,0,1,175,13,0.999999
ns3,20.0,188,1,1,0,1,176,13,0.999999
ns3,20.0,189,1,1,0,1,177,13,0.999999
ns3,20.0,190,1,1,0,1,178,13,0.999999
ns3,20.0,191,1,1,0,1,179,13,0.999999
ns3,20.0,192,1,1,0,1,180,13,0.999999
ns3,20.0,193,1,1,0,1,181,13,0.999999
ns3,20.0,194,1,1,0,1,182,13,0.999999
ns3,20.0,195,1,1,0,1,183,13,0.999999
ns3,20.0,196,1,1,0,1,184,13,0.999999
ns3,20.0,197,1,1,0,1,185,13,0.999999
ns3,20.0,198,1,1,0,1,186,13,0.999999
ns3,20.0,199,1,1,0,1,187,13,0.999999
ns3,20.0,200,1,0,1,1,188,14,1.000000
ns3,20.0,201,1,1,0,1,189,14,1.000000
ns3,20.0,202,1,1,0,1,190,14,1.000000
ns3,20.0,203,1,1,0,1,191,14,1.000000
ns3,20.0,204,1,1,0,1,192,14,1.000000
ns3,20.0,205,1,1,0,1,193,14,1.000000
ns3,20.0,206,0,1,0,1,193,14,1.000000
ns3,20.0,207,1,1,0,1,194,14,1.000000
ns3,20.0,208,1,1,0,1,195,14,1.000000
ns3,20.0,209,1,1,0,1,196,14,1.000000
ns3,20.0,210,1,0,1,1,197,15,1.000000
ns3,20.0,211,1,1,0,1,198,15,1.000000
ns3,20.0,212,1,1,0,1,199,15,1.000000
ns3,20.0,213,1,1,0,1,200,15,1.000000
ns3,20.0,214,1,1,0,1,201,15,1.000000
ns3,20.0,215,1,0,1,1,202,16,1.000000
ns3,20.0,216,1,1,0,1,203,16,1.000000
ns3,20.0,217,1,0,1,1,204,17,1.000000
ns3,20.0,218,1,1,0,1,205,17,1.000000
ns3,20.0,219,1,1,0,1,206,17,1.000000
ns3,20.0,220,1,1,0,1,207,17,1.000000
ns3,20.0,221,1,1,0,1,208,17,1.000000
ns3,20.0,222,1,1,0,1,209,17,1.000000
ns3,20.0,223,1,1,0,1,210,17,1.000000
ns3,20.0,224,1,1,0,1,211,17,1.000000
ns3,20.0,225,0,1,0,1,211,17,1.000000
ns3,20.0,226,1,1,0,1,212,17,1.000000
ns3,20.0,227,1,1,0,1,213,17,1.000000
ns3,20.0,228,1,1,0,1,214,17,1.000000
ns3,20.0,229,1,1,0,1,215,17,1.000000
ns3,20.0,230,1,1,0,1,216,17,1.000000
ns3,20.0,231,1,1,0,1,217,17,1.000000
ns3,20.0,232,1,1,0,1,218,17,1.000000
ns3,20.0,233,1,1,0,1,219,17,1.000000
ns3,20.0,234,1,1,0,1,220,17,1.000000
ns3,20.0,235,1,1,0,1,221,17,1.000000
ns3,20.0,236,1,1,0,1,222,17,1.000000
ns3,20.0,237,1,1,0,1,223,17,1.000000
ns3,20.0,238,1,1,0,1,224,17,1.000000
ns3,20.0,239,1,1,0,1,225,17,1.000000
ns3,20.0,240,1,1,0,1,226,17,1.000000
ns3,20.0,241,1,1,0,1,227,17,1.000000
ns3,20.0,242,1,1,0,1,228,17,1.000000
ns3,20.0,243,1,1,0,1,229,17,1.000000
ns3,20.0,244,1,1,0,1,230,17,1.000000
ns3,20.0,245,1,1,0,1,231,17,1.000000
ns3,20.0,246,1,1,0,1,232,17,1.000000
ns3,20.0,247,1,1,0,1,233,17,1.000000
ns3,20.0,248,1,1,0,1,234,17,1.000000
ns3,20.0,249,0,1,0,1,234,17,1.000000
ns3,20.0,250,1,1,0,1,235,17,1.000000
ns3,20.0,251,1,1,0,1,236,17,1.000000
ns3,20.0,252,1,1,0,1,237,17,1.000000
ns3,20.0,253,1,1,0,1,238,17,1.000000
ns3,20.0,254,1,1,0,1,239,17,1.000000
ns3,20.0,255,1,1,0,1,240,17,1.000000
ns3,20.0,256,1,1,0,1,241,17,1.000000
ns3,20.0,257,1,1,0,1,242,17,1.000000
ns3,20.0,258,1,1,0,1,243,17,1.000000
ns3,20.0,259,1,1,0,1,244,17,1.000000
ns3,20.0,260,1,1,0,1,245,17,1.000000
ns3,20.0,261,1,1,0,1,246,17,1.000000
ns3,20.0,262,1,1,0,1,247,17,1.000000
ns3,20.0,263,1,1,0,1,248,17,1.000000
ns3,20.0,264,1,1,0,1,249,17,1.000000
ns3,20.0,265,1,1,0,1,250,17,1.000000
ns3,20.0,266,1,1,0,1,251,17,1.000000
ns3,20.0,267,1,1,0,1,252,17,1.000000
ns3,20.0,268,1,1,0,1,253,17,1.000000
ns3,20.0,269,1,1,0,1,254,17,1.000000
ns3,20.0,270,1,1,0,1,255,17,1.000000
ns3,20.0,271,1,1,0,1,256,17,1.000000
ns3,20.0,272,1,1,0,1,257,17,1.000000
ns3,20.0,273,1,1,0,1,258,17,1.000000
ns3,20.0,274,1,1,0,1,259,17,1.000000
ns3,20.0,275,1,1,0,1,260,17,1.000000
ns3,20.0,276,1,1,0,1,261,17,1.000000
ns3,20.0,277,0,1,0,1,261,17,1.000000
ns3,20.0,278,1,1,0,1,262,17,1.000000
ns3,20.0,279,1,1,0,1,263,17,1.000000
ns3,20.0,280,1,1,0,1,264,17,1.000000
ns3,20.0,281,1,1,0,1,265,17,1.000000
ns3,20.0,282,1,0,1,1,266,18,1.000000
ns3,20.0,283,1,1,0,1,267,18,1.000000
ns3,20.0,284,0,1,0,1,267,18,1.000000
ns3,20.0,285,1,1,0,1,268,18,1.000000
ns3,20.0,286,1,1,0,1,269,18,1.000000
ns3,20.0,287,1,1,0,1,270,18,1.000000
ns3,20.0,288,0,1,0,1,270,18,1.000000
ns3,20.0,289,1,1,0,1,271,18,1.000000
ns3,20.0,290,1,1,0,1,272,18,1.000000
ns3,20.0,291,1,1,0,1,273,18,1.000000
ns3,20.0,292,1,1,0,1,274,18,1.000000
ns3,20.0,293,1,1,0,1,275,18,1.000000
ns3,20.0,294,1,0,1,1,276,19,1.000000
ns3,20.0,295,1,1,0,1,277,19,1.000000
ns3,20.0,296,1,1,0,1,278,19,1.000000
ns3,20.0,297,0,1,0,1,278,19,1.000000
ns3,20.0,298,1,1,0,1,279,19,1.000000
ns3,20.0,299,1,1,0,1,280,19,1.000000
ns3,20.0,300,1,1,0,1,281,19,1.000000
ns3,20.0,301,1,1,0,1,282,19,1.000000
ns3,20.0,302,1,1,0,1,283,19,1.000000
ns3,20.0,303,1,1,0,1,284,19,1.000000
ns3,20.0,304,1,1,0,1,285,19,1.000000
ns3,20.0,305,1,0,1,1,286,20,1.000000
ns3,20.0,306,1,0,1,1,287,21,1.000000
ns3,20.0,307,1,1,0,1,288,21,1.000000
ns3,20.0,308,1,1,0,1,289,21,1.000000
ns3,20.0,309,1,1,0,1,290,21,1.000000
ns3,20.0,310,1,1,0,1,291,21,1.000000
ns3,20.0,311,1,0,1,1,292,22,1.000000
ns3,20.0,312,0,1,0,1,292,22,1.000000
ns3,20.0,313,1,1,0,1,293,22,1.000000
ns3,20.0,314,1,1,0,1,294,22,1.000000
ns3,20.0,315,1,1,0,1,295,22,1.000000
ns3,20.0,316,1,1,0,1,296,22,1.000000
ns3,20.0,317,1,1,0,1,297,22,1.000000
ns3,20.0,318,1,1,0,1,298,22,1.000000
ns3,20.0,319,1,1,0,1,299,22,1.000000
ns3,20.0,320,1,1,0,1,300,22,1.000000
ns3,20.0,321,1,1,0,1,301,22,1.000000
ns3,20.0,322,1,1,0,1,302,22,1.000000
ns3,20.0,323,1,1,0,1,303,22,1.000000
ns3,20.0,324,1,1,0,1,304,22,1.000000
ns3,20.0,325,1,1,0,1,305,22,1.000000
ns3,20.0,326,1,1,0,1,306,22,1.000000
ns3,20.0,327,1,1,0,1,307,22,1.000000
ns3,20.0,328,1,1,0,1,308,22,1.000000
ns3,20.0,329,1,1,0,1,309,22,1.000000
ns3,20.0,330,1,0,1,1,310,23,1.000000
ns3,20.0,331,1,1,0,1,311,23,1.000000
ns3,20.0,332,0,1,0,1,311,23,1.000000
ns3,20.0,333,1,1,0,1,312,23,1.000000
ns3,20.0,334,0,1,0,1,312,23,1.000000
ns3,20.0,335,1,1,0,1,313,23,1.000000
ns3,20.0,336,1,1,0,1,314,23,1.000000
ns3,20.0,337,1,1,0,1,315,23,1.000000
ns3,20.0,338,1,1,0,1,316,23,1.000000
ns3,20.0,339,1,1,0,1,317,23,1.000000
ns3,20.0,340,1,1,0,1,318,23,1.000000
ns3,20.0,341,1,1,0,1,319,23,1.000000
ns3,20.0,342,1,1,0,1,320,23,1.000000
ns3,20.0,343,1,1,0,1,321,23,1.000000
ns3,20.0,344,0,1,0,1,321,23,1.000000
ns3,20.0,345,1,1,0,1,322,23,1.000000
ns3,20.0,346,1,1,0,1,323,23,1.000000
ns3,20.0,347,1,1,0,1,324,23,1.000000
ns3,20.0,348,1,1,0,1,325,23,1.000000
ns3,20.0,349,1,1,0,1,326,23,1.000000
ns3,20.0,350,1,1,0,1,327,23,1.000000
ns3,20.0,351,0,1,0,1,327,23,1.000000
ns3,20.0,352,1,1,0,1,328,23,1.000000
ns3,20.0,353,1,1,0,1,329,23,1.000000
ns3,20.0,354,1,1,0,1,330,23,1.000000
ns3,20.0,355,1,1,0,1,331,23,1.000000
ns3,20.0,356,1,1,0,1,332,23,1.000000
ns3,20.0,357,1,1,0,1,333,23,1.000000
ns3,20.0,358,1,1,0,1,334,23,1.000000
ns3,20.0,359,1,1,0,1,335,23,1.000000
ns3,20.0,360,1,1,0,1,336,23,1.000000
ns3,20.0,361,1,1,0,1,337,23,1.000000
ns3,20.0,362,1,1,0,1,338,23,1.000000
ns3,20.0,363,1,1,0,1,339,23,1.000000
ns3,20.0,364,1,1,0,1,340,23,1.000000
ns3,20.0,365,1,1,0,1,341,23,1.000000
ns3,20.0,366,1,1,0,1,342,23,1.000000
ns3,20.0,367,1,1,0,1,343,23,1.000000
ns3,20.0,368,1,1,0,1,344,23,1.000000
ns3,20.0,369,1,1,0,1,345,23,1.000000
ns3,20.0,370,1,1,0,1,346,23,1.000000
ns3,20.0,371,1,1,0,1,347,23,1.000000
ns3,20.0,372,1,1,0,1,348,23,1.000000
ns3,20.0,373,1,1,0,1,349,23,1.000000
ns3,20.0,374,1,1,0,1,350,23,1.000000
ns3,20.0,375,1,1,0,1,351,23,1.000000
ns3,20.0,376,1,1,0,1,352,23,1.000000
ns3,20.0,377,1,1,0,1,353,23,1.000000
ns3,20.0,378,1,1,0,1,354,23,1.000000
ns3,20.0,379,1,1,0,1,355,23,1.000000
ns3,20.0,380,1,1,0,1,356,23,1.000000
ns3,20.0,381,1,1,0,1,357,23,1.000000
ns3,20.0,382,1,1,0,1,358,23,1.000000
ns3,20.0,383,1,1,0,1,359,23,1.000000
ns3,20.0,384,0,1,0,1,359,23,1.000000
ns3,20.0,385,1,1,0,1,360,23,1.000000
ns3,20.0,386,1,1,0,1,361,23,1.000000
ns3,20.0,387,1,1,0,1,362,23,1.000000
ns3,20.0,388,0,0,0,1,362,23,1.000000
ns3,20.0,389,1,1,0,1,363,23,1.000000
ns3,20.0,390,1,0,1,1,364,24,1.000000
ns3,20.0,391,1,1,0,1,365,24,1.000000
ns3,20.0,392,1,1,0,1,366,24,1.000000
ns3,20.0,393,1,1,0,1,367,24,1.000000
ns3,20.0,394,1,1,0,1,368,24,1.000000
ns3,20.0,395,1,1,0,1,369,24,1.000000
ns3,20.0,396,1,1,0,1,370,24,1.000000
ns3,20.0,397,1,1,0,1,371,24,1.000000
ns3,20.0,398,1,1,0,1,372,24,1.000000
ns3,20.0,399,1,1,0,1,373,24,1.000000
ns3,20.0,400,1,1,0,1,374,24,1.000000
ns3,25.0,1,1,0,1,1,1,1,1.000000
ns3,25.0,2,1,0,1,1,2,2,1.000000
ns3,25.0,3,1,1,0,1,3,2,0.962963
ns3,25.0,4,1,1,0,1,4,2,0.937500
ns3,25.0,5,0,1,0,1,4,2,0.937500
ns3,25.0,6,1,1,0,1,5,2,0.922240
ns3,25.0,7,1,1,0,1,6,2,0.912209
ns3,25.0,8,1,1,0,1,7,2,0.905135
ns3,25.0,9,1,1,0,1,8,2,0.899887
ns3,25.0,10,1,1,0,1,9,2,0.895840
ns3,25.0,11,1,0,1,1,10,3,0.971752
ns3,25.0,12,1,1,0,1,11,3,0.969893
ns3,25.0,13,1,1,0,1,12,3,0.968324
ns3,25.0,14,0,1,0,1,12,3,0.968324
ns3,25.0,15,1,1,0,1,13,3,0.966983
ns3,25.0,16,1,1,0,1,14,3,0.965825
ns3,25.0,17,1,1,0,1,15,3,0.964816
ns3,25.0,18,1,1,0,1,16,3,0.963928
ns3,25.0,19,1,1,0,1,17,3,0.963141
ns3,25.0,20,1,1,0,1,18,3,0.962439
ns3,25.0,21,1,1,0,1,19,3,0.961809
ns3,25.0,22,1,1,0,1,20,3,0.961240
ns3,25.0,23,1,1,0,1,21,3,0.960725
ns3,25.0,24,1,1,0,1,22,3,0.960255
ns3,25.0,25,1,1,0,1,23,3,0.959826
ns3,25.0,26,1,1,0,1,24,3,0.959431
ns3,25.0,27,1,1,0,1,25,3,0.959068
ns3,25.0,28,1,1,0,1,26,3,0.958732
ns3,25.0,29,1,1,0,1,27,3,0.958420
ns3,25.0,30,1,1,0,1,28,3,0.958131
ns3,25.0,31,1,1,0,1,29,3,0.957861
ns3,25.0,32,1,1,0,1,30,3,0.957609
ns3,25.0,33,1,0,1,1,31,4,0.986194
ns3,25.0,34,1,1,0,1,32,4,0.986060
ns3,25.0,35,1,0,1,1,33,5,0.995582
ns3,25.0,36,1,1,0,1,34,5,0.995520
ns3,25.0,37,1,1,0,1,35,5,0.995462
ns3,25.0,38,1,0,1,1,36,6,0.998589
ns3,25.0,39,1,1,0,1,37,6,0.998565
ns3,25.0,40,1,1,0,1,38,6,0.998541
ns3,25.0,41,1,1,0,1,39,6,0.998519
ns3,25.0,42,1,1,0,1,40,6,0.998498
ns3,25.0,43,1,0,1,1,41,7,0.999536
ns3,25.0,44,1,1,0,1,42,7,0.999528
ns3,25.0,45,1,1,0,1,43,7,0.999519
ns3,25.0,46,1,1,0,1,44,7,0.999511
ns3,25.0,47,1,1,0,1,45,7,0.999504
ns3,25.0,48,1,1,0,1,46,7,0.999496
ns3,25.0,49,1,1,0,1,47,7,0.999489
ns3,25.0,50,1,0,1,1,48,8,0.999842
ns3,25.0,51,1,1,0,1,49,8,0.999839
ns3,25.0,52,1,1,0,1,50,8,0.999836
ns3,25.0,53,1,1,0,1,51,8,0.999834
ns3,25.0,54,1,1,0,1,52,8,0.999831
ns3,25.0,55,1,1,0,1,53,8,0.999829
ns3,25.0,56,1,1,0,1,54,8,0.999826
ns3,25.0,57,1,1,0,1,55,8,0.999824
ns3,25.0,58,1,1,0,1,56,8,0.999822
ns3,25.0,59,1,1,0,1,57,8,0.999820
ns3,25.0,60,1,0,1,1,58,9,0.999943
ns3,25.0,61,1,1,0,1,59,9,0.999943
ns3,25.0,62,1,1,0,1,60,9,0.999942
ns3,25.0,63,1,1,0,1,61,9,0.999941
ns3,25.0,64,1,1,0,1,62,9,0.999940
ns3,25.0,65,1,1,0,1,63,9,0.999939
ns3,25.0,66,1,1,0,1,64,9,0.999939
ns3,25.0,67,1,1,0,1,65,9,0.999938
ns3,25.0,68,1,1,0,1,66,9,0.999937
ns3,25.0,69,1,1,0,1,67,9,0.999937
ns3,25.0,70,1,1,0,1,68,9,0.999936
ns3,25.0,71,1,1,0,1,69,9,0.999935
ns3,25.0,72,0,1,0,1,69,9,0.999935
ns3,25.0,73,1,1,0,1,70,9,0.999935
ns3,25.0,74,1,1,0,1,71,9,0.999934
ns3,25.0,75,1,0,1,1,72,10,0.999979
ns3,25.0,76,1,1,0,1,73,10,0.999979
ns3,25.0,77,1,1,0,1,74,10,0.999978
ns3,25.0,78,0,1,0,1,74,10,0.999978
ns3,25.0,79,1,0,1,1,75,11,0.999993
ns3,25.0,80,1,1,0,1,76,11,0.999993
ns3,25.0,81,1,1,0,1,77,11,0.999993
ns3,25.0,82,1,1,0,1,78,11,0.999993
ns3,25.0,83,0,1,0,1,78,11,0.999993
ns3,25.0,84,1,1,0,1,79,11,0.999993
ns3,25.0,85,1,1,0,1,80,11,0.999993
ns3,25.0,86,1,1,0,1,81,11,0.999993
ns3,25.0,87,1,0,1,1,82,12,0.999998
ns3,25.0,88,1,1,0,1,83,12,0.999998
ns3,25.0,89,1,1,0,1,84,12,0.999998
ns3,25.0,90,1,1,0,1,85,12,0.999998
ns3,25.0,91,1,1,0,1,86,12,0.999998
ns3,25.0,92,1,1,0,1,87,12,0.999998
ns3,25.0,93,1,1,0,1,88,12,0.999998
ns3,25.0,94,0,1,0,1,88,12,0.999998
ns3,25.0,95,1,0,1,1,89,13,0.999999
ns3,25.0,96,1,1,0,1,90,13,0.999999
ns3,25.0,97,1,1,0,1,91,13,0.999999
ns3,25.0,98,0,1,0,1,91,13,0.999999
ns3,25.0,99,1,1,0,1,92,13,0.999999
ns3,25.0,100,0,1,0,1,92,13,0.999999
ns3,25.0,101,1,1,0,1,93,13,0.999999
ns3,25.0,102,1,1,0,1,94,13,0.999999
ns3,25.0,103,1,1,0,1,95,13,0.999999
ns3,25.0,104,1,1,0,1,96,13,0.999999
ns3,25.0,105,1,0,1,1,97,14,1.000000
ns3,25.0,106,1,1,0,1,98,14,1.000000
ns3,25.0,107,0,1,0,1,98,14,1.000000
ns3,25.0,108,1,1,0,1,99,14,1.000000
ns3,25.0,109,1,1,0,1,100,14,1.000000
ns3,25.0,110,1,1,0,1,101,14,1.000000
ns3,25.0,111,1,1,0,1,102,14,1.000000
ns3,25.0,112,1,1,0,1,103,14,1.000000
ns3,25.0,113,1,1,0,1,104,14,1.000000
ns3,25.0,114,1,1,0,1,105,14,1.000000
ns3,25.0,115,1,1,0,1,106,14,1.000000
ns3,25.0,116,1,1,0,1,107,14,1.000000
ns3,25.0,117,1,0,1,1,108,15,1.000000
ns3,25.0,118,1,1,0,1,109,15,1.000000
ns3,25.0,119,1,1,0,1,110,15,1.000000
ns3,25.0,120,1,1,0,1,111,15,1.000000
ns3,25.0,121,1,0,1,1,112,16,1.000000
ns3,25.0,122,1,1,0,1,113,16,1.000000
ns3,25.0,123,1,0,1,1,114,17,1.000000
ns3,25.0,124,1,1,0,1,115,17,1.000000
ns3,25.0,125,1,1,0,1,116,17,1.000000
ns3,25.0,126,1,1,0,1,117,17,1.000000
ns3,25.0,127,1,1,0,1,118,17,1.000000
ns3,25.0,128,1,1,0,1,119,17,1.000000
ns3,25.0,129,1,1,0,1,120,17,1.000000
ns3,25.0,130,1,1,0,1,121,17,1.000000
ns3,25.0,131,1,1,0,1,122,17,1.000000
ns3,25.0,132,1,0,1,1,123,18,1.000000
ns3,25.0,133,1,1,0,1,124,18,1.000000
ns3,25.0,134,1,1,0,1,125,18,1.000000
ns3,25.0,135,1,1,0,1,126,18,1.000000
ns3,25.0,136,1,1,0,1,127,18,1.000000
ns3,25.0,137,1,1,0,1,128,18,1.000000
ns3,25.0,138,1,1,0,1,129,18,1.000000
ns3,25.0,139,1,1,0,1,130,18,1.000000
ns3,25.0,140,1,1,0,1,131,18,1.000000
ns3,25.0,141,1,1,0,1,132,18,1.000000
ns3,25.0,142,1,1,0,1,133,18,1.000000
ns3,25.0,143,1,1,0,1,134,18,1.000000
ns3,25.0,144,1,1,0,1,135,18,1.000000
ns3,25.0,145,1,1,0,1,136,18,1.000000
ns3,25.0,146,1,0,1,1,137,19,1.000000
ns3,25.0,147,1,1,0,1,138,19,1.000000
ns3,25.0,148,1,1,0,1,139,19,1.000000
ns3,25.0,149,1,1,0,1,140,19,1.000000
ns3,25.0,150,1,1,0,1,141,19,1.000000
ns3,25.0,151,1,1,0,1,142,19,1.000000
ns3,25.0,152,1,1,0,1,143,19,1.000000
ns3,25.0,153,1,1,0,1,144,19,1.000000
ns3,25.0,154,1,1,0,1,145,19,1.000000
ns3,25.0,155,1,0,1,1,146,20,1.000000
ns3,25.0,156,1,1,0,1,147,20,1.000000
ns3,25.0,157,1,0,1,1,148,21,1.000000
ns3,25.0,158,1,1,0,1,149,21,1.000000
ns3,25.0,159,1,1,0,1,150,21,1.000000
ns3,25.0,160,1,1,0,1,151,21,1.000000
ns3,25.0,161,1,1,0,1,152,21,1.000000
ns3,25.0,162,1,0,1,1,153,22,1.000000
ns3,25.0,163,1,1,0,1,154,22,1.000000
ns3,25.0,164,1,1,0,1,155,22,1.000000
ns3,25.0,165,1,1,0,1,156,22,1.000000
ns3,25.0,166,1,1,0,1,157,22,1.000000
ns3,25.0,167,1,1,0,1,158,22,1.000000
ns3,25.0,168,1,1,0,1,159,22,1.000000
ns3,25.0,169,1,1,0,1,160,22,1.000000
ns3,25.0,170,1,1,0,1,161,22,1.000000
ns3,25.0,171,1,1,0,1,162,22,1.000000
ns3,25.0,172,1,1,0,1,163,22,1.000000
ns3,25.0,173,1,0,1,1,164,23,1.000000
ns3,25.0,174,0,1,0,1,164,23,1.000000
ns3,25.0,175,1,1,0,1,165,23,1.000000
ns3,25.0,176,1,1,0,1,166,23,1.000000
ns3,25.0,177,1,1,0,1,167,23,1.000000
ns3,25.0,178,1,1,0,1,168,23,1.000000
ns3,25.0,179,1,0,1,1,169,24,1.000000
ns3,25.0,180,1,1,0,1,170,24,1.000000
ns3,25.0,181,0,0,0,1,170,24,1.000000
ns3,25.0,182,1,1,0,1,171,24,1.000000
ns3,25.0,183,1,1,0,1,172,24,1.000000
ns3,25.0,184,1,1,0,1,173,24,1.000000
ns3,25.0,185,1,1,0,1,174,24,1.000000
ns3,25.0,186,1,1,0,1,175,24,1.000000
ns3,25.0,187,1,1,0,1,176,24,1.000000
ns3,25.0,188,0,0,0,1,176,24,1.000000
ns3,25.0,189,1,1,0,1,177,24,1.000000
ns3,25.0,190,1,0,1,1,178,25,1.000000
ns3,25.0,191,1,1,0,1,179,25,1.000000
ns3,25.0,192,1,1,0,1,180,25,1.000000
ns3,25.0,193,0,0,0,1,180,25,1.000000
ns3,25.0,194,0,1,0,1,180,25,1.000000
ns3,25.0,195,1,0,1,1,181,26,1.000000
ns3,25.0,196,1,1,0,1,182,26,1.000000
ns3,25.0,197,0,1,0,1,182,26,1.000000
ns3,25.0,198,1,1,0,1,183,26,1.000000
ns3,25.0,199,1,1,0,1,184,26,1.000000
ns3,25.0,200,1,1,0,1,185,26,1.000000
ns3,25.0,201,1,0,1,1,186,27,1.000000
ns3,25.0,202,0,1,0,1,186,27,1.000000
ns3,25.0,203,1,0,1,1,187,28,1.000000
ns3,25.0,204,1,0,1,1,188,29,1.000000
ns3,25.0,205,1,0,1,1,189,30,1.000000
ns3,25.0,206,1,1,0,1,190,30,1.000000
ns3,25.0,207,1,1,0,1,191,30,1.000000
ns3,25.0,208,1,1,0,1,192,30,1.000000
ns3,25.0,209,1,1,0,1,193,30,1.000000
ns3,25.0,210,1,1,0,1,194,30,1.000000
ns3,25.0,211,1,1,0,1,195,30,1.000000
ns3,25.0,212,1,1,0,1,196,30,1.000000
ns3,25.0,213,1,1,0,1,197,30,1.000000
ns3,25.0,214,1,1,0,1,198,30,1.000000
ns3,25.0,215,1,1,0,1,199,30,1.000000
ns3,25.0,216,0,1,0,1,199,30,1.000000
ns3,25.0,217,1,1,0,1,200,30,1.000000
ns3,25.0,218,1,1,0,1,201,30,1.000000
ns3,25.0,219,1,1,0,1,202,30,1.000000
ns3,25.0,220,1,1,0,1,203,30,1.000000
ns3,25.0,221,1,1,0,1,204,30,1.000000
ns3,25.0,222,1,1,0,1,205,30,1.000000
ns3,25.0,223,1,1,0,1,206,30,1.000000
ns3,25.0,224,1,1,0,1,207,30,1.000000
ns3,25.0,225,1,1,0,1,208,30,1.000000
ns3,25.0,226,1,1,0,1,209,30,1.000000
ns3,25.0,227,1,1,0,1,210,30,1.000000
ns3,25.0,228,1,1,0,1,211,30,1.000000
ns3,25.0,229,0,1,0,1,211,30,1.000000
ns3,25.0,230,1,1,0,1,212,30,1.000000
ns3,25.0,231,1,1,0,1,213,30,1.000000
ns3,25.0,232,1,1,0,1,214,30,1.000000
ns3,25.0,233,1,1,0,1,215,30,1.000000
ns3,25.0,234,1,1,0,1,216,30,1.000000
ns3,25.0,235,1,1,0,1,217,30,1.000000
ns3,25.0,236,1,1,0,1,218,30,1.000000
ns3,25.0,237,1,1,0,1,219,30,1.000000
ns3,25.0,238,1,1,0,1,220,30,1.000000
ns3,25.0,239,1,1,0,1,221,30,1.000000
ns3,25.0,240,1,0,1,1,222,31,1.000000
ns3,25.0,241,1,1,0,1,223,31,1.000000
ns3,25.0,242,1,0,1,1,224,32,1.000000
ns3,25.0,243,1,1,0,1,225,32,1.000000
ns3,25.0,244,1,1,0,1,226,32,1.000000
ns3,25.0,245,1,0,1,1,227,33,1.000000
ns3,25.0,246,1,0,1,1,228,34,1.000000
ns3,25.0,247,1,1,0,1,229,34,1.000000
ns3,25.0,248,1,1,0,1,230,34,1.000000
ns3,25.0,249,1,1,0,1,231,34,1.000000
ns3,25.0,250,1,0,1,1,232,35,1.000000
ns3,25.0,251,1,1,0,1,233,35,1.000000
ns3,25.0,252,1,1,0,1,234,35,1.000000
ns3,25.0,253,1,1,0,1,235,35,1.000000
ns3,25.0,254,1,1,0,1,236,35,1.000000
ns3,25.0,255,1,1,0,1,237,35,1.000000
ns3,25.0,256,1,1,0,1,238,35,1.000000
ns3,25.0,257,1,1,0,1,239,35,1.000000
ns3,25.0,258,1,1,0,1,240,35,1.000000
ns3,25.0,259,1,1,0,1,241,35,1.000000
ns3,25.0,260,1,1,0,1,242,35,1.000000
ns3,25.0,261,0,1,0,1,242,35,1.000000
ns3,25.0,262,0,0,0,1,242,35,1.000000
ns3,25.0,263,1,1,0,1,243,35,1.000000
ns3,25.0,264,1,1,0,1,244,35,1.000000
ns3,25.0,265,1,0,1,1,245,36,1.000000
ns3,25.0,266,1,0,1,1,246,37,1.000000
ns3,25.0,267,1,1,0,1,247,37,1.000000
ns3,25.0,268,1,1,0,1,248,37,1.000000
ns3,25.0,269,1,1,0,1,249,37,1.000000
ns3,25.0,270,1,1,0,1,250,37,1.000000
ns3,25.0,271,1,1,0,1,251,37,1.000000
ns3,25.0,272,0,1,0,1,251,37,1.000000
ns3,25.0,273,0,1,0,1,251,37,1.000000
ns3,25.0,274,1,1,0,1,252,37,1.000000
ns3,25.0,275,1,1,0,1,253,37,1.000000
ns3,25.0,276,1,0,1,1,254,38,1.000000
ns3,25.0,277,1,1,0,1,255,38,1.000000
ns3,25.0,278,1,1,0,1,256,38,1.000000
ns3,25.0,279,1,1,0,1,257,38,1.000000
ns3,25.0,280,1,1,0,1,258,38,1.000000
ns3,25.0,281,1,1,0,1,259,38,1.000000
ns3,25.0,282,1,1,0,1,260,38,1.000000
ns3,25.0,283,1,1,0,1,261,38,1.000000
ns3,25.0,284,1,1,0,1,262,38,1.000000
ns3,25.0,285,1,1,0,1,263,38,1.000000
ns3,25.0,286,1,1,0,1,264,38,1.000000
ns3,25.0,287,1,1,0,1,265,38,1.000000
ns3,25.0,288,1,1,0,1,266,38,1.000000
ns3,25.0,289,1,1,0,1,267,38,1.000000
ns3,25.0,290,1,0,1,1,268,39,1.000000
ns3,25.0,291,1,1,0,1,269,39,1.000000
ns3,25.0,292,1,1,0,1,270,39,1.000000
ns3,25.0,293,1,1,0,1,271,39,1.000000
ns3,25.0,294,1,1,0,1,272,39,1.000000
ns3,25.0,295,1,1,0,1,273,39,1.000000
ns3,25.0,296,1,1,0,1,274,39,1.000000
ns3,25.0,297,1,0,1,1,275,40,1.000000
ns3,25.0,298,1,1,0,1,276,40,1.000000
ns3,25.0,299,1,0,1,1,277,41,1.000000
ns3,25.0,300,1,1,0,1,278,41,1.000000
ns3,25.0,301,1,1,0,1,279,41,1.000000
ns3,25.0,302,1,1,0,1,280,41,1.000000
ns3,25.0,303,0,1,0,1,280,41,1.000000
ns3,25.0,304,1,1,0,1,281,41,1.000000
ns3,25.0,305,1,1,0,1,282,41,1.000000
ns3,25.0,306,1,1,0,1,283,41,1.000000
ns3,25.0,307,0,1,0,1,283,41,1.000000
ns3,25.0,308,1,1,0,1,284,41,1.000000
ns3,25.0,309,1,1,0,1,285,41,1.000000
ns3,25.0,310,1,1,0,1,286,41,1.000000
ns3,25.0,311,1,1,0,1,287,41,1.000000
ns3,25.0,312,1,1,0,1,288,41,1.000000
ns3,25.0,313,1,1,0,1,289,41,1.000000
ns3,25.0,314,1,1,0,1,290,41,1.000000
ns3,25.0,315,1,1,0,1,291,41,1.000000
ns3,25.0,316,1,1,0,1,292,41,1.000000
ns3,25.0,317,0,1,0,1,292,41,1.000000
ns3,25.0,318,1,1,0,1,293,41,1.000000
ns3,25.0,319,1,1,0,1,294,41,1.000000
ns3,25.0,320,1,1,0,1,295,41,1.000000
ns3,25.0,321,1,1,0,1,296,41,1.000000
ns3,25.0,322,1,1,0,1,297,41,1.000000
ns3,25.0,323,1,1,0,1,298,41,1.000000
ns3,25.0,324,1,1,0,1,299,41,1.000000
ns3,25.0,325,1,1,0,1,300,41,1.000000
ns3,25.0,326,1,1,0,1,301,41,1.000000
ns3,25.0,327,1,1,0,1,302,41,1.000000
ns3,25.0,328,1,1,0,1,303,41,1.000000
ns3,25.0,329,1,1,0,1,304,41,1.000000
ns3,25.0,330,1,1,0,1,305,41,1.000000
ns3,25.0,331,1,1,0,1,306,41,1.000000
ns3,25.0,332,1,1,0,1,307,41,1.000000
ns3,25.0,333,1,1,0,1,308,41,1.000000
ns3,25.0,334,1,1,0,1,309,41,1.000000
ns3,25.0,335,1,0,1,1,310,42,1.000000
ns3,25.0,336,1,1,0,1,311,42,1.000000
ns3,25.0,337,1,1,0,1,312,42,1.000000
ns3,25.0,338,1,1,0,1,313,42,1.000000
ns3,25.0,339,1,1,0,1,314,42,1.000000
ns3,25.0,340,1,0,1,1,315,43,1.000000
ns3,25.0,341,1,1,0,1,316,43,1.000000
ns3,25.0,342,1,1,0,1,317,43,1.000000
ns3,25.0,343,1,1,0,1,318,43,1.000000
ns3,25.0,344,1,1,0,1,319,43,1.000000
ns3,25.0,345,1,1,0,1,320,43,1.000000
ns3,25.0,346,1,1,0,1,321,43,1.000000
ns3,25.0,347,1,0,1,1,322,44,1.000000
ns3,25.0,348,1,1,0,1,323,44,1.000000
ns3,25.0,349,1,1,0,1,324,44,1.000000
ns3,25.0,350,1,1,0,1,325,44,1.000000
ns3,25.0,351,1,1,0,1,326,44,1.000000
ns3,25.0,352,0,1,0,1,326,44,1.000000
ns3,25.0,353,1,1,0,1,327,44,1.000000
ns3,25.0,354,1,1,0,1,328,44,1.000000
ns3,25.0,355,1,1,0,1,329,44,1.000000
ns3,25.0,356,1,1,0,1,330,44,1.000000
ns3,25.0,357,1,1,0,1,331,44,1.000000
ns3,25.0,358,1,1,0,1,332,44,1.000000
ns3,25.0,359,1,1,0,1,333,44,1.000000
ns3,25.0,360,1,1,0,1,334,44,1.000000
ns3,25.0,361,1,1,0,1,335,44,1.000000
ns3,25.0,362,1,1,0,1,336,44,1.000000
ns3,25.0,363,0,1,0,1,336,44,1.000000
ns3,25.0,364,1,0,1,1,337,45,1.000000
ns3,25.0,365,1,1,0,1,338,45,1.000000
ns3,25.0,366,1,1,0,1,339,45,1.000000
ns3,25.0,367,0,1,0,1,339,45,1.000000
ns3,25.0,368,0,0,0,1,339,45,1.000000
ns3,25.0,369,1,1,0,1,340,45,1.000000
ns3,25.0,370,1,0,1,1,341,46,1.000000
ns3,25.0,371,1,1,0,1,342,46,1.000000
ns3,25.0,372,0,1,0,1,342,46,1.000000
ns3,25.0,373,1,1,0,1,343,46,1.000000
ns3,25.0,374,1,0,1,1,344,47,1.000000
ns3,25.0,375,1,1,0,1,345,47,1.000000
ns3,25.0,376,1,1,0,1,346,47,1.000000
ns3,25.0,377,1,1,0,1,347,47,1.000000
ns3,25.0,378,1,1,0,1,348,47,1.000000
ns3,25.0,379,1,1,0,1,349,47,1.000000
ns3,25.0,380,1,1,0,1,350,47,1.000000
ns3,25.0,381,1,1,0,1,351,47,1.000000
ns3,25.0,382,1,1,0,1,352,47,1.000000
ns3,25.0,383,1,1,0,1,353,47,1.000000
ns3,25.0,384,1,1,0,1,354,47,1.000000
ns3,25.0,385,1,1,0,1,355,47,1.000000
ns3,25.0,386,1,1,0,1,356,47,1.000000
ns3,25.0,387,1,0,1,1,357,48,1.000000
ns3,25.0,388,1,1,0,1,358,48,1.000000
ns3,25.0,389,1,1,0,1,359,48,1.000000
ns3,25.0,390,1,1,0,1,360,48,1.000000
ns3,25.0,391,1,1,0,1,361,48,1.000000
ns3,25.0,392,1,1,0,1,362,48,1.000000
ns3,25.0,393,0,1,0,1,362,48,1.000000
ns3,25.0,394,1,1,0,1,363,48,1.000000
ns3,25.0,395,1,1,0,1,364,48,1.000000
ns3,25.0,396,1,1,0,1,365,48,1.000000
ns3,25.0,397,1,1,0,1,366,48,1.000000
ns3,25.0,398,1,1,0,1,367,48,1.000000
ns3,25.0,399,1,1,0,1,368,48,1.000000
ns3,25.0,400,1,1,0,1,369,48,1.000000
ns3,30.0,1,1,1,0,0,1,0,0.000000
ns3,30.0,2,1,1,0,0,2,0,0.000000
ns3,30.0,3,1,1,0,0,3,0,0.000000
ns3,30.0,4,1,1,0,0,4,0,0.000000
ns3,30.0,5,1,1,0,0,5,0,0.000000
ns3,30.0,6,1,1,0,0,6,0,0.000000
ns3,30.0,7,1,1,0,0,7,0,0.000000
ns3,30.0,8,1,1,0,0,8,0,0.000000
ns3,30.0,9,0,1,0,0,8,0,0.000000
ns3,30.0,10,1,1,0,0,9,0,0.000000
ns3,30.0,11,1,1,0,0,10,0,0.000000
ns3,30.0,12,0,1,0,0,10,0,0.000000
ns3,30.0,13,1,1,0,0,11,0,0.000000
ns3,30.0,14,1,1,0,0,12,0,0.000000
ns3,30.0,15,0,0,0,0,12,0,0.000000
ns3,30.0,16,1,0,1,1,13,1,0.646742
ns3,30.0,17,1,1,0,1,14,1,0.645665
ns3,30.0,18,1,0,1,1,15,2,0.883109
ns3,30.0,19,1,0,1,1,16,3,0.963928
ns3,30.0,20,0,1,0,1,16,3,0.963928
ns3,30.0,21,1,1,0,1,17,3,0.963141
ns3,30.0,22,1,1,0,1,18,3,0.962439
ns3,30.0,23,1,0,1,1,19,4,0.988795
ns3,30.0,24,1,1,0,1,20,4,0.988471
ns3,30.0,25,1,1,0,1,21,4,0.988174
ns3,30.0,26,1,1,0,1,22,4,0.987902
ns3,30.0,27,1,1,0,1,23,4,0.987652
ns3,30.0,28,1,1,0,1,24,4,0.987421
ns3,30.0,29,1,1,0,1,25,4,0.987207
ns3,30.0,30,1,0,1,1,26,5,0.996124
ns3,30.0,31,0,1,0,1,26,5,0.996124
ns3,30.0,32,1,0,1,1,27,6,0.998870
ns3,30.0,33,1,1,0,1,28,6,0.998832
ns3,30.0,34,0,1,0,1,28,6,0.998832
ns3,30.0,35,1,1,0,1,29,6,0.998796
ns3,30.0,36,1,1,0,1,30,6,0.998762
ns3,30.0,37,1,1,0,1,31,6,0.998730
ns3,30.0,38,1,1,0,1,32,6,0.998699
ns3,30.0,39,1,1,0,1,33,6,0.998669
ns3,30.0,40,1,1,0,1,34,6,0.998641
ns3,30.0,41,0,0,0,1,34,6,0.998641
ns3,30.0,42,1,1,0,1,35,6,0.998615
ns3,30.0,43,1,1,0,1,36,6,0.998589
ns3,30.0,44,1,1,0,1,37,6,0.998565
ns3,30.0,45,1,1,0,1,38,6,0.998541
ns3,30.0,46,1,1,0,1,39,6,0.998519
ns3,30.0,47,1,1,0,1,40,6,0.998498
ns3,30.0,48,1,0,1,1,41,7,0.999536
ns3,30.0,49,1,1,0,1,42,7,0.999528
ns3,30.0,50,1,1,0,1,43,7,0.999519
ns3,30.0,51,1,1,0,1,44,7,0.999511
ns3,30.0,52,1,1,0,1,45,7,0.999504
ns3,30.0,53,1,1,0,1,46,7,0.999496
ns3,30.0,54,1,1,0,1,47,7,0.999489
ns3,30.0,55,1,1,0,1,48,7,0.999482
ns3,30.0,56,1,1,0,1,49,7,0.999476
ns3,30.0,57,1,0,1,1,50,8,0.999836
ns3,30.0,58,1,0,1,1,51,9,0.999950
ns3,30.0,59,1,1,0,1,52,9,0.999949
ns3,30.0,60,1,1,0,1,53,9,0.999948
ns3,30.0,61,1,1,0,1,54,9,0.999947
ns3,30.0,62,1,1,0,1,55,9,0.999946
ns3,30.0,63,1,1,0,1,56,9,0.999945
ns3,30.0,64,1,1,0,1,57,9,0.999944
ns3,30.0,65,1,1,0,1,58,9,0.999943
ns3,30.0,66,1,0,1,1,59,10,0.999983
ns3,30.0,67,1,1,0,1,60,10,0.999982
ns3,30.0,68,1,1,0,1,61,10,0.999982
ns3,30.0,69,1,1,0,1,62,10,0.999982
ns3,30.0,70,1,1,0,1,63,10,0.999981
ns3,30.0,71,1,1,0,1,64,10,0.999981
ns3,30.0,72,1,1,0,1,65,10,0.999981
ns3,30.0,73,0,1,0,1,65,10,0.999981
ns3,30.0,74,1,1,0,1,66,10,0.999980
ns3,30.0,75,1,1,0,1,67,10,0.999980
ns3,30.0,76,1,1,0,1,68,10,0.999980
ns3,30.0,77,1,0,1,1,69,11,0.999994
ns3,30.0,78,1,1,0,1,70,11,0.999994
ns3,30.0,79,1,0,1,1,71,12,0.999998
ns3,30.0,80,1,0,1,1,72,13,0.999999
ns3,30.0,81,1,1,0,1,73,13,0.999999
ns3,30.0,82,1,1,0,1,74,13,0.999999
ns3,30.0,83,1,0,1,1,75,14,1.000000
ns3,30.0,84,1,1,0,1,76,14,1.000000
ns3,30.0,85,1,1,0,1,77,14,1.000000
ns3,30.0,86,1,1,0,1,78,14,1.000000
ns3,30.0,87,1,1,0,1,79,14,1.000000
ns3,30.0,88,0,1,0,1,79,14,1.000000
ns3,30.0,89,1,1,0,1,80,14,1.000000
ns3,30.0,90,1,1,0,1,81,14,1.000000
ns3,30.0,91,1,0,1,1,82,15,1.000000
ns3,30.0,92,1,1,0,1,83,15,1.000000
ns3,30.0,93,1,0,1,1,84,16,1.000000
ns3,30.0,94,1,1,0,1,85,16,1.000000
ns3,30.0,95,1,1,0,1,86,16,1.000000
ns3,30.0,96,1,1,0,1,87,16,1.000000
ns3,30.0,97,1,1,0,1,88,16,1.000000
ns3,30.0,98,1,0,1,1,89,17,1.000000
ns3,30.0,99,1,0,1,1,90,18,1.000000
ns3,30.0,100,1,1,0,1,91,18,1.000000
ns3,30.0,101,1,1,0,1,92,18,1.000000
ns3,30.0,102,1,1,0,1,93,18,1.000000
ns3,30.0,103,1,1,0,1,94,18,1.000000
ns3,30.0,104,1,1,0,1,95,18,1.000000
ns3,30.0,105,1,1,0,1,96,18,1.000000
ns3,30.0,106,1,1,0,1,97,18,1.000000
ns3,30.0,107,1,1,0,1,98,18,1.000000
ns3,30.0,108,1,1,0,1,99,18,1.000000
ns3,30.0,109,1,0,1,1,100,19,1.000000
ns3,30.0,110,1,1,0,1,101,19,1.000000
ns3,30.0,111,1,1,0,1,102,19,1.000000
ns3,30.0,112,1,1,0,1,103,19,1.000000
ns3,30.0,113,1,1,0,1,104,19,1.000000
ns3,30.0,114,1,0,1,1,105,20,1.000000
ns3,30.0,115,1,0,1,1,106,21,1.000000
ns3,30.0,116,1,0,1,1,107,22,1.000000
ns3,30.0,117,1,1,0,1,108,22,1.000000
ns3,30.0,118,1,0,1,1,109,23,1.000000
ns3,30.0,119,1,1,0,1,110,23,1.000000
ns3,30.0,120,1,1,0,1,111,23,1.000000
ns3,30.0,121,1,1,0,1,112,23,1.000000
ns3,30.0,122,1,0,1,1,113,24,1.000000
ns3,30.0,123,1,1,0,1,114,24,1.000000
ns3,30.0,124,1,1,0,1,115,24,1.000000
ns3,30.0,125,1,1,0,1,116,24,1.000000
ns3,30.0,126,1,1,0,1,117,24,1.000000
ns3,30.0,127,1,1,0,1,118,24,1.000000
ns3,30.0,128,1,1,0,1,119,24,1.000000
ns3,30.0,129,1,1,0,1,120,24,1.000000
ns3,30.0,130,1,1,0,1,121,24,1.000000
ns3,30.0,131,1,1,0,1,122,24,1.000000
ns3,30.0,132,0,1,0,1,122,24,1.000000
ns3,30.0,133,1,1,0,1,123,24,1.000000
ns3,30.0,134,1,1,0,1,124,24,1.000000
ns3,30.0,135,1,1,0,1,125,24,1.000000
ns3,30.0,136,1,1,0,1,126,24,1.000000
ns3,30.0,137,1,1,0,1,127,24,1.000000
ns3,30.0,138,1,1,0,1,128,24,1.000000
ns3,30.0,139,1,1,0,1,129,24,1.000000
ns3,30.0,140,1,1,0,1,130,24,1.000000
ns3,30.0,141,1,1,0,1,131,24,1.000000
ns3,30.0,142,1,1,0,1,132,24,1.000000
ns3,30.0,143,1,0,1,1,133,25,1.000000
ns3,30.0,144,1,1,0,1,134,25,1.000000
ns3,30.0,145,1,1,0,1,135,25,1.000000
ns3,30.0,146,1,1,0,1,136,25,1.000000
ns3,30.0,147,1,1,0,1,137,25,1.000000
ns3,30.0,148,1,1,0,1,138,25,1.000000
ns3,30.0,149,1,0,1,1,139,26,1.000000
ns3,30.0,150,1,0,1,1,140,27,1.000000
ns3,30.0,151,1,1,0,1,141,27,1.000000
ns3,30.0,152,0,1,0,1,141,27,1.000000
ns3,30.0,153,1,1,0,1,142,27,1.000000
ns3,30.0,154,1,1,0,1,143,27,1.000000
ns3,30.0,155,1,1,0,1,144,27,1.000000
ns3,30.0,156,1,1,0,1,145,27,1.000000
ns3,30.0,157,1,1,0,1,146,27,1.000000
ns3,30.0,158,1,1,0,1,147,27,1.000000
ns3,30.0,159,1,1,0,1,148,27,1.000000
ns3,30.0,160,1,1,0,1,149,27,1.000000
ns3,30.0,161,1,1,0,1,150,27,1.000000
ns3,30.0,162,1,1,0,1,151,27,1.000000
ns3,30.0,163,1,1,0,1,152,27,1.000000
ns3,30.0,164,1,1,0,1,153,27,1.000000
ns3,30.0,165,1,0,1,1,154,28,1.000000
ns3,30.0,166,1,1,0,1,155,28,1.000000
ns3,30.0,167,1,1,0,1,156,28,1.000000
ns3,30.0,168,1,0,1,1,157,29,1.000000
ns3,30.0,169,1,1,0,1,158,29,1.000000
ns3,30.0,170,1,1,0,1,159,29,1.000000
ns3,30.0,171,1,1,0,1,160,29,1.000000
ns3,30.0,172,1,1,0,1,161,29,1.000000
ns3,30.0,173,1,1,0,1,162,29,1.000000
ns3,30.0,174,1,1,0,1,163,29,1.000000
ns3,30.0,175,0,0,0,1,163,29,1.000000
ns3,30.0,176,1,1,0,1,164,29,1.000000
ns3,30.0,177,1,1,0,1,165,29,1.000000
ns3,30.0,178,1,1,0,1,166,29,1.000000
ns3,30.0,179,1,1,0,1,167,29,1.000000
ns3,30.0,180,1,1,0,1,168,29,1.000000
ns3,30.0,181,1,1,0,1,169,29,1.000000
ns3,30.0,182,1,0,1,1,170,30,1.000000
ns3,30.0,183,1,0,1,1,171,31,1.000000
ns3,30.0,184,1,0,1,1,172,32,1.000000
ns3,30.0,185,1,1,0,1,173,32,1.000000
ns3,30.0,186,1,1,0,1,174,32,1.000000
ns3,30.0,187,1,1,0,1,175,32,1.000000
ns3,30.0,188,1,1,0,1,176,32,1.000000
ns3,30.0,189,1,0,1,1,177,33,1.000000
ns3,30.0,190,1,0,1,1,178,34,1.000000
ns3,30.0,191,1,1,0,1,179,34,1.000000
ns3,30.0,192,1,1,0,1,180,34,1.000000
ns3,30.0,193,1,1,0,1,181,34,1.000000
ns3,30.0,194,1,1,0,1,182,34,1.000000
ns3,30.0,195,1,1,0,1,183,34,1.000000
ns3,30.0,196,0,1,0,1,183,34,1.000000
ns3,30.0,197,1,1,0,1,184,34,1.000000
ns3,30.0,198,0,0,0,1,184,34,1.000000
ns3,30.0,199,1,0,1,1,185,35,1.000000
ns3,30.0,200,1,1,0,1,186,35,1.000000
ns3,30.0,201,1,1,0,1,187,35,1.000000
ns3,30.0,202,1,1,0,1,188,35,1.000000
ns3,30.0,203,1,1,0,1,189,35,1.000000
ns3,30.0,204,1,1,0,1,190,35,1.000000
ns3,30.0,205,1,0,1,1,191,36,1.000000
ns3,30.0,206,0,1,0,1,191,36,1.000000
ns3,30.0,207,1,0,1,1,192,37,1.000000
ns3,30.0,208,1,0,1,1,193,38,1.000000
ns3,30.0,209,1,1,0,1,194,38,1.000000
ns3,30.0,210,1,1,0,1,195,38,1.000000
ns3,30.0,211,1,1,0,1,196,38,1.000000
ns3,30.0,212,1,1,0,1,197,38,1.000000
ns3,30.0,213,1,1,0,1,198,38,1.000000
ns3,30.0,214,1,0,1,1,199,39,1.000000
ns3,30.0,215,1,1,0,1,200,39,1.000000
ns3,30.0,216,1,1,0,1,201,39,1.000000
ns3,30.0,217,1,1,0,1,202,39,1.000000
ns3,30.0,218,1,1,0,1,203,39,1.000000
ns3,30.0,219,1,1,0,1,204,39,1.000000
ns3,30.0,220,1,1,0,1,205,39,1.000000
ns3,30.0,221,1,1,0,1,206,39,1.000000
ns3,30.0,222,1,1,0,1,207,39,1.000000
ns3,30.0,223,1,1,0,1,208,39,1.000000
ns3,30.0,224,1,1,0,1,209,39,1.000000
ns3,30.0,225,1,0,1,1,210,40,1.000000
ns3,30.0,226,1,0,1,1,211,41,1.000000
ns3,30.0,227,1,1,0,1,212,41,1.000000
ns3,30.0,228,1,1,0,1,213,41,1.000000
ns3,30.0,229,1,1,0,1,214,41,1.000000
ns3,30.0,230,1,1,0,1,215,41,1.000000
ns3,30.0,231,1,1,0,1,216,41,1.000000
ns3,30.0,232,1,1,0,1,217,41,1.000000
ns3,30.0,233,1,1,0,1,218,41,1.000000
ns3,30.0,234,1,1,0,1,219,41,1.000000
ns3,30.0,235,1,1,0,1,220,41,1.000000
ns3,30.0,236,1,1,0,1,221,41,1.000000
ns3,30.0,237,1,1,0,1,222,41,1.000000
ns3,30.0,238,1,0,1,1,223,42,1.000000
ns3,30.0,239,1,0,1,1,224,43,1.000000
ns3,30.0,240,1,1,0,1,225,43,1.000000
ns3,30.0,241,1,1,0,1,226,43,1.000000
ns3,30.0,242,1,0,1,1,227,44,1.000000
ns3,30.0,243,1,1,0,1,228,44,1.000000
ns3,30.0,244,1,1,0,1,229,44,1.000000
ns3,30.0,245,1,1,0,1,230,44,1.000000
ns3,30.0,246,1,1,0,1,231,44,1.000000
ns3,30.0,247,1,1,0,1,232,44,1.000000
ns3,30.0,248,1,0,1,1,233,45,1.000000
ns3,30.0,249,0,1,0,1,233,45,1.000000
ns3,30.0,250,1,1,0,1,234,45,1.000000
ns3,30.0,251,1,1,0,1,235,45,1.000000
ns3,30.0,252,1,1,0,1,236,45,1.000000
ns3,30.0,253,0,0,0,1,236,45,1.000000
ns3,30.0,254,1,1,0,1,237,45,1.000000
ns3,30.0,255,1,0,1,1,238,46,1.000000
ns3,30.0,256,1,1,0,1,239,46,1.000000
ns3,30.0,257,1,1,0,1,240,46,1.000000
ns3,30.0,258,1,0,1,1,241,47,1.000000
ns3,30.0,259,1,1,0,1,242,47,1.000000
ns3,30.0,260,1,0,1,1,243,48,1.000000
ns3,30.0,261,1,1,0,1,244,48,1.000000
ns3,30.0,262,1,1,0,1,245,48,1.000000
ns3,30.0,263,0,1,0,1,245,48,1.000000
ns3,30.0,264,1,0,1,1,246,49,1.000000
ns3,30.0,265,1,1,0,1,247,49,1.000000
ns3,30.0,266,1,0,1,1,248,50,1.000000
ns3,30.0,267,1,1,0,1,249,50,1.000000
ns3,30.0,268,1,1,0,1,250,50,1.000000
ns3,30.0,269,1,1,0,1,251,50,1.000000
ns3,30.0,270,1,0,1,1,252,51,1.000000
ns3,30.0,271,1,1,0,1,253,51,1.000000
ns3,30.0,272,1,1,0,1,254,51,1.000000
ns3,30.0,273,1,1,0,1,255,51,1.000000
ns3,30.0,274,1,1,0,1,256,51,1.000000
ns3,30.0,275,1,1,0,1,257,51,1.000000
ns3,30.0,276,1,1,0,1,258,51,1.000000
ns3,30.0,277,1,0,1,1,259,52,1.000000
ns3,30.0,278,1,1,0,1,260,52,1.000000
ns3,30.0,279,1,1,0,1,261,52,1.000000
ns3,30.0,280,1,1,0,1,262,52,1.000000
ns3,30.0,281,1,1,0,1,263,52,1.000000
ns3,30.0,282,1,0,1,1,264,53,1.000000
ns3,30.0,283,1,0,1,1,265,54,1.000000
ns3,30.0,284,1,1,0,1,266,54,1.000000
ns3,30.0,285,1,1,0,1,267,54,1.000000
ns3,30.0,286,1,1,0,1,268,54,1.000000
ns3,30.0,287,1,0,1,1,269,55,1.000000
ns3,30.0,288,1,0,1,1,270,56,1.000000
ns3,30.0,289,1,1,0,1,271,56,1.000000
ns3,30.0,290,1,0,1,1,272,57,1.000000
ns3,30.0,291,1,0,1,1,273,58,1.000000
ns3,30.0,292,1,1,0,1,274,58,1.000000
ns3,30.0,293,1,1,0,1,275,58,1.000000
ns3,30.0,294,1,0,1,1,276,59,1.000000
ns3,30.0,295,0,1,0,1,276,59,1.000000
ns3,30.0,296,1,0,1,1,277,60,1.000000
ns3,30.0,297,1,1,0,1,278,60,1.000000
ns3,30.0,298,1,1,0,1,279,60,1.000000
ns3,30.0,299,1,1,0,1,280,60,1.000000
ns3,30.0,300,1,1,0,1,281,60,1.000000
ns3,30.0,301,1,0,1,1,282,61,1.000000
ns3,30.0,302,1,1,0,1,283,61,1.000000
ns3,30.0,303,1,1,0,1,284,61,1.000000
ns3,30.0,304,1,1,0,1,285,61,1.000000
ns3,30.0,305,1,1,0,1,286,61,1.000000
ns3,30.0,306,1,1,0,1,287,61,1.000000
ns3,30.0,307,1,1,0,1,288,61,1.000000
ns3,30.0,308,1,1,0,1,289,61,1.000000
ns3,30.0,309,1,0,1,1,290,62,1.000000
ns3,30.0,310,1,1,0,1,291,62,1.000000
ns3,30.0,311,1,1,0,1,292,62,1.000000
ns3,30.0,312,1,1,0,1,293,62,1.000000
ns3,30.0,313,1,1,0,1,294,62,1.000000
ns3,30.0,314,1,1,0,1,295,62,1.000000
ns3,30.0,315,1,1,0,1,296,62,1.000000
ns3,30.0,316,0,1,0,1,296,62,1.000000
ns3,30.0,317,1,1,0,1,297,62,1.000000
ns3,30.0,318,1,1,0,1,298,62,1.000000
ns3,30.0,319,1,0,1,1,299,63,1.000000
ns3,30.0,320,1,1,0,1,300,63,1.000000
ns3,30.0,321,1,1,0,1,301,63,1.000000
ns3,30.0,322,0,1,0,1,301,63,1.000000
ns3,30.0,323,1,0,1,1,302,64,1.000000
ns3,30.0,324,1,0,1,1,303,65,1.000000
ns3,30.0,325,1,1,0,1,304,65,1.000000
ns3,30.0,326,1,1,0,1,305,65,1.000000
ns3,30.0,327,1,1,0,1,306,65,1.000000
ns3,30.0,328,1,1,0,1,307,65,1.000000
ns3,30.0,329,1,1,0,1,308,65,1.000000
ns3,30.0,330,1,1,0,1,309,65,1.000000
ns3,30.0,331,1,0,1,1,310,66,1.000000
ns3,30.0,332,1,1,0,1,311,66,1.000000
ns3,30.0,333,1,0,1,1,312,67,1.000000
ns3,30.0,334,1,1,0,1,313,67,1.000000
ns3,30.0,335,1,1,0,1,314,67,1.000000
ns3,30.0,336,1,1,0,1,315,67,1.000000
ns3,30.0,337,1,1,0,1,316,67,1.000000
ns3,30.0,338,1,0,1,1,317,68,1.000000
ns3,30.0,339,1,1,0,1,318,68,1.000000
ns3,30.0,340,1,1,0,1,319,68,1.000000
ns3,30.0,341,1,0,1,1,320,69,1.000000
ns3,30.0,342,1,1,0,1,321,69,1.000000
ns3,30.0,343,1,1,0,1,322,69,1.000000
ns3,30.0,344,1,1,0,1,323,69,1.000000
ns3,30.0,345,1,1,0,1,324,69,1.000000
ns3,30.0,346,1,1,0,1,325,69,1.000000
ns3,30.0,347,1,1,0,1,326,69,1.000000
ns3,30.0,348,1,1,0,1,327,69,1.000000
ns3,30.0,349,1,0,1,1,328,70,1.000000
ns3,30.0,350,1,1,0,1,329,70,1.000000
ns3,30.0,351,1,1,0,1,330,70,1.000000
ns3,30.0,352,1,0,1,1,331,71,1.000000
ns3,30.0,353,1,0,1,1,332,72,1.000000
ns3,30.0,354,1,0,1,1,333,73,1.000000
ns3,30.0,355,1,1,0,1,334,73,1.000000
ns3,30.0,356,1,1,0,1,335,73,1.000000
ns3,30.0,357,1,0,1,1,336,74,1.000000
ns3,30.0,358,1,1,0,1,337,74,1.000000
ns3,30.0,359,1,0,1,1,338,75,1.000000
ns3,30.0,360,1,0,1,1,339,76,1.000000
ns3,30.0,361,1,1,0,1,340,76,1.000000
ns3,30.0,362,1,0,1,1,341,77,1.000000
ns3,30.0,363,0,1,0,1,341,77,1.000000
ns3,30.0,364,1,1,0,1,342,77,1.000000
ns3,30.0,365,1,0,1,1,343,78,1.000000
ns3,30.0,366,0,1,0,1,343,78,1.000000
ns3,30.0,367,1,1,0,1,344,78,1.000000
ns3,30.0,368,0,1,0,1,344,78,1.000000
ns3,30.0,369,1,1,0,1,345,78,1.000000
ns3,30.0,370,1,0,1,1,346,79,1.000000
ns3,30.0,371,1,0,1,1,347,80,1.000000
ns3,30.0,372,1,1,0,1,348,80,1.000000
ns3,30.0,373,1,1,0,1,349,80,1.000000
ns3,30.0,374,1,1,0,1,350,80,1.000000
ns3,30.0,375,1,1,0,1,351,80,1.000000
ns3,30.0,376,1,1,0,1,352,80,1.000000
ns3,30.0,377,1,0,1,1,353,81,1.000000
ns3,30.0,378,1,1,0,1,354,81,1.000000
ns3,30.0,379,1,1,0,1,355,81,1.000000
ns3,30.0,380,0,0,0,1,355,81,1.000000
ns3,30.0,381,1,1,0,1,356,81,1.000000
ns3,30.0,382,1,0,1,1,357,82,1.000000
ns3,30.0,383,1,1,0,1,358,82,1.000000
ns3,30.0,384,1,1,0,1,359,82,1.000000
ns3,30.0,385,1,1,0,1,360,82,1.000000
ns3,30.0,386,1,0,1,1,361,83,1.000000
ns3,30.0,387,1,1,0,1,362,83,1.000000
ns3,30.0,388,1,0,1,1,363,84,1.000000
ns3,30.0,389,1,1,0,1,364,84,1.000000
ns3,30.0,390,1,1,0,1,365,84,1.000000
ns3,30.0,391,1,1,0,1,366,84,1.000000
ns3,30.0,392,1,0,1,1,367,85,1.000000
ns3,30.0,393,1,1,0,1,368,85,1.000000
ns3,30.0,394,1,1,0,1,369,85,1.000000
ns3,30.0,395,1,1,0,1,370,85,1.000000
ns3,30.0,396,1,1,0,1,371,85,1.000000
ns3,30.0,397,1,1,0,1,372,85,1.000000
ns3,30.0,398,1,1,0,1,373,85,1.000000
ns3,30.0,399,1,1,0,1,374,85,1.000000
ns3,30.0,400,1,1,0,1,375,85,1.000000
ns3,35.0,1,1,1,0,0,1,0,0.000000
ns3,35.0,2,1,0,1,1,2,1,0.750000
ns3,35.0,3,1,1,0,1,3,1,0.703704
ns3,35.0,4,1,0,1,1,4,2,0.937500
ns3,35.0,5,1,1,0,1,5,2,0.922240
ns3,35.0,6,1,1,0,1,6,2,0.912209
ns3,35.0,7,1,1,0,1,7,2,0.905135
ns3,35.0,8,1,0,1,1,8,3,0.976717
ns3,35.0,9,1,1,0,1,9,3,0.973988
ns3,35.0,10,1,0,1,1,10,4,0.993953
ns3,35.0,11,1,1,0,1,11,4,0.993070
ns3,35.0,12,1,1,0,1,12,4,0.992293
ns3,35.0,13,1,1,0,1,13,4,0.991608
ns3,35.0,14,1,1,0,1,14,4,0.991001
ns3,35.0,15,1,1,0,1,15,4,0.990461
ns3,35.0,16,1,0,1,1,16,5,0.997509
ns3,35.0,17,1,1,0,1,17,5,0.997318
ns3,35.0,18,1,1,0,1,18,5,0.997142
ns3,35.0,19,1,1,0,1,19,5,0.996979
ns3,35.0,20,1,1,0,1,20,5,0.996829
ns3,35.0,21,1,1,0,1,21,5,0.996689
ns3,35.0,22,1,1,0,1,22,5,0.996560
ns3,35.0,23,1,0,1,1,23,6,0.999044
ns3,35.0,24,0,1,0,1,23,6,0.999044
ns3,35.0,25,1,0,1,1,24,7,0.999745
ns3,35.0,26,1,0,1,1,25,8,0.999935
ns3,35.0,27,1,1,0,1,26,8,0.999930
ns3,35.0,28,1,0,1,1,27,9,0.999982
ns3,35.0,29,1,1,0,1,28,9,0.999981
ns3,35.0,30,1,1,0,1,29,9,0.999979
ns3,35.0,31,1,0,1,1,30,10,0.999995
ns3,35.0,32,1,1,0,1,31,10,0.999994
ns3,35.0,33,1,1,0,1,32,10,0.999994
ns3,35.0,34,1,0,1,1,33,11,0.999998
ns3,35.0,35,1,1,0,1,34,11,0.999998
ns3,35.0,36,1,1,0,1,35,11,0.999998
ns3,35.0,37,1,1,0,1,36,11,0.999998
ns3,35.0,38,1,1,0,1,37,11,0.999998
ns3,35.0,39,1,0,1,1,38,12,0.999999
ns3,35.0,40,1,1,0,1,39,12,0.999999
ns3,35.0,41,1,0,1,1,40,13,1.000000
ns3,35.0,42,1,0,1,1,41,14,1.000000
ns3,35.0,43,1,1,0,1,42,14,1.000000
ns3,35.0,44,1,0,1,1,43,15,1.000000
ns3,35.0,45,1,1,0,1,44,15,1.000000
ns3,35.0,46,1,1,0,1,45,15,1.000000
ns3,35.0,47,1,1,0,1,46,15,1.000000
ns3,35.0,48,1,1,0,1,47,15,1.000000
ns3,35.0,49,1,0,1,1,48,16,1.000000
ns3,35.0,50,1,1,0,1,49,16,1.000000
ns3,35.0,51,1,1,0,1,50,16,1.000000
ns3,35.0,52,1,0,1,1,51,17,1.000000
ns3,35.0,53,1,1,0,1,52,17,1.000000
ns3,35.0,54,1,1,0,1,53,17,1.000000
ns3,35.0,55,0,0,0,1,53,17,1.000000
ns3,35.0,56,1,1,0,1,54,17,1.000000
ns3,35.0,57,1,1,0,1,55,17,1.000000
ns3,35.0,58,1,0,1,1,56,18,1.000000
ns3,35.0,59,1,0,1,1,57,19,1.000000
ns3,35.0,60,1,1,0,1,58,19,1.000000
ns3,35.0,61,1,1,0,1,59,19,1.000000
ns3,35.0,62,1,0,1,1,60,20,1.000000
ns3,35.0,63,1,1,0,1,61,20,1.000000
ns3,35.0,64,0,0,0,1,61,20,1.000000
ns3,35.0,65,1,1,0,1,62,20,1.000000
ns3,35.0,66,1,1,0,1,63,20,1.000000
ns3,35.0,67,1,0,1,1,64,21,1.000000
ns3,35.0,68,1,1,0,1,65,21,1.000000
ns3,35.0,69,1,1,0,1,66,21,1.000000
ns3,35.0,70,1,0,1,1,67,22,1.000000
ns3,35.0,71,1,1,0,1,68,22,1.000000
ns3,35.0,72,1,1,0,1,69,22,1.000000
ns3,35.0,73,1,1,0,1,70,22,1.000000
ns3,35.0,74,1,0,1,1,71,23,1.000000
ns3,35.0,75,1,0,1,1,72,24,1.000000
ns3,35.0,76,1,1,0,1,73,24,1.000000
ns3,35.0,77,1,1,0,1,74,24,1.000000
ns3,35.0,78,0,0,0,1,74,24,1.000000
ns3,35.0,79,1,0,1,1,75,25,1.000000
ns3,35.0,80,1,1,0,1,76,25,1.000000
ns3,35.0,81,1,1,0,1,77,25,1.000000
ns3,35.0,82,1,0,1,1,78,26,1.000000
ns3,35.0,83,1,0,1,1,79,27,1.000000
ns3,35.0,84,1,0,1,1,80,28,1.000000
ns3,35.0,85,1,0,1,1,81,29,1.000000
ns3,35.0,86,1,0,1,1,82,30,1.000000
ns3,35.0,87,1,1,0,1,83,30,1.000000
ns3,35.0,88,1,0,1,1,84,31,1.000000
ns3,35.0,89,1,1,0,1,85,31,1.000000
ns3,35.0,90,1,1,0,1,86,31,1.000000
ns3,35.0,91,1,1,0,1,87,31,1.000000
ns3,35.0,92,1,1,0,1,88,31,1.000000
ns3,35.0,93,1,1,0,1,89,31,1.000000
ns3,35.0,94,1,0,1,1,90,32,1.000000
ns3,35.0,95,1,0,1,1,91,33,1.000000
ns3,35.0,96,1,1,0,1,92,33,1.000000
ns3,35.0,97,1,1,0,1,93,33,1.000000
ns3,35.0,98,1,1,0,1,94,33,1.000000
ns3,35.0,99,1,0,1,1,95,34,1.000000
ns3,35.0,100,1,1,0,1,96,34,1.000000
ns3,35.0,101,1,1,0,1,97,34,1.000000
ns3,35.0,102,1,0,1,1,98,35,1.000000
ns3,35.0,103,1,1,0,1,99,35,1.000000
ns3,35.0,104,1,1,0,1,100,35,1.000000
ns3,35.0,105,1,1,0,1,101,35,1.000000
ns3,35.0,106,1,0,1,1,102,36,1.000000
ns3,35.0,107,1,0,1,1,103,37,1.000000
ns3,35.0,108,1,0,1,1,104,38,1.000000
ns3,35.0,109,1,1,0,1,105,38,1.000000
ns3,35.0,110,1,0,1,1,106,39,1.000000
ns3,35.0,111,1,1,0,1,107,39,1.000000
ns3,35.0,112,1,1,0,1,108,39,1.000000
ns3,35.0,113,0,1,0,1,108,39,1.000000
ns3,35.0,114,1,1,0,1,109,39,1.000000
ns3,35.0,115,0,1,0,1,109,39,1.000000
ns3,35.0,116,1,1,0,1,110,39,1.000000
ns3,35.0,117,1,1,0,1,111,39,1.000000
ns3,35.0,118,0,1,0,1,111,39,1.000000
ns3,35.0,119,1,1,0,1,112,39,1.000000
ns3,35.0,120,1,1,0,1,113,39,1.000000
ns3,35.0,121,1,1,0,1,114,39,1.000000
ns3,35.0,122,1,0,1,1,115,40,1.000000
ns3,35.0,123,1,1,0,1,116,40,1.000000
ns3,35.0,124,1,0,1,1,117,41,1.000000
ns3,35.0,125,1,1,0,1,118,41,1.000000
ns3,35.0,126,1,1,0,1,119,41,1.000000
ns3,35.0,127,1,1,0,1,120,41,1.000000
ns3,35.0,128,1,0,1,1,121,42,1.000000
ns3,35.0,129,1,1,0,1,122,42,1.000000
ns3,35.0,130,1,1,0,1,123,42,1.000000
ns3,35.0,131,1,1,0,1,124,42,1.000000
ns3,35.0,132,1,1,0,1,125,42,1.000000
ns3,35.0,133,0,0,0,1,125,42,1.000000
ns3,35.0,134,1,1,0,1,126,42,1.000000
ns3,35.0,135,1,1,0,1,127,42,1.000000
ns3,35.0,136,1,1,0,1,128,42,1.000000
ns3,35.0,137,1,0,1,1,129,43,1.000000
ns3,35.0,138,1,0,1,1,130,44,1.000000
ns3,35.0,139,1,0,1,1,131,45,1.000000
ns3,35.0,140,1,0,1,1,132,46,1.000000
ns3,35.0,141,1,1,0,1,133,46,1.000000
ns3,35.0,142,1,1,0,1,134,46,1.000000
ns3,35.0,143,1,1,0,1,135,46,1.000000
ns3,35.0,144,1,0,1,1,136,47,1.000000
ns3,35.0,145,1,1,0,1,137,47,1.000000
ns3,35.0,146,1,1,0,1,138,47,1.000000
ns3,35.0,147,1,1,0,1,139,47,1.000000
ns3,35.0,148,1,0,1,1,140,48,1.000000
ns3,35.0,149,1,1,0,1,141,48,1.000000
ns3,35.0,150,1,0,1,1,142,49,1.000000
ns3,35.0,151,1,1,0,1,143,49,1.000000
ns3,35.0,152,1,0,1,1,144,50,1.000000
ns3,35.0,153,0,1,0,1,144,50,1.000000
ns3,35.0,154,1,1,0,1,145,50,1.000000
ns3,35.0,155,1,1,0,1,146,50,1.000000
ns3,35.0,156,1,1,0,1,147,50,1.000000
ns3,35.0,157,1,0,1,1,148,51,1.000000
ns3,35.0,158,1,1,0,1,149,51,1.000000
ns3,35.0,159,1,0,1,1,150,52,1.000000
ns3,35.0,160,1,1,0,1,151,52,1.000000
ns3,35.0,161,1,1,0,1,152,52,1.000000
ns3,35.0,162,1,1,0,1,153,52,1.000000
ns3,35.0,163,1,0,1,1,154,53,1.000000
ns3,35.0,164,1,1,0,1,155,53,1.000000
ns3,35.0,165,1,0,1,1,156,54,1.000000
ns3,35.0,166,1,1,0,1,157,54,1.000000
ns3,35.0,167,0,1,0,1,157,54,1.000000
ns3,35.0,168,1,1,0,1,158,54,1.000000
ns3,35.0,169,1,1,0,1,159,54,1.000000
ns3,35.0,170,1,1,0,1,160,54,1.000000
ns3,35.0,171,1,0,1,1,161,55,1.000000
ns3,35.0,172,1,0,1,1,162,56,1.000000
ns3,35.0,173,1,1,0,1,163,56,1.000000
ns3,35.0,174,1,1,0,1,164,56,1.000000
ns3,35.0,175,1,0,1,1,165,57,1.000000
ns3,35.0,176,1,1,0,1,166,57,1.000000
ns3,35.0,177,1,1,0,1,167,57,1.000000
ns3,35.0,178,1,1,0,1,168,57,1.000000
ns3,35.0,179,1,0,1,1,169,58,1.000000
ns3,35.0,180,1,1,0,1,170,58,1.000000
ns3,35.0,181,1,1,0,1,171,58,1.000000
ns3,35.0,182,1,1,0,1,172,58,1.000000
ns3,35.0,183,1,0,1,1,173,59,1.000000
ns3,35.0,184,1,0,1,1,174,60,1.000000
ns3,35.0,185,1,0,1,1,175,61,1.000000
ns3,35.0,186,1,0,1,1,176,62,1.000000
ns3,35.0,187,1,0,1,1,177,63,1.000000
ns3,35.0,188,1,1,0,1,178,63,1.000000
ns3,35.0,189,1,0,1,1,179,64,1.000000
ns3,35.0,190,1,0,1,1,180,65,1.000000
ns3,35.0,191,1,0,1,1,181,66,1.000000
ns3,35.0,192,1,0,1,1,182,67,1.000000
ns3,35.0,193,1,1,0,1,183,67,1.000000
ns3,35.0,194,1,0,1,1,184,68,1.000000
ns3,35.0,195,1,0,1,1,185,69,1.000000
ns3,35.0,196,1,0,1,1,186,70,1.000000
ns3,35.0,197,1,0,1,1,187,71,1.000000
ns3,35.0,198,1,1,0,1,188,71,1.000000
ns3,35.0,199,1,1,0,1,189,71,1.000000
ns3,35.0,200,0,1,0,1,189,71,1.000000
ns3,35.0,201,1,1,0,1,190,71,1.000000
ns3,35.0,202,1,1,0,1,191,71,1.000000
ns3,35.0,203,1,1,0,1,192,71,1.000000
ns3,35.0,204,1,1,0,1,193,71,1.000000
ns3,35.0,205,1,1,0,1,194,71,1.000000
ns3,35.0,206,1,0,1,1,195,72,1.000000
ns3,35.0,207,1,1,0,1,196,72,1.000000
ns3,35.0,208,1,1,0,1,197,72,1.000000
ns3,35.0,209,1,0,1,1,198,73,1.000000
ns3,35.0,210,1,1,0,1,199,73,1.000000
ns3,35.0,211,1,0,1,1,200,74,1.000000
ns3,35.0,212,1,1,0,1,201,74,1.000000
ns3,35.0,213,0,0,0,1,201,74,1.000000
ns3,35.0,214,1,1,0,1,202,74,1.000000
ns3,35.0,215,1,0,1,1,203,75,1.000000
ns3,35.0,216,1,1,0,1,204,75,1.000000
ns3,35.0,217,1,1,0,1,205,75,1.000000
ns3,35.0,218,1,1,0,1,206,75,1.000000
ns3,35.0,219,1,1,0,1,207,75,1.000000
ns3,35.0,220,1,1,0,1,208,75,1.000000
ns3,35.0,221,1,0,1,1,209,76,1.000000
ns3,35.0,222,1,0,1,1,210,77,1.000000
ns3,35.0,223,1,0,1,1,211,78,1.000000
ns3,35.0,224,1,1,0,1,212,78,1.000000
ns3,35.0,225,1,0,1,1,213,79,1.000000
ns3,35.0,226,1,1,0,1,214,79,1.000000
ns3,35.0,227,1,0,1,1,215,80,1.000000
ns3,35.0,228,1,0,1,1,216,81,1.000000
ns3,35.0,229,1,0,1,1,217,82,1.000000
ns3,35.0,230,1,0,1,1,218,83,1.000000
ns3,35.0,231,1,1,0,1,219,83,1.000000
ns3,35.0,232,1,0,1,1,220,84,1.000000
ns3,35.0,233,1,1,0,1,221,84,1.000000
ns3,35.0,234,1,1,0,1,222,84,1.000000
ns3,35.0,235,0,1,0,1,222,84,1.000000
ns3,35.0,236,1,0,1,1,223,85,1.000000
ns3,35.0,237,1,1,0,1,224,85,1.000000
ns3,35.0,238,1,0,1,1,225,86,1.000000
ns3,35.0,239,1,1,0,1,226,86,1.000000
ns3,35.0,240,0,1,0,1,226,86,1.000000
ns3,35.0,241,0,0,0,1,226,86,1.000000
ns3,35.0,242,1,1,0,1,227,86,1.000000
ns3,35.0,243,1,1,0,1,228,86,1.000000
ns3,35.0,244,1,1,0,1,229,86,1.000000
ns3,35.0,245,1,0,1,1,230,87,1.000000
ns3,35.0,246,1,1,0,1,231,87,1.000000
ns3,35.0,247,1,1,0,1,232,87,1.000000
ns3,35.0,248,1,1,0,1,233,87,1.000000
ns3,35.0,249,1,1,0,1,234,87,1.000000
ns3,35.0,250,1,0,1,1,235,88,1.000000
ns3,35.0,251,1,1,0,1,236,88,1.000000
ns3,35.0,252,1,0,1,1,237,89,1.000000
ns3,35.0,253,1,0,1,1,238,90,1.000000
ns3,35.0,254,1,1,0,1,239,90,1.000000
ns3,35.0,255,1,1,0,1,240,90,1.000000
ns3,35.0,256,1,1,0,1,241,90,1.000000
ns3,35.0,257,1,0,1,1,242,91,1.000000
ns3,35.0,258,1,1,0,1,243,91,1.000000
ns3,35.0,259,1,1,0,1,244,91,1.000000
ns3,35.0,260,1,1,0,1,245,91,1.000000
ns3,35.0,261,1,1,0,1,246,91,1.000000
ns3,35.0,262,1,1,0,1,247,91,1.000000
ns3,35.0,263,1,1,0,1,248,91,1.000000
ns3,35.0,264,1,1,0,1,249,91,1.000000
ns3,35.0,265,1,0,1,1,250,92,1.000000
ns3,35.0,266,1,0,1,1,251,93,1.000000
ns3,35.0,267,1,1,0,1,252,93,1.000000
ns3,35.0,268,1,1,0,1,253,93,1.000000
ns3,35.0,269,1,1,0,1,254,93,1.000000
ns3,35.0,270,1,0,1,1,255,94,1.000000
ns3,35.0,271,1,1,0,1,256,94,1.000000
ns3,35.0,272,1,0,1,1,257,95,1.000000
ns3,35.0,273,1,1,0,1,258,95,1.000000
ns3,35.0,274,1,0,1,1,259,96,1.000000
ns3,35.0,275,1,1,0,1,260,96,1.000000
ns3,35.0,276,1,0,1,1,261,97,1.000000
ns3,35.0,277,1,1,0,1,262,97,1.000000
ns3,35.0,278,1,1,0,1,263,97,1.000000
ns3,35.0,279,1,0,1,1,264,98,1.000000
ns3,35.0,280,1,0,1,1,265,99,1.000000
ns3,35.0,281,1,0,1,1,266,100,1.000000
ns3,35.0,282,1,1,0,1,267,100,1.000000
ns3,35.0,283,1,1,0,1,268,100,1.000000
ns3,35.0,284,1,1,0,1,269,100,1.000000
ns3,35.0,285,1,1,0,1,270,100,1.000000
ns3,35.0,286,1,0,1,1,271,101,1.000000
ns3,35.0,287,1,1,0,1,272,101,1.000000
ns3,35.0,288,1,0,1,1,273,102,1.000000
ns3,35.0,289,1,0,1,1,274,103,1.000000
ns3,35.0,290,1,1,0,1,275,103,1.000000
ns3,35.0,291,0,1,0,1,275,103,1.000000
ns3,35.0,292,1,1,0,1,276,103,1.000000
ns3,35.0,293,1,1,0,1,277,103,1.000000
ns3,35.0,294,0,1,0,1,277,103,1.000000
ns3,35.0,295,0,0,0,1,277,103,1.000000
ns3,35.0,296,0,0,0,1,277,103,1.000000
ns3,35.0,297,1,0,1,1,278,104,1.000000
ns3,35.0,298,1,0,1,1,279,105,1.000000
ns3,35.0,299,1,0,1,1,280,106,1.000000
ns3,35.0,300,1,1,0,1,281,106,1.000000
ns3,35.0,301,1,0,1,1,282,107,1.000000
ns3,35.0,302,1,0,1,1,283,108,1.000000
ns3,35.0,303,1,1,0,1,284,108,1.000000
ns3,35.0,304,1,1,0,1,285,108,1.000000
ns3,35.0,305,1,1,0,1,286,108,1.000000
ns3,35.0,306,1,1,0,1,287,108,1.000000
ns3,35.0,307,1,0,1,1,288,109,1.000000
ns3,35.0,308,1,0,1,1,289,110,1.000000
ns3,35.0,309,1,0,1,1,290,111,1.000000
ns3,35.0,310,1,1,0,1,291,111,1.000000
ns3,35.0,311,1,0,1,1,292,112,1.000000
ns3,35.0,312,1,1,0,1,293,112,1.000000
ns3,35.0,313,1,1,0,1,294,112,1.000000
ns3,35.0,314,1,1,0,1,295,112,1.000000
ns3,35.0,315,1,0,1,1,296,113,1.000000
ns3,35.0,316,1,1,0,1,297,113,1.000000
ns3,35.0,317,1,0,1,1,298,114,1.000000
ns3,35.0,318,1,0,1,1,299,115,1.000000
ns3,35.0,319,0,0,0,1,299,115,1.000000
ns3,35.0,320,1,1,0,1,300,115,1.000000
ns3,35.0,321,1,0,1,1,301,116,1.000000
ns3,35.0,322,1,0,1,1,302,117,1.000000
ns3,35.0,323,1,1,0,1,303,117,1.000000
ns3,35.0,324,1,1,0,1,304,117,1.000000
ns3,35.0,325,0,1,0,1,304,117,1.000000
ns3,35.0,326,1,1,0,1,305,117,1.000000
ns3,35.0,327,1,0,1,1,306,118,1.000000
ns3,35.0,328,1,1,0,1,307,118,1.000000
ns3,35.0,329,1,1,0,1,308,118,1.000000
ns3,35.0,330,0,1,0,1,308,118,1.000000
ns3,35.0,331,1,1,0,1,309,118,1.000000
ns3,35.0,332,1,1,0,1,310,118,1.000000
ns3,35.0,333,1,1,0,1,311,118,1.000000
ns3,35.0,334,1,1,0,1,312,118,1.000000
ns3,35.0,335,1,1,0,1,313,118,1.000000
ns3,35.0,336,1,1,0,1,314,118,1.000000
ns3,35.0,337,1,0,1,1,315,119,1.000000
ns3,35.0,338,1,1,0,1,316,119,1.000000
ns3,35.0,339,1,1,0,1,317,119,1.000000
ns3,35.0,340,1,1,0,1,318,119,1.000000
ns3,35.0,341,1,0,1,1,319,120,1.000000
ns3,35.0,342,1,1,0,1,320,120,1.000000
ns3,35.0,343,1,0,1,1,321,121,1.000000
ns3,35.0,344,1,1,0,1,322,121,1.000000
ns3,35.0,345,1,1,0,1,323,121,1.000000
ns3,35.0,346,1,1,0,1,324,121,1.000000
ns3,35.0,347,1,1,0,1,325,121,1.000000
ns3,35.0,348,1,1,0,1,326,121,1.000000
ns3,35.0,349,1,1,0,1,327,121,1.000000
ns3,35.0,350,1,1,0,1,328,121,1.000000
ns3,35.0,351,1,0,1,1,329,122,1.000000
ns3,35.0,352,1,1,0,1,330,122,1.000000
ns3,35.0,353,1,1,0,1,331,122,1.000000
ns3,35.0,354,1,0,1,1,332,123,1.000000
ns3,35.0,355,0,1,0,1,332,123,1.000000
ns3,35.0,356,1,1,0,1,333,123,1.000000
ns3,35.0,357,1,0,1,1,334,124,1.000000
ns3,35.0,358,1,1,0,1,335,124,1.000000
ns3,35.0,359,1,1,0,1,336,124,1.000000
ns3,35.0,360,1,1,0,1,337,124,1.000000
ns3,35.0,361,1,1,0,1,338,124,1.000000
ns3,35.0,362,0,1,0,1,338,124,1.000000
ns3,35.0,363,1,1,0,1,339,124,1.000000
ns3,35.0,364,1,0,1,1,340,125,1.000000
ns3,35.0,365,1,1,0,1,341,125,1.000000
ns3,35.0,366,1,1,0,1,342,125,1.000000
ns3,35.0,367,0,1,0,1,342,125,1.000000
ns3,35.0,368,1,0,1,1,343,126,1.000000
ns3,35.0,369,1,1,0,1,344,126,1.000000
ns3,35.0,370,1,1,0,1,345,126,1.000000
ns3,35.0,371,1,0,1,1,346,127,1.000000
ns3,35.0,372,1,1,0,1,347,127,1.000000
ns3,35.0,373,1,1,0,1,348,127,1.000000
ns3,35.0,374,1,0,1,1,349,128,1.000000
ns3,35.0,375,1,1,0,1,350,128,1.000000
ns3,35.0,376,1,0,1,1,351,129,1.000000
ns3,35.0,377,1,0,1,1,352,130,1.000000
ns3,35.0,378,1,1,0,1,353,130,1.000000
ns3,35.0,379,1,1,0,1,354,130,1.000000
ns3,35.0,380,1,1,0,1,355,130,1.000000
ns3,35.0,381,1,1,0,1,356,130,1.000000
ns3,35.0,382,1,1,0,1,357,130,1.000000
ns3,35.0,383,1,1,0,1,358,130,1.000000
ns3,35.0,384,1,0,1,1,359,131,1.000000
ns3,35.0,385,1,0,1,1,360,132,1.000000
ns3,35.0,386,1,1,0,1,361,132,1.000000
ns3,35.0,387,1,0,1,1,362,133,1.000000
ns3,35.0,388,1,1,0,1,363,133,1.000000
ns3,35.0,389,1,0,1,1,364,134,1.000000
ns3,35.0,390,1,1,0,1,365,134,1.000000
ns3,35.0,391,1,0,1,1,366,135,1.000000
ns3,35.0,392,1,1,0,1,367,135,1.000000
ns3,35.0,393,1,1,0,1,368,135,1.000000
ns3,35.0,394,1,1,0,1,369,135,1.000000
ns3,35.0,395,1,0,1,1,370,136,1.000000
ns3,35.0,396,1,1,0,1,371,136,1.000000
ns3,35.0,397,1,1,0,1,372,136,1.000000
ns3,35.0,398,1,0,1,1,373,137,1.000000
ns3,35.0,399,1,0,1,1,374,138,1.000000
ns3,35.0,400,1,0,1,1,375,139,1.000000
ns3,40.0,1,1,1,0,0,1,0,0.000000
ns3,40.0,2,1,1,0,0,2,0,0.000000
ns3,40.0,3,1,0,1,1,3,1,0.703704
ns3,40.0,4,1,1,0,1,4,1,0.683594
ns3,40.0,5,1,0,1,1,5,2,0.922240
ns3,40.0,6,1,1,0,1,6,2,0.912209
ns3,40.0,7,1,0,1,1,7,3,0.980105
ns3,40.0,8,1,0,1,1,8,4,0.996094
ns3,40.0,9,1,0,1,1,9,5,0.999323
ns3,40.0,10,1,0,1,1,10,6,0.999895
ns3,40.0,11,1,0,1,1,11,7,0.999985
ns3,40.0,12,1,0,1,1,12,8,0.999998
ns3,40.0,13,1,0,1,1,13,9,1.000000
ns3,40.0,14,1,0,1,1,14,10,1.000000
ns3,40.0,15,1,1,0,1,15,10,1.000000
ns3,40.0,16,1,0,1,1,16,11,1.000000
ns3,40.0,17,1,0,1,1,17,12,1.000000
ns3,40.0,18,0,0,0,1,17,12,1.000000
ns3,40.0,19,0,0,0,1,17,12,1.000000
ns3,40.0,20,1,1,0,1,18,12,1.000000
ns3,40.0,21,1,1,0,1,19,12,1.000000
ns3,40.0,22,1,1,0,1,20,12,1.000000
ns3,40.0,23,1,0,1,1,21,13,1.000000
ns3,40.0,24,1,1,0,1,22,13,1.000000
ns3,40.0,25,1,1,0,1,23,13,1.000000
ns3,40.0,26,1,0,1,1,24,14,1.000000
ns3,40.0,27,1,0,1,1,25,15,1.000000
ns3,40.0,28,1,1,0,1,26,15,1.000000
ns3,40.0,29,1,0,1,1,27,16,1.000000
ns3,40.0,30,1,0,1,1,28,17,1.000000
ns3,40.0,31,1,0,1,1,29,18,1.000000
ns3,40.0,32,1,0,1,1,30,19,1.000000
ns3,40.0,33,1,1,0,1,31,19,1.000000
ns3,40.0,34,1,0,1,1,32,20,1.000000
ns3,40.0,35,1,1,0,1,33,20,1.000000
ns3,40.0,36,1,0,1,1,34,21,1.000000
ns3,40.0,37,1,1,0,1,35,21,1.000000
ns3,40.0,38,1,0,1,1,36,22,1.000000
ns3,40.0,39,1,1,0,1,37,22,1.000000
ns3,40.0,40,1,1,0,1,38,22,1.000000
ns3,40.0,41,1,1,0,1,39,22,1.000000
ns3,40.0,42,1,0,1,1,40,23,1.000000
ns3,40.0,43,1,0,1,1,41,24,1.000000
ns3,40.0,44,1,0,1,1,42,25,1.000000
ns3,40.0,45,1,0,1,1,43,26,1.000000
ns3,40.0,46,1,1,0,1,44,26,1.000000
ns3,40.0,47,1,0,1,1,45,27,1.000000
ns3,40.0,48,1,1,0,1,46,27,1.000000
ns3,40.0,49,1,0,1,1,47,28,1.000000
ns3,40.0,50,1,0,1,1,48,29,1.000000
ns3,40.0,51,1,0,1,1,49,30,1.000000
ns3,40.0,52,1,0,1,1,50,31,1.000000
ns3,40.0,53,1,1,0,1,51,31,1.000000
ns3,40.0,54,1,1,0,1,52,31,1.000000
ns3,40.0,55,1,0,1,1,53,32,1.000000
ns3,40.0,56,0,0,0,1,53,32,1.000000
ns3,40.0,57,1,1,0,1,54,32,1.000000
ns3,40.0,58,1,0,1,1,55,33,1.000000
ns3,40.0,59,1,0,1,1,56,34,1.000000
ns3,40.0,60,1,1,0,1,57,34,1.000000
ns3,40.0,61,1,1,0,1,58,34,1.000000
ns3,40.0,62,0,0,0,1,58,34,1.000000
ns3,40.0,63,1,0,1,1,59,35,1.000000
ns3,40.0,64,1,0,1,1,60,36,1.000000
ns3,40.0,65,1,0,1,1,61,37,1.000000
ns3,40.0,66,1,1,0,1,62,37,1.000000
ns3,40.0,67,1,0,1,1,63,38,1.000000
ns3,40.0,68,1,0,1,1,64,39,1.000000
ns3,40.0,69,1,1,0,1,65,39,1.000000
ns3,40.0,70,1,1,0,1,66,39,1.000000
ns3,40.0,71,1,1,0,1,67,39,1.000000
ns3,40.0,72,1,0,1,1,68,40,1.000000
ns3,40.0,73,1,1,0,1,69,40,1.000000
ns3,40.0,74,0,1,0,1,69,40,1.000000
ns3,40.0,75,1,0,1,1,70,41,1.000000
ns3,40.0,76,1,1,0,1,71,41,1.000000
ns3,40.0,77,1,1,0,1,72,41,1.000000
ns3,40.0,78,1,1,0,1,73,41,1.000000
ns3,40.0,79,1,0,1,1,74,42,1.000000
ns3,40.0,80,1,0,1,1,75,43,1.000000
ns3,40.0,81,1,1,0,1,76,43,1.000000
ns3,40.0,82,1,0,1,1,77,44,1.000000
ns3,40.0,83,1,1,0,1,78,44,1.000000
ns3,40.0,84,1,1,0,1,79,44,1.000000
ns3,40.0,85,1,0,1,1,80,45,1.000000
ns3,40.0,86,1,1,0,1,81,45,1.000000
ns3,40.0,87,1,0,1,1,82,46,1.000000
ns3,40.0,88,1,0,1,1,83,47,1.000000
ns3,40.0,89,1,0,1,1,84,48,1.000000
ns3,40.0,90,1,0,1,1,85,49,1.000000
ns3,40.0,91,0,0,0,1,85,49,1.000000
ns3,40.0,92,1,1,0,1,86,49,1.000000
ns3,40.0,93,1,1,0,1,87,49,1.000000
ns3,40.0,94,1,0,1,1,88,50,1.000000
ns3,40.0,95,1,1,0,1,89,50,1.000000
ns3,40.0,96,1,1,0,1,90,50,1.000000
ns3,40.0,97,1,1,0,1,91,50,1.000000
ns3,40.0,98,1,1,0,1,92,50,1.000000
ns3,40.0,99,1,0,1,1,93,51,1.000000
ns3,40.0,100,1,0,1,1,94,52,1.000000
ns3,40.0,101,1,0,1,1,95,53,1.000000
ns3,40.0,102,1,1,0,1,96,53,1.000000
ns3,40.0,103,1,0,1,1,97,54,1.000000
ns3,40.0,104,1,0,1,1,98,55,1.000000
ns3,40.0,105,1,1,0,1,99,55,1.000000
ns3,40.0,106,1,1,0,1,100,55,1.000000
ns3,40.0,107,1,0,1,1,101,56,1.000000
ns3,40.0,108,1,1,0,1,102,56,1.000000
ns3,40.0,109,0,1,0,1,102,56,1.000000
ns3,40.0,110,1,0,1,1,103,57,1.000000
ns3,40.0,111,1,0,1,1,104,58,1.000000
ns3,40.0,112,1,0,1,1,105,59,1.000000
ns3,40.0,113,1,0,1,1,106,60,1.000000
ns3,40.0,114,1,0,1,1,107,61,1.000000
ns3,40.0,115,1,1,0,1,108,61,1.000000
ns3,40.0,116,1,0,1,1,109,62,1.000000
ns3,40.0,117,1,0,1,1,110,63,1.000000
ns3,40.0,118,1,0,1,1,111,64,1.000000
ns3,40.0,119,1,1,0,1,112,64,1.000000
ns3,40.0,120,1,1,0,1,113,64,1.000000
ns3,40.0,121,1,0,1,1,114,65,1.000000
ns3,40.0,122,1,1,0,1,115,65,1.000000
ns3,40.0,123,1,0,1,1,116,66,1.000000
ns3,40.0,124,1,1,0,1,117,66,1.000000
ns3,40.0,125,1,0,1,1,118,67,1.000000
ns3,40.0,126,1,1,0,1,119,67,1.000000
ns3,40.0,127,1,0,1,1,120,68,1.000000
ns3,40.0,128,1,1,0,1,121,68,1.000000
ns3,40.0,129,1,0,1,1,122,69,1.000000
ns3,40.0,130,1,1,0,1,123,69,1.000000
ns3,40.0,131,1,1,0,1,124,69,1.000000
ns3,40.0,132,1,0,1,1,125,70,1.000000
ns3,40.0,133,1,1,0,1,126,70,1.000000
ns3,40.0,134,1,0,1,1,127,71,1.000000
ns3,40.0,135,1,1,0,1,128,71,1.000000
ns3,40.0,136,1,0,1,1,129,72,1.000000
ns3,40.0,137,1,0,1,1,130,73,1.000000
ns3,40.0,138,0,0,0,1,130,73,1.000000
ns3,40.0,139,1,0,1,1,131,74,1.000000
ns3,40.0,140,1,0,1,1,132,75,1.000000
ns3,40.0,141,1,0,1,1,133,76,1.000000
ns3,40.0,142,1,0,1,1,134,77,1.000000
ns3,40.0,143,1,1,0,1,135,77,1.000000
ns3,40.0,144,1,0,1,1,136,78,1.000000
ns3,40.0,145,1,1,0,1,137,78,1.000000
ns3,40.0,146,1,1,0,1,138,78,1.000000
ns3,40.0,147,1,1,0,1,139,78,1.000000
ns3,40.0,148,1,0,1,1,140,79,1.000000
ns3,40.0,149,1,1,0,1,141,79,1.000000
ns3,40.0,150,1,0,1,1,142,80,1.000000
ns3,40.0,151,1,1,0,1,143,80,1.000000
ns3,40.0,152,1,0,1,1,144,81,1.000000
ns3,40.0,153,0,1,0,1,144,81,1.000000
ns3,40.0,154,1,1,0,1,145,81,1.000000
ns3,40.0,155,1,1,0,1,146,81,1.000000
ns3,40.0,156,1,0,1,1,147,82,1.000000
ns3,40.0,157,1,0,1,1,148,83,1.000000
ns3,40.0,158,1,0,1,1,149,84,1.000000
ns3,40.0,159,1,1,0,1,150,84,1.000000
ns3,40.0,160,1,0,1,1,151,85,1.000000
ns3,40.0,161,1,1,0,1,152,85,1.000000
ns3,40.0,162,1,1,0,1,153,85,1.000000
ns3,40.0,163,1,1,0,1,154,85,1.000000
ns3,40.0,164,1,0,1,1,155,86,1.000000
ns3,40.0,165,1,1,0,1,156,86,1.000000
ns3,40.0,166,1,1,0,1,157,86,1.000000
ns3,40.0,167,1,1,0,1,158,86,1.000000
ns3,40.0,168,1,0,1,1,159,87,1.000000
ns3,40.0,169,1,0,1,1,160,88,1.000000
ns3,40.0,170,1,1,0,1,161,88,1.000000
ns3,40.0,171,1,1,0,1,162,88,1.000000
ns3,40.0,172,1,0,1,1,163,89,1.000000
ns3,40.0,173,1,1,0,1,164,89,1.000000
ns3,40.0,174,1,1,0,1,165,89,1.000000
ns3,40.0,175,1,0,1,1,166,90,1.000000
ns3,40.0,176,1,0,1,1,167,91,1.000000
ns3,40.0,177,1,1,0,1,168,91,1.000000
ns3,40.0,178,1,0,1,1,169,92,1.000000
ns3,40.0,179,1,0,1,1,170,93,1.000000
ns3,40.0,180,1,1,0,1,171,93,1.000000
ns3,40.0,181,1,0,1,1,172,94,1.000000
ns3,40.0,182,1,0,1,1,173,95,1.000000
ns3,40.0,183,1,0,1,1,174,96,1.000000
ns3,40.0,184,1,1,0,1,175,96,1.000000
ns3,40.0,185,1,1,0,1,176,96,1.000000
ns3,40.0,186,1,0,1,1,177,97,1.000000
ns3,40.0,187,1,0,1,1,178,98,1.000000
ns3,40.0,188,1,0,1,1,179,99,1.000000
ns3,40.0,189,1,1,0,1,180,99,1.000000
ns3,40.0,190,1,0,1,1,181,100,1.000000
ns3,40.0,191,1,1,0,1,182,100,1.000000
ns3,40.0,192,0,0,0,1,182,100,1.000000
ns3,40.0,193,1,1,0,1,183,100,1.000000
ns3,40.0,194,1,0,1,1,184,101,1.000000
ns3,40.0,195,1,1,0,1,185,101,1.000000
ns3,40.0,196,1,0,1,1,186,102,1.000000
ns3,40.0,197,1,0,1,1,187,103,1.000000
ns3,40.0,198,1,0,1,1,188,104,1.000000
ns3,40.0,199,1,0,1,1,189,105,1.000000
ns3,40.0,200,1,0,1,1,190,106,1.000000
ns3,40.0,201,1,1,0,1,191,106,1.000000
ns3,40.0,202,1,0,1,1,192,107,1.000000
ns3,40.0,203,1,0,1,1,193,108,1.000000
ns3,40.0,204,0,1,0,1,193,108,1.000000
ns3,40.0,205,1,0,1,1,194,109,1.000000
ns3,40.0,206,1,0,1,1,195,110,1.000000
ns3,40.0,207,1,0,1,1,196,111,1.000000
ns3,40.0,208,1,0,1,1,197,112,1.000000
ns3,40.0,209,1,1,0,1,198,112,1.000000
ns3,40.0,210,1,0,1,1,199,113,1.000000
ns3,40.0,211,1,1,0,1,200,113,1.000000
ns3,40.0,212,1,0,1,1,201,114,1.000000
ns3,40.0,213,1,0,1,1,202,115,1.000000
ns3,40.0,214,1,1,0,1,203,115,1.000000
ns3,40.0,215,1,0,1,1,204,116,1.000000
ns3,40.0,216,1,0,1,1,205,117,1.000000
ns3,40.0,217,1,0,1,1,206,118,1.000000
ns3,40.0,218,1,1,0,1,207,118,1.000000
ns3,40.0,219,1,0,1,1,208,119,1.000000
ns3,40.0,220,1,1,0,1,209,119,1.000000
ns3,40.0,221,1,1,0,1,210,119,1.000000
ns3,40.0,222,1,1,0,1,211,119,1.000000
ns3,40.0,223,0,1,0,1,211,119,1.000000
ns3,40.0,224,1,0,1,1,212,120,1.000000
ns3,40.0,225,1,1,0,1,213,120,1.000000
ns3,40.0,226,1,0,1,1,214,121,1.000000
ns3,40.0,227,1,1,0,1,215,121,1.000000
ns3,40.0,228,1,0,1,1,216,122,1.000000
ns3,40.0,229,1,0,1,1,217,123,1.000000
ns3,40.0,230,1,0,1,1,218,124,1.000000
ns3,40.0,231,1,0,1,1,219,125,1.000000
ns3,40.0,232,1,1,0,1,220,125,1.000000
ns3,40.0,233,1,1,0,1,221,125,1.000000
ns3,40.0,234,1,1,0,1,222,125,1.000000
ns3,40.0,235,1,0,1,1,223,126,1.000000
ns3,40.0,236,1,1,0,1,224,126,1.000000
ns3,40.0,237,1,1,0,1,225,126,1.000000
ns3,40.0,238,1,1,0,1,226,126,1.000000
ns3,40.0,239,1,0,1,1,227,127,1.000000
ns3,40.0,240,1,1,0,1,228,127,1.000000
ns3,40.0,241,1,1,0,1,229,127,1.000000
ns3,40.0,242,1,0,1,1,230,128,1.000000
ns3,40.0,243,1,0,1,1,231,129,1.000000
ns3,40.0,244,1,0,1,1,232,130,1.000000
ns3,40.0,245,1,1,0,1,233,130,1.000000
ns3,40.0,246,1,1,0,1,234,130,1.000000
ns3,40.0,247,1,1,0,1,235,130,1.000000
ns3,40.0,248,1,0,1,1,236,131,1.000000
ns3,40.0,249,1,1,0,1,237,131,1.000000
ns3,40.0,250,1,1,0,1,238,131,1.000000
ns3,40.0,251,1,1,0,1,239,131,1.000000
ns3,40.0,252,1,0,1,1,240,132,1.000000
ns3,40.0,253,1,1,0,1,241,132,1.000000
ns3,40.0,254,1,1,0,1,242,132,1.000000
ns3,40.0,255,1,0,1,1,243,133,1.000000
ns3,40.0,256,1,0,1,1,244,134,1.000000
ns3,40.0,257,1,0,1,1,245,135,1.000000
ns3,40.0,258,1,1,0,1,246,135,1.000000
ns3,40.0,259,1,0,1,1,247,136,1.000000
ns3,40.0,260,1,1,0,1,248,136,1.000000
ns3,40.0,261,1,0,1,1,249,137,1.000000
ns3,40.0,262,1,1,0,1,250,137,1.000000
ns3,40.0,263,1,1,0,1,251,137,1.000000
ns3,40.0,264,1,1,0,1,252,137,1.000000
ns3,40.0,265,1,1,0,1,253,137,1.000000
ns3,40.0,266,1,0,1,1,254,138,1.000000
ns3,40.0,267,1,1,0,1,255,138,1.000000
ns3,40.0,268,1,0,1,1,256,139,1.000000
ns3,40.0,269,1,1,0,1,257,139,1.000000
ns3,40.0,270,1,1,0,1,258,139,1.000000
ns3,40.0,271,1,1,0,1,259,139,1.000000
ns3,40.0,272,1,0,1,1,260,140,1.000000
ns3,40.0,273,1,1,0,1,261,140,1.000000
ns3,40.0,274,1,0,1,1,262,141,1.000000
ns3,40.0,275,1,0,1,1,263,142,1.000000
ns3,40.0,276,1,1,0,1,264,142,1.000000
ns3,40.0,277,1,1,0,1,265,142,1.000000
ns3,40.0,278,1,0,1,1,266,143,1.000000
ns3,40.0,279,1,1,0,1,267,143,1.000000
ns3,40.0,280,1,1,0,1,268,143,1.000000
ns3,40.0,281,1,0,1,1,269,144,1.000000
ns3,40.0,282,1,1,0,1,270,144,1.000000
ns3,40.0,283,1,1,0,1,271,144,1.000000
ns3,40.0,284,1,0,1,1,272,145,1.000000
ns3,40.0,285,1,0,1,1,273,146,1.000000
ns3,40.0,286,0,0,0,1,273,146,1.000000
ns3,40.0,287,1,1,0,1,274,146,1.000000
ns3,40.0,288,1,1,0,1,275,146,1.000000
ns3,40.0,289,0,0,0,1,275,146,1.000000
ns3,40.0,290,1,0,1,1,276,147,1.000000
ns3,40.0,291,1,0,1,1,277,148,1.000000
ns3,40.0,292,1,1,0,1,278,148,1.000000
ns3,40.0,293,1,0,1,1,279,149,1.000000
ns3,40.0,294,1,1,0,1,280,149,1.000000
ns3,40.0,295,1,0,1,1,281,150,1.000000
ns3,40.0,296,0,0,0,1,281,150,1.000000
ns3,40.0,297,1,1,0,1,282,150,1.000000
ns3,40.0,298,1,0,1,1,283,151,1.000000
ns3,40.0,299,1,0,1,1,284,152,1.000000
ns3,40.0,300,1,1,0,1,285,152,1.000000
ns3,40.0,301,1,0,1,1,286,153,1.000000
ns3,40.0,302,1,1,0,1,287,153,1.000000
ns3,40.0,303,1,0,1,1,288,154,1.000000
ns3,40.0,304,1,1,0,1,289,154,1.000000
ns3,40.0,305,1,0,1,1,290,155,1.000000
ns3,40.0,306,1,0,1,1,291,156,1.000000
ns3,40.0,307,1,0,1,1,292,157,1.000000
ns3,40.0,308,1,0,1,1,293,158,1.000000
ns3,40.0,309,0,1,0,1,293,158,1.000000
ns3,40.0,310,1,1,0,1,294,158,1.000000
ns3,40.0,311,1,1,0,1,295,158,1.000000
ns3,40.0,312,1,0,1,1,296,159,1.000000
ns3,40.0,313,1,0,1,1,297,160,1.000000
ns3,40.0,314,1,1,0,1,298,160,1.000000
ns3,40.0,315,1,0,1,1,299,161,1.000000
ns3,40.0,316,1,1,0,1,300,161,1.000000
ns3,40.0,317,1,0,1,1,301,162,1.000000
ns3,40.0,318,1,0,1,1,302,163,1.000000
ns3,40.0,319,0,0,0,1,302,163,1.000000
ns3,40.0,320,1,0,1,1,303,164,1.000000
ns3,40.0,321,1,0,1,1,304,165,1.000000
ns3,40.0,322,1,0,1,1,305,166,1.000000
ns3,40.0,323,1,0,1,1,306,167,1.000000
ns3,40.0,324,1,0,1,1,307,168,1.000000
ns3,40.0,325,1,0,1,1,308,169,1.000000
ns3,40.0,326,1,1,0,1,309,169,1.000000
ns3,40.0,327,1,1,0,1,310,169,1.000000
ns3,40.0,328,1,0,1,1,311,170,1.000000
ns3,40.0,329,1,1,0,1,312,170,1.000000
ns3,40.0,330,1,0,1,1,313,171,1.000000
ns3,40.0,331,1,1,0,1,314,171,1.000000
ns3,40.0,332,0,1,0,1,314,171,1.000000
ns3,40.0,333,1,0,1,1,315,172,1.000000
ns3,40.0,334,0,1,0,1,315,172,1.000000
ns3,40.0,335,1,1,0,1,316,172,1.000000
ns3,40.0,336,1,1,0,1,317,172,1.000000
ns3,40.0,337,1,1,0,1,318,172,1.000000
ns3,40.0,338,1,1,0,1,319,172,1.000000
ns3,40.0,339,1,0,1,1,320,173,1.000000
ns3,40.0,340,1,0,1,1,321,174,1.000000
ns3,40.0,341,1,1,0,1,322,174,1.000000
ns3,40.0,342,1,0,1,1,323,175,1.000000
ns3,40.0,343,1,0,1,1,324,176,1.000000
ns3,40.0,344,1,1,0,1,325,176,1.000000
ns3,40.0,345,1,0,1,1,326,177,1.000000
ns3,40.0,346,1,1,0,1,327,177,1.000000
ns3,40.0,347,1,1,0,1,328,177,1.000000
ns3,40.0,348,0,1,0,1,328,177,1.000000
ns3,40.0,349,1,1,0,1,329,177,1.000000
ns3,40.0,350,1,1,0,1,330,177,1.000000
ns3,40.0,351,1,1,0,1,331,177,1.000000
ns3,40.0,352,1,1,0,1,332,177,1.000000
ns3,40.0,353,0,0,0,1,332,177,1.000000
ns3,40.0,354,1,1,0,1,333,177,1.000000
ns3,40.0,355,1,0,1,1,334,178,1.000000
ns3,40.0,356,1,0,1,1,335,179,1.000000
ns3,40.0,357,1,0,1,1,336,180,1.000000
ns3,40.0,358,1,0,1,1,337,181,1.000000
ns3,40.0,359,1,0,1,1,338,182,1.000000
ns3,40.0,360,1,1,0,1,339,182,1.000000
ns3,40.0,361,0,1,0,1,339,182,1.000000
ns3,40.0,362,1,1,0,1,340,182,1.000000
ns3,40.0,363,1,1,0,1,341,182,1.000000
ns3,40.0,364,1,0,1,1,342,183,1.000000
ns3,40.0,365,1,1,0,1,343,183,1.000000
ns3,40.0,366,1,0,1,1,344,184,1.000000
ns3,40.0,367,1,1,0,1,345,184,1.000000
ns3,40.0,368,1,1,0,1,346,184,1.000000
ns3,40.0,369,1,1,0,1,347,184,1.000000
ns3,40.0,370,1,1,0,1,348,184,1.000000
ns3,40.0,371,1,0,1,1,349,185,1.000000
ns3,40.0,372,1,1,0,1,350,185,1.000000
ns3,40.0,373,1,0,1,1,351,186,1.000000
ns3,40.0,374,1,0,1,1,352,187,1.000000
ns3,40.0,375,1,1,0,1,353,187,1.000000
ns3,40.0,376,1,1,0,1,354,187,1.000000
ns3,40.0,377,1,0,1,1,355,188,1.000000
ns3,40.0,378,1,1,0,1,356,188,1.000000
ns3,40.0,379,0,0,0,1,356,188,1.000000
ns3,40.0,380,1,0,1,1,357,189,1.000000
ns3,40.0,381,1,0,1,1,358,190,1.000000
ns3,40.0,382,1,0,1,1,359,191,1.000000
ns3,40.0,383,1,0,1,1,360,192,1.000000
ns3,40.0,384,1,0,1,1,361,193,1.000000
ns3,40.0,385,1,1,0,1,362,193,1.000000
ns3,40.0,386,1,0,1,1,363,194,1.000000
ns3,40.0,387,1,1,0,1,364,194,1.000000
ns3,40.0,388,0,1,0,1,364,194,1.000000
ns3,40.0,389,1,0,1,1,365,195,1.000000
ns3,40.0,390,1,0,1,1,366,196,1.000000
ns3,40.0,391,1,1,0,1,367,196,1.000000
ns3,40.0,392,1,0,1,1,368,197,1.000000
ns3,40.0,393,1,1,0,1,369,197,1.000000
ns3,40.0,394,1,0,1,1,370,198,1.000000
ns3,40.0,395,1,0,1,1,371,199,1.000000
ns3,40.0,396,1,0,1,1,372,200,1.000000
ns3,40.0,397,1,1,0,1,373,200,1.000000
ns3,40.0,398,1,1,0,1,374,200,1.000000
ns3,40.0,399,1,0,1,1,375,201,1.000000
ns3,40.0,400,1,0,1,1,376,202,1.000000
ns3,45.0,1,0,1,0,0,0,0,0.000000
ns3,45.0,2,0,0,0,0,0,0,0.000000
ns3,45.0,3,1,1,0,0,1,0,0.000000
ns3,45.0,4,1,1,0,0,2,0,0.000000
ns3,45.0,5,1,0,1,1,3,1,0.703704
ns3,45.0,6,1,0,1,1,4,2,0.937500
ns3,45.0,7,1,1,0,1,5,2,0.922240
ns3,45.0,8,1,1,0,1,6,2,0.912209
ns3,45.0,9,1,0,1,1,7,3,0.980105
ns3,45.0,10,1,1,0,1,8,3,0.976717
ns3,45.0,11,1,0,1,1,9,4,0.994959
ns3,45.0,12,1,0,1,1,10,5,0.999023
ns3,45.0,13,1,1,0,1,11,5,0.998728
ns3,45.0,14,1,0,1,1,12,6,0.999756
ns3,45.0,15,1,1,0,1,13,6,0.999680
ns3,45.0,16,1,1,0,1,14,6,0.999604
ns3,45.0,17,1,1,0,1,15,6,0.999530
ns3,45.0,18,1,1,0,1,16,6,0.999458
ns3,45.0,19,1,1,0,1,17,6,0.999389
ns3,45.0,20,1,1,0,1,18,6,0.999323
ns3,45.0,21,1,0,1,1,19,7,0.999839
ns3,45.0,22,1,0,1,1,20,8,0.999963
ns3,45.0,23,1,0,1,1,21,9,0.999992
ns3,45.0,24,1,1,0,1,22,9,0.999991
ns3,45.0,25,1,0,1,1,23,10,0.999998
ns3,45.0,26,1,0,1,1,24,11,1.000000
ns3,45.0,27,1,0,1,1,25,12,1.000000
ns3,45.0,28,1,1,0,1,26,12,1.000000
ns3,45.0,29,1,0,1,1,27,13,1.000000
ns3,45.0,30,1,0,1,1,28,14,1.000000
ns3,45.0,31,1,1,0,1,29,14,1.000000
ns3,45.0,32,1,0,1,1,30,15,1.000000
ns3,45.0,33,1,1,0,1,31,15,1.000000
ns3,45.0,34,1,0,1,1,32,16,1.000000
ns3,45.0,35,1,0,1,1,33,17,1.000000
ns3,45.0,36,1,0,1,1,34,18,1.000000
ns3,45.0,37,1,0,1,1,35,19,1.000000
ns3,45.0,38,1,1,0,1,36,19,1.000000
ns3,45.0,39,1,0,1,1,37,20,1.000000
ns3,45.0,40,1,0,1,1,38,21,1.000000
ns3,45.0,41,0,1,0,1,38,21,1.000000
ns3,45.0,42,1,1,0,1,39,21,1.000000
ns3,45.0,43,1,1,0,1,40,21,1.000000
ns3,45.0,44,1,0,1,1,41,22,1.000000
ns3,45.0,45,1,1,0,1,42,22,1.000000
ns3,45.0,46,1,0,1,1,43,23,1.000000
ns3,45.0,47,1,1,0,1,44,23,1.000000
ns3,45.0,48,1,0,1,1,45,24,1.000000
ns3,45.0,49,1,0,1,1,46,25,1.000000
ns3,45.0,50,1,0,1,1,47,26,1.000000
ns3,45.0,51,1,0,1,1,48,27,1.000000
ns3,45.0,52,1,0,1,1,49,28,1.000000
ns3,45.0,53,1,1,0,1,50,28,1.000000
ns3,45.0,54,1,0,1,1,51,29,1.000000
ns3,45.0,55,1,0,1,1,52,30,1.000000
ns3,45.0,56,1,0,1,1,53,31,1.000000
ns3,45.0,57,1,1,0,1,54,31,1.000000
ns3,45.0,58,1,0,1,1,55,32,1.000000
ns3,45.0,59,1,0,1,1,56,33,1.000000
ns3,45.0,60,1,0,1,1,57,34,1.000000
ns3,45.0,61,0,1,0,1,57,34,1.000000
ns3,45.0,62,1,0,1,1,58,35,1.000000
ns3,45.0,63,1,1,0,1,59,35,1.000000
ns3,45.0,64,1,0,1,1,60,36,1.000000
ns3,45.0,65,1,0,1,1,61,37,1.000000
ns3,45.0,66,1,1,0,1,62,37,1.000000
ns3,45.0,67,1,0,1,1,63,38,1.000000
ns3,45.0,68,1,0,1,1,64,39,1.000000
ns3,45.0,69,1,0,1,1,65,40,1.000000
ns3,45.0,70,1,0,1,1,66,41,1.000000
ns3,45.0,71,1,0,1,1,67,42,1.000000
ns3,45.0,72,0,1,0,1,67,42,1.000000
ns3,45.0,73,1,0,1,1,68,43,1.000000
ns3,45.0,74,1,1,0,1,69,43,1.000000
ns3,45.0,75,1,0,1,1,70,44,1.000000
ns3,45.0,76,1,0,1,1,71,45,1.000000
ns3,45.0,77,1,0,1,1,72,46,1.000000
ns3,45.0,78,1,0,1,1,73,47,1.000000
ns3,45.0,79,1,0,1,1,74,48,1.000000
ns3,45.0,80,1,0,1,1,75,49,1.000000
ns3,45.0,81,1,0,1,1,76,50,1.000000
ns3,45.0,82,1,0,1,1,77,51,1.000000
ns3,45.0,83,1,1,0,1,78,51,1.000000
ns3,45.0,84,1,1,0,1,79,51,1.000000
ns3,45.0,85,1,1,0,1,80,51,1.000000
ns3,45.0,86,1,1,0,1,81,51,1.000000
ns3,45.0,87,1,0,1,1,82,52,1.000000
ns3,45.0,88,1,0,1,1,83,53,1.000000
ns3,45.0,89,1,0,1,1,84,54,1.000000
ns3,45.0,90,1,0,1,1,85,55,1.000000
ns3,45.0,91,1,0,1,1,86,56,1.000000
ns3,45.0,92,1,0,1,1,87,57,1.000000
ns3,45.0,93,1,0,1,1,88,58,1.000000
ns3,45.0,94,1,0,1,1,89,59,1.000000
ns3,45.0,95,1,1,0,1,90,59,1.000000
ns3,45.0,96,1,0,1,1,91,60,1.000000
ns3,45.0,97,1,0,1,1,92,61,1.000000
ns3,45.0,98,1,0,1,1,93,62,1.000000
ns3,45.0,99,1,0,1,1,94,63,1.000000
ns3,45.0,100,1,0,1,1,95,64,1.000000
ns3,45.0,101,1,1,0,1,96,64,1.000000
ns3,45.0,102,1,1,0,1,97,64,1.000000
ns3,45.0,103,1,0,1,1,98,65,1.000000
ns3,45.0,104,1,0,1,1,99,66,1.000000
ns3,45.0,105,1,0,1,1,100,67,1.000000
ns3,45.0,106,1,0,1,1,101,68,1.000000
ns3,45.0,107,1,0,1,1,102,69,1.000000
ns3,45.0,108,1,0,1,1,103,70,1.000000
ns3,45.0,109,1,1,0,1,104,70,1.000000
ns3,45.0,110,1,0,1,1,105,71,1.000000
ns3,45.0,111,1,0,1,1,106,72,1.000000
ns3,45.0,112,1,0,1,1,107,73,1.000000
ns3,45.0,113,1,1,0,1,108,73,1.000000
ns3,45.0,114,1,1,0,1,109,73,1.000000
ns3,45.0,115,1,0,1,1,110,74,1.000000
ns3,45.0,116,1,0,1,1,111,75,1.000000
ns3,45.0,117,1,0,1,1,112,76,1.000000
ns3,45.0,118,1,0,1,1,113,77,1.000000
ns3,45.0,119,1,0,1,1,114,78,1.000000
ns3,45.0,120,1,0,1,1,115,79,1.000000
ns3,45.0,121,1,1,0,1,116,79,1.000000
ns3,45.0,122,1,0,1,1,117,80,1.000000
ns3,45.0,123,1,0,1,1,118,81,1.000000
ns3,45.0,124,1,1,0,1,119,81,1.000000
ns3,45.0,125,1,1,0,1,120,81,1.000000
ns3,45.0,126,1,0,1,1,121,82,1.000000
ns3,45.0,127,1,0,1,1,122,83,1.000000
ns3,45.0,128,1,0,1,1,123,84,1.000000
ns3,45.0,129,0,0,0,1,123,84,1.000000
ns3,45.0,130,1,1,0,1,124,84,1.000000
ns3,45.0,131,1,0,1,1,125,85,1.000000
ns3,45.0,132,1,0,1,1,126,86,1.000000
ns3,45.0,133,1,0,1,1,127,87,1.000000
ns3,45.0,134,1,0,1,1,128,88,1.000000
ns3,45.0,135,1,0,1,1,129,89,1.000000
ns3,45.0,136,1,0,1,1,130,90,1.000000
ns3,45.0,137,1,1,0,1,131,90,1.000000
ns3,45.0,138,1,0,1,1,132,91,1.000000
ns3,45.0,139,1,1,0,1,133,91,1.000000
ns3,45.0,140,1,0,1,1,134,92,1.000000
ns3,45.0,141,0,1,0,1,134,92,1.000000
ns3,45.0,142,1,0,1,1,135,93,1.000000
ns3,45.0,143,1,0,1,1,136,94,1.000000
ns3,45.0,144,1,1,0,1,137,94,1.000000
ns3,45.0,145,1,1,0,1,138,94,1.000000
ns3,45.0,146,1,0,1,1,139,95,1.000000
ns3,45.0,147,1,0,1,1,140,96,1.000000
ns3,45.0,148,1,1,0,1,141,96,1.000000
ns3,45.0,149,1,0,1,1,142,97,1.000000
ns3,45.0,150,1,0,1,1,143,98,1.000000
ns3,45.0,151,1,1,0,1,144,98,1.000000
ns3,45.0,152,0,0,0,1,144,98,1.000000
ns3,45.0,153,1,0,1,1,145,99,1.000000
ns3,45.0,154,1,1,0,1,146,99,1.000000
ns3,45.0,155,1,0,1,1,147,100,1.000000
ns3,45.0,156,1,0,1,1,148,101,1.000000
ns3,45.0,157,1,1,0,1,149,101,1.000000
ns3,45.0,158,1,1,0,1,150,101,1.000000
ns3,45.0,159,1,0,1,1,151,102,1.000000
ns3,45.0,160,1,0,1,1,152,103,1.000000
ns3,45.0,161,1,0,1,1,153,104,1.000000
ns3,45.0,162,1,0,1,1,154,105,1.000000
ns3,45.0,163,1,1,0,1,155,105,1.000000
ns3,45.0,164,1,1,0,1,156,105,1.000000
ns3,45.0,165,1,0,1,1,157,106,1.000000
ns3,45.0,166,1,0,1,1,158,107,1.000000
ns3,45.0,167,1,0,1,1,159,108,1.000000
ns3,45.0,168,1,1,0,1,160,108,1.000000
ns3,45.0,169,1,1,0,1,161,108,1.000000
ns3,45.0,170,1,1,0,1,162,108,1.000000
ns3,45.0,171,1,1,0,1,163,108,1.000000
ns3,45.0,172,1,0,1,1,164,109,1.000000
ns3,45.0,173,1,0,1,1,165,110,1.000000
ns3,45.0,174,1,0,1,1,166,111,1.000000
ns3,45.0,175,1,0,1,1,167,112,1.000000
ns3,45.0,176,1,0,1,1,168,113,1.000000
ns3,45.0,177,1,0,1,1,169,114,1.000000
ns3,45.0,178,1,1,0,1,170,114,1.000000
ns3,45.0,179,1,0,1,1,171,115,1.000000
ns3,45.0,180,1,1,0,1,172,115,1.000000
ns3,45.0,181,1,1,0,1,173,115,1.000000
ns3,45.0,182,1,0,1,1,174,116,1.000000
ns3,45.0,183,1,0,1,1,175,117,1.000000
ns3,45.0,184,1,0,1,1,176,118,1.000000
ns3,45.0,185,1,0,1,1,177,119,1.000000
ns3,45.0,186,0,0,0,1,177,119,1.000000
ns3,45.0,187,1,0,1,1,178,120,1.000000
ns3,45.0,188,1,0,1,1,179,121,1.000000
ns3,45.0,189,1,0,1,1,180,122,1.000000
ns3,45.0,190,1,0,1,1,181,123,1.000000
ns3,45.0,191,1,0,1,1,182,124,1.000000
ns3,45.0,192,1,0,1,1,183,125,1.000000
ns3,45.0,193,1,0,1,1,184,126,1.000000
ns3,45.0,194,1,0,1,1,185,127,1.000000
ns3,45.0,195,1,0,1,1,186,128,1.000000
ns3,45.0,196,1,0,1,1,187,129,1.000000
ns3,45.0,197,1,0,1,1,188,130,1.000000
ns3,45.0,198,1,1,0,1,189,130,1.000000
ns3,45.0,199,1,1,0,1,190,130,1.000000
ns3,45.0,200,1,1,0,1,191,130,1.000000
ns3,45.0,201,1,1,0,1,192,130,1.000000
ns3,45.0,202,1,0,1,1,193,131,1.000000
ns3,45.0,203,1,0,1,1,194,132,1.000000
ns3,45.0,204,1,0,1,1,195,133,1.000000
ns3,45.0,205,1,0,1,1,196,134,1.000000
ns3,45.0,206,1,1,0,1,197,134,1.000000
ns3,45.0,207,0,1,0,1,197,134,1.000000
ns3,45.0,208,1,1,0,1,198,134,1.000000
ns3,45.0,209,1,0,1,1,199,135,1.000000
ns3,45.0,210,1,1,0,1,200,135,1.000000
ns3,45.0,211,1,0,1,1,201,136,1.000000
ns3,45.0,212,1,0,1,1,202,137,1.000000
ns3,45.0,213,1,1,0,1,203,137,1.000000
ns3,45.0,214,1,0,1,1,204,138,1.000000
ns3,45.0,215,1,0,1,1,205,139,1.000000
ns3,45.0,216,0,0,0,1,205,139,1.000000
ns3,45.0,217,1,1,0,1,206,139,1.000000
ns3,45.0,218,1,1,0,1,207,139,1.000000
ns3,45.0,219,1,1,0,1,208,139,1.000000
ns3,45.0,220,0,1,0,1,208,139,1.000000
ns3,45.0,221,1,0,1,1,209,140,1.000000
ns3,45.0,222,0,0,0,1,209,140,1.000000
ns3,45.0,223,1,0,1,1,210,141,1.000000
ns3,45.0,224,1,1,0,1,211,141,1.000000
ns3,45.0,225,1,0,1,1,212,142,1.000000
ns3,45.0,226,1,0,1,1,213,143,1.000000
ns3,45.0,227,1,1,0,1,214,143,1.000000
ns3,45.0,228,1,0,1,1,215,144,1.000000
ns3,45.0,229,0,0,0,1,215,144,1.000000
ns3,45.0,230,1,0,1,1,216,145,1.000000
ns3,45.0,231,1,0,1,1,217,146,1.000000
ns3,45.0,232,1,0,1,1,218,147,1.000000
ns3,45.0,233,1,0,1,1,219,148,1.000000
ns3,45.0,234,1,1,0,1,220,148,1.000000
ns3,45.0,235,1,1,0,1,221,148,1.000000
ns3,45.0,236,1,0,1,1,222,149,1.000000
ns3,45.0,237,1,0,1,1,223,150,1.000000
ns3,45.0,238,1,0,1,1,224,151,1.000000
ns3,45.0,239,1,0,1,1,225,152,1.000000
ns3,45.0,240,1,0,1,1,226,153,1.000000
ns3,45.0,241,1,1,0,1,227,153,1.000000
ns3,45.0,242,1,0,1,1,228,154,1.000000
ns3,45.0,243,1,0,1,1,229,155,1.000000
ns3,45.0,244,1,0,1,1,230,156,1.000000
ns3,45.0,245,1,0,1,1,231,157,1.000000
ns3,45.0,246,1,1,0,1,232,157,1.000000
ns3,45.0,247,1,1,0,1,233,157,1.000000
ns3,45.0,248,1,1,0,1,234,157,1.000000
ns3,45.0,249,1,0,1,1,235,158,1.000000
ns3,45.0,250,1,1,0,1,236,158,1.000000
ns3,45.0,251,1,0,1,1,237,159,1.000000
ns3,45.0,252,1,0,1,1,238,160,1.000000
ns3,45.0,253,1,0,1,1,239,161,1.000000
ns3,45.0,254,1,0,1,1,240,162,1.000000
ns3,45.0,255,1,0,1,1,241,163,1.000000
ns3,45.0,256,0,0,0,1,241,163,1.000000
ns3,45.0,257,1,0,1,1,242,164,1.000000
ns3,45.0,258,1,0,1,1,243,165,1.000000
ns3,45.0,259,1,0,1,1,244,166,1.000000
ns3,45.0,260,1,0,1,1,245,167,1.000000
ns3,45.0,261,1,0,1,1,246,168,1.000000
ns3,45.0,262,1,0,1,1,247,169,1.000000
ns3,45.0,263,1,1,0,1,248,169,1.000000
ns3,45.0,264,1,1,0,1,249,169,1.000000
ns3,45.0,265,1,0,1,1,250,170,1.000000
ns3,45.0,266,1,0,1,1,251,171,1.000000
ns3,45.0,267,1,0,1,1,252,172,1.000000
ns3,45.0,268,1,1,0,1,253,172,1.000000
ns3,45.0,269,1,1,0,1,254,172,1.000000
ns3,45.0,270,0,0,0,1,254,172,1.000000
ns3,45.0,271,1,1,0,1,255,172,1.000000
ns3,45.0,272,1,0,1,1,256,173,1.000000
ns3,45.0,273,1,1,0,1,257,173,1.000000
ns3,45.0,274,1,0,1,1,258,174,1.000000
ns3,45.0,275,1,1,0,1,259,174,1.000000
ns3,45.0,276,1,1,0,1,260,174,1.000000
ns3,45.0,277,1,0,1,1,261,175,1.000000
ns3,45.0,278,1,0,1,1,262,176,1.000000
ns3,45.0,279,1,0,1,1,263,177,1.000000
ns3,45.0,280,1,0,1,1,264,178,1.000000
ns3,45.0,281,1,0,1,1,265,179,1.000000
ns3,45.0,282,1,1,0,1,266,179,1.000000
ns3,45.0,283,1,1,0,1,267,179,1.000000
ns3,45.0,284,1,0,1,1,268,180,1.000000
ns3,45.0,285,1,0,1,1,269,181,1.000000
ns3,45.0,286,1,1,0,1,270,181,1.000000
ns3,45.0,287,1,0,1,1,271,182,1.000000
ns3,45.0,288,1,0,1,1,272,183,1.000000
ns3,45.0,289,1,0,1,1,273,184,1.000000
ns3,45.0,290,1,0,1,1,274,185,1.000000
ns3,45.0,291,1,0,1,1,275,186,1.000000
ns3,45.0,292,1,1,0,1,276,186,1.000000
ns3,45.0,293,1,0,1,1,277,187,1.000000
ns3,45.0,294,1,1,0,1,278,187,1.000000
ns3,45.0,295,1,0,1,1,279,188,1.000000
ns3,45.0,296,1,0,1,1,280,189,1.000000
ns3,45.0,297,1,1,0,1,281,189,1.000000
ns3,45.0,298,1,1,0,1,282,189,1.000000
ns3,45.0,299,1,1,0,1,283,189,1.000000
ns3,45.0,300,1,1,0,1,284,189,1.000000
ns3,45.0,301,1,1,0,1,285,189,1.000000
ns3,45.0,302,1,0,1,1,286,190,1.000000
ns3,45.0,303,0,1,0,1,286,190,1.000000
ns3,45.0,304,1,0,1,1,287,191,1.000000
ns3,45.0,305,1,0,1,1,288,192,1.000000
ns3,45.0,306,1,1,0,1,289,192,1.000000
ns3,45.0,307,1,0,1,1,290,193,1.000000
ns3,45.0,308,1,0,1,1,291,194,1.000000
ns3,45.0,309,1,0,1,1,292,195,1.000000
ns3,45.0,310,1,0,1,1,293,196,1.000000
ns3,45.0,311,1,1,0,1,294,196,1.000000
ns3,45.0,312,1,1,0,1,295,196,1.000000
ns3,45.0,313,1,1,0,1,296,196,1.000000
ns3,45.0,314,1,0,1,1,297,197,1.000000
ns3,45.0,315,1,1,0,1,298,197,1.000000
ns3,45.0,316,1,1,0,1,299,197,1.000000
ns3,45.0,317,1,0,1,1,300,198,1.000000
ns3,45.0,318,1,1,0,1,301,198,1.000000
ns3,45.0,319,1,0,1,1,302,199,1.000000
ns3,45.0,320,1,0,1,1,303,200,1.000000
ns3,45.0,321,1,0,1,1,304,201,1.000000
ns3,45.0,322,1,0,1,1,305,202,1.000000
ns3,45.0,323,1,0,1,1,306,203,1.000000
ns3,45.0,324,1,0,1,1,307,204,1.000000
ns3,45.0,325,1,0,1,1,308,205,1.000000
ns3,45.0,326,0,0,0,1,308,205,1.000000
ns3,45.0,327,1,0,1,1,309,206,1.000000
ns3,45.0,328,1,0,1,1,310,207,1.000000
ns3,45.0,329,1,1,0,1,311,207,1.000000
ns3,45.0,330,1,1,0,1,312,207,1.000000
ns3,45.0,331,1,1,0,1,313,207,1.000000
ns3,45.0,332,1,0,1,1,314,208,1.000000
ns3,45.0,333,1,1,0,1,315,208,1.000000
ns3,45.0,334,1,0,1,1,316,209,1.000000
ns3,45.0,335,1,0,1,1,317,210,1.000000
ns3,45.0,336,1,1,0,1,318,210,1.000000
ns3,45.0,337,1,0,1,1,319,211,1.000000
ns3,45.0,338,1,0,1,1,320,212,1.000000
ns3,45.0,339,1,1,0,1,321,212,1.000000
ns3,45.0,340,1,0,1,1,322,213,1.000000
ns3,45.0,341,1,0,1,1,323,214,1.000000
ns3,45.0,342,1,1,0,1,324,214,1.000000
ns3,45.0,343,1,0,1,1,325,215,1.000000
ns3,45.0,344,1,0,1,1,326,216,1.000000
ns3,45.0,345,1,0,1,1,327,217,1.000000
ns3,45.0,346,1,0,1,1,328,218,1.000000
ns3,45.0,347,1,0,1,1,329,219,1.000000
ns3,45.0,348,1,0,1,1,330,220,1.000000
ns3,45.0,349,1,1,0,1,331,220,1.000000
ns3,45.0,350,1,0,1,1,332,221,1.000000
ns3,45.0,351,1,0,1,1,333,222,1.000000
ns3,45.0,352,1,0,1,1,334,223,1.000000
ns3,45.0,353,1,0,1,1,335,224,1.000000
ns3,45.0,354,1,1,0,1,336,224,1.000000
ns3,45.0,355,1,0,1,1,337,225,1.000000
ns3,45.0,356,1,0,1,1,338,226,1.000000
ns3,45.0,357,1,0,1,1,339,227,1.000000
ns3,45.0,358,1,1,0,1,340,227,1.000000
ns3,45.0,359,1,0,1,1,341,228,1.000000
ns3,45.0,360,1,0,1,1,342,229,1.000000
ns3,45.0,361,1,1,0,1,343,229,1.000000
ns3,45.0,362,1,1,0,1,344,229,1.000000
ns3,45.0,363,1,0,1,1,345,230,1.000000
ns3,45.0,364,1,1,0,1,346,230,1.000000
ns3,45.0,365,1,0,1,1,347,231,1.000000
ns3,45.0,366,1,0,1,1,348,232,1.000000
ns3,45.0,367,1,0,1,1,349,233,1.000000
ns3,45.0,368,1,1,0,1,350,233,1.000000
ns3,45.0,369,1,0,1,1,351,234,1.000000
ns3,45.0,370,1,1,0,1,352,234,1.000000
ns3,45.0,371,1,0,1,1,353,235,1.000000
ns3,45.0,372,1,0,1,1,354,236,1.000000
ns3,45.0,373,1,0,1,1,355,237,1.000000
ns3,45.0,374,1,1,0,1,356,237,1.000000
ns3,45.0,375,1,0,1,1,357,238,1.000000
ns3,45.0,376,1,1,0,1,358,238,1.000000
ns3,45.0,377,1,1,0,1,359,238,1.000000
ns3,45.0,378,1,0,1,1,360,239,1.000000
ns3,45.0,379,1,1,0,1,361,239,1.000000
ns3,45.0,380,1,1,0,1,362,239,1.000000
ns3,45.0,381,1,0,1,1,363,240,1.000000
ns3,45.0,382,1,0,1,1,364,241,1.000000
ns3,45.0,383,1,0,1,1,365,242,1.000000
ns3,45.0,384,1,1,0,1,366,242,1.000000
ns3,45.0,385,1,1,0,1,367,242,1.000000
ns3,45.0,386,1,1,0,1,368,242,1.000000
ns3,45.0,387,1,1,0,1,369,242,1.000000
ns3,45.0,388,1,0,1,1,370,243,1.000000
ns3,45.0,389,1,1,0,1,371,243,1.000000
ns3,45.0,390,1,0,1,1,372,244,1.000000
ns3,45.0,391,1,1,0,1,373,244,1.000000
ns3,45.0,392,1,1,0,1,374,244,1.000000
ns3,45.0,393,1,0,1,1,375,245,1.000000
ns3,45.0,394,1,1,0,1,376,245,1.000000
ns3,45.0,395,0,0,0,1,376,245,1.000000
ns3,45.0,396,1,1,0,1,377,245,1.000000
ns3,45.0,397,1,0,1,1,378,246,1.000000
ns3,45.0,398,1,0,1,1,379,247,1.000000
ns3,45.0,399,1,0,1,1,380,248,1.000000
ns3,45.0,400,1,0,1,1,381,249,1.000000
ns3,50.0,1,0,0,0,0,0,0,0.000000
ns3,50.0,2,1,0,1,1,1,1,1.000000
ns3,50.0,3,1,0,1,1,2,2,1.000000
ns3,50.0,4,1,0,1,1,3,3,1.000000
ns3,50.0,5,1,0,1,1,4,4,1.000000
ns3,50.0,6,1,0,1,1,5,5,1.000000
ns3,50.0,7,1,0,1,1,6,6,1.000000
ns3,50.0,8,1,1,0,1,7,6,0.999999
ns3,50.0,9,1,1,0,1,8,6,0.999985
ns3,50.0,10,1,0,1,1,9,7,0.999999
ns3,50.0,11,1,1,0,1,10,7,0.999994
ns3,50.0,12,1,0,1,1,11,8,0.999999
ns3,50.0,13,1,0,1,1,12,9,1.000000
ns3,50.0,14,1,0,1,1,13,10,1.000000
ns3,50.0,15,1,0,1,1,14,11,1.000000
ns3,50.0,16,1,0,1,1,15,12,1.000000
ns3,50.0,17,1,0,1,1,16,13,1.000000
ns3,50.0,18,1,1,0,1,17,13,1.000000
ns3,50.0,19,0,0,0,1,17,13,1.000000
ns3,50.0,20,1,0,1,1,18,14,1.000000
ns3,50.0,21,1,1,0,1,19,14,1.000000
ns3,50.0,22,1,0,1,1,20,15,1.000000
ns3,50.0,23,1,0,1,1,21,16,1.000000
ns3,50.0,24,1,1,0,1,22,16,1.000000
ns3,50.0,25,1,0,1,1,23,17,1.000000
ns3,50.0,26,1,0,1,1,24,18,1.000000
ns3,50.0,27,1,0,1,1,25,19,1.000000
ns3,50.0,28,1,0,1,1,26,20,1.000000
ns3,50.0,29,1,0,1,1,27,21,1.000000
ns3,50.0,30,1,0,1,1,28,22,1.000000
ns3,50.0,31,1,0,1,1,29,23,1.000000
ns3,50.0,32,1,0,1,1,30,24,1.000000
ns3,50.0,33,0,0,0,1,30,24,1.000000
ns3,50.0,34,1,1,0,1,31,24,1.000000
ns3,50.0,35,1,0,1,1,32,25,1.000000
ns3,50.0,36,1,1,0,1,33,25,1.000000
ns3,50.0,37,1,0,1,1,34,26,1.000000
ns3,50.0,38,1,0,1,1,35,27,1.000000
ns3,50.0,39,1,0,1,1,36,28,1.000000
ns3,50.0,40,1,0,1,1,37,29,1.000000
ns3,50.0,41,1,1,0,1,38,29,1.000000
ns3,50.0,42,1,1,0,1,39,29,1.000000
ns3,50.0,43,0,0,0,1,39,29,1.000000
ns3,50.0,44,1,0,1,1,40,30,1.000000
ns3,50.0,45,1,1,0,1,41,30,1.000000
ns3,50.0,46,1,0,1,1,42,31,1.000000
ns3,50.0,47,1,1,0,1,43,31,1.000000
ns3,50.0,48,1,1,0,1,44,31,1.000000
ns3,50.0,49,1,0,1,1,45,32,1.000000
ns3,50.0,50,1,0,1,1,46,33,1.000000
ns3,50.0,51,1,1,0,1,47,33,1.000000
ns3,50.0,52,1,0,1,1,48,34,1.000000
ns3,50.0,53,1,1,0,1,49,34,1.000000
ns3,50.0,54,1,1,0,1,50,34,1.000000
ns3,50.0,55,1,0,1,1,51,35,1.000000
ns3,50.0,56,1,0,1,1,52,36,1.000000
ns3,50.0,57,1,0,1,1,53,37,1.000000
ns3,50.0,58,1,0,1,1,54,38,1.000000
ns3,50.0,59,1,0,1,1,55,39,1.000000
ns3,50.0,60,1,0,1,1,56,40,1.000000
ns3,50.0,61,1,0,1,1,57,41,1.000000
ns3,50.0,62,1,0,1,1,58,42,1.000000
ns3,50.0,63,1,1,0,1,59,42,1.000000
ns3,50.0,64,1,0,1,1,60,43,1.000000
ns3,50.0,65,1,1,0,1,61,43,1.000000
ns3,50.0,66,1,0,1,1,62,44,1.000000
ns3,50.0,67,1,0,1,1,63,45,1.000000
ns3,50.0,68,1,1,0,1,64,45,1.000000
ns3,50.0,69,0,1,0,1,64,45,1.000000
ns3,50.0,70,0,0,0,1,64,45,1.000000
ns3,50.0,71,1,0,1,1,65,46,1.000000
ns3,50.0,72,1,0,1,1,66,47,1.000000
ns3,50.0,73,1,0,1,1,67,48,1.000000
ns3,50.0,74,1,0,1,1,68,49,1.000000
ns3,50.0,75,1,1,0,1,69,49,1.000000
ns3,50.0,76,1,0,1,1,70,50,1.000000
ns3,50.0,77,1,0,1,1,71,51,1.000000
ns3,50.0,78,1,0,1,1,72,52,1.000000
ns3,50.0,79,1,0,1,1,73,53,1.000000
ns3,50.0,80,1,0,1,1,74,54,1.000000
ns3,50.0,81,1,0,1,1,75,55,1.000000
ns3,50.0,82,1,1,0,1,76,55,1.000000
ns3,50.0,83,1,0,1,1,77,56,1.000000
ns3,50.0,84,1,1,0,1,78,56,1.000000
ns3,50.0,85,1,0,1,1,79,57,1.000000
ns3,50.0,86,1,0,1,1,80,58,1.000000
ns3,50.0,87,1,0,1,1,81,59,1.000000
ns3,50.0,88,1,0,1,1,82,60,1.000000
ns3,50.0,89,1,1,0,1,83,60,1.000000
ns3,50.0,90,0,0,0,1,83,60,1.000000
ns3,50.0,91,1,0,1,1,84,61,1.000000
ns3,50.0,92,0,0,0,1,84,61,1.000000
ns3,50.0,93,1,1,0,1,85,61,1.000000
ns3,50.0,94,1,0,1,1,86,62,1.000000
ns3,50.0,95,1,1,0,1,87,62,1.000000
ns3,50.0,96,1,0,1,1,88,63,1.000000
ns3,50.0,97,1,0,1,1,89,64,1.000000
ns3,50.0,98,1,0,1,1,90,65,1.000000
ns3,50.0,99,1,1,0,1,91,65,1.000000
ns3,50.0,100,1,1,0,1,92,65,1.000000
ns3,50.0,101,1,0,1,1,93,66,1.000000
ns3,50.0,102,1,0,1,1,94,67,1.000000
ns3,50.0,103,1,0,1,1,95,68,1.000000
ns3,50.0,104,1,0,1,1,96,69,1.000000
ns3,50.0,105,1,1,0,1,97,69,1.000000
ns3,50.0,106,1,0,1,1,98,70,1.000000
ns3,50.0,107,1,0,1,1,99,71,1.000000
ns3,50.0,108,1,1,0,1,100,71,1.000000
ns3,50.0,109,1,1,0,1,101,71,1.000000
ns3,50.0,110,1,0,1,1,102,72,1.000000
ns3,50.0,111,1,1,0,1,103,72,1.000000
ns3,50.0,112,1,0,1,1,104,73,1.000000
ns3,50.0,113,1,0,1,1,105,74,1.000000
ns3,50.0,114,1,0,1,1,106,75,1.000000
ns3,50.0,115,1,0,1,1,107,76,1.000000
ns3,50.0,116,1,1,0,1,108,76,1.000000
ns3,50.0,117,1,1,0,1,109,76,1.000000
ns3,50.0,118,1,0,1,1,110,77,1.000000
ns3,50.0,119,1,0,1,1,111,78,1.000000
ns3,50.0,120,1,0,1,1,112,79,1.000000
ns3,50.0,121,1,1,0,1,113,79,1.000000
ns3,50.0,122,1,1,0,1,114,79,1.000000
ns3,50.0,123,1,1,0,1,115,79,1.000000
ns3,50.0,124,1,1,0,1,116,79,1.000000
ns3,50.0,125,1,0,1,1,117,80,1.000000
ns3,50.0,126,1,0,1,1,118,81,1.000000
ns3,50.0,127,1,0,1,1,119,82,1.000000
ns3,50.0,128,1,1,0,1,120,82,1.000000
ns3,50.0,129,1,1,0,1,121,82,1.000000
ns3,50.0,130,0,0,0,1,121,82,1.000000
ns3,50.0,131,1,1,0,1,122,82,1.000000
ns3,50.0,132,1,0,1,1,123,83,1.000000
ns3,50.0,133,1,1,0,1,124,83,1.000000
ns3,50.0,134,1,0,1,1,125,84,1.000000
ns3,50.0,135,1,0,1,1,126,85,1.000000
ns3,50.0,136,1,1,0,1,127,85,1.000000
ns3,50.0,137,1,0,1,1,128,86,1.000000
ns3,50.0,138,1,1,0,1,129,86,1.000000
ns3,50.0,139,1,0,1,1,130,87,1.000000
ns3,50.0,140,1,0,1,1,131,88,1.000000
ns3,50.0,141,1,0,1,1,132,89,1.000000
ns3,50.0,142,0,0,0,1,132,89,1.000000
ns3,50.0,143,1,1,0,1,133,89,1.000000
ns3,50.0,144,1,0,1,1,134,90,1.000000
ns3,50.0,145,1,1,0,1,135,90,1.000000
ns3,50.0,146,1,0,1,1,136,91,1.000000
ns3,50.0,147,1,0,1,1,137,92,1.000000
ns3,50.0,148,1,0,1,1,138,93,1.000000
ns3,50.0,149,1,0,1,1,139,94,1.000000
ns3,50.0,150,1,0,1,1,140,95,1.000000
ns3,50.0,151,1,0,1,1,141,96,1.000000
ns3,50.0,152,1,0,1,1,142,97,1.000000
ns3,50.0,153,1,0,1,1,143,98,1.000000
ns3,50.0,154,1,1,0,1,144,98,1.000000
ns3,50.0,155,1,1,0,1,145,98,1.000000
ns3,50.0,156,1,0,1,1,146,99,1.000000
ns3,50.0,157,1,0,1,1,147,100,1.000000
ns3,50.0,158,0,0,0,1,147,100,1.000000
ns3,50.0,159,1,0,1,1,148,101,1.000000
ns3,50.0,160,1,0,1,1,149,102,1.000000
ns3,50.0,161,1,1,0,1,150,102,1.000000
ns3,50.0,162,1,0,1,1,151,103,1.000000
ns3,50.0,163,1,0,1,1,152,104,1.000000
ns3,50.0,164,1,0,1,1,153,105,1.000000
ns3,50.0,165,1,0,1,1,154,106,1.000000
ns3,50.0,166,1,1,0,1,155,106,1.000000
ns3,50.0,167,1,1,0,1,156,106,1.000000
ns3,50.0,168,1,0,1,1,157,107,1.000000
ns3,50.0,169,1,0,1,1,158,108,1.000000
ns3,50.0,170,1,0,1,1,159,109,1.000000
ns3,50.0,171,1,0,1,1,160,110,1.000000
ns3,50.0,172,1,0,1,1,161,111,1.000000
ns3,50.0,173,1,0,1,1,162,112,1.000000
ns3,50.0,174,1,0,1,1,163,113,1.000000
ns3,50.0,175,1,0,1,1,164,114,1.000000
ns3,50.0,176,1,1,0,1,165,114,1.000000
ns3,50.0,177,1,0,1,1,166,115,1.000000
ns3,50.0,178,1,0,1,1,167,116,1.000000
ns3,50.0,179,1,1,0,1,168,116,1.000000
ns3,50.0,180,0,0,0,1,168,116,1.000000
ns3,50.0,181,1,0,1,1,169,117,1.000000
ns3,50.0,182,1,1,0,1,170,117,1.000000
ns3,50.0,183,0,0,0,1,170,117,1.000000
ns3,50.0,184,1,0,1,1,171,118,1.000000
ns3,50.0,185,1,1,0,1,172,118,1.000000
ns3,50.0,186,1,0,1,1,173,119,1.000000
ns3,50.0,187,1,0,1,1,174,120,1.000000
ns3,50.0,188,1,0,1,1,175,121,1.000000
ns3,50.0,189,1,0,1,1,176,122,1.000000
ns3,50.0,190,0,1,0,1,176,122,1.000000
ns3,50.0,191,1,0,1,1,177,123,1.000000
ns3,50.0,192,1,1,0,1,178,123,1.000000
ns3,50.0,193,1,1,0,1,179,123,1.000000
ns3,50.0,194,1,0,1,1,180,124,1.000000
ns3,50.0,195,1,0,1,1,181,125,1.000000
ns3,50.0,196,0,1,0,1,181,125,1.000000
ns3,50.0,197,1,1,0,1,182,125,1.000000
ns3,50.0,198,1,0,1,1,183,126,1.000000
ns3,50.0,199,0,0,0,1,183,126,1.000000
ns3,50.0,200,1,0,1,1,184,127,1.000000
ns3,50.0,201,1,0,1,1,185,128,1.000000
ns3,50.0,202,1,0,1,1,186,129,1.000000
ns3,50.0,203,1,0,1,1,187,130,1.000000
ns3,50.0,204,1,0,1,1,188,131,1.000000
ns3,50.0,205,1,0,1,1,189,132,1.000000
ns3,50.0,206,1,0,1,1,190,133,1.000000
ns3,50.0,207,1,0,1,1,191,134,1.000000
ns3,50.0,208,1,0,1,1,192,135,1.000000
ns3,50.0,209,1,0,1,1,193,136,1.000000
ns3,50.0,210,1,0,1,1,194,137,1.000000
ns3,50.0,211,1,1,0,1,195,137,1.000000
ns3,50.0,212,1,0,1,1,196,138,1.000000
ns3,50.0,213,1,0,1,1,197,139,1.000000
ns3,50.0,214,1,0,1,1,198,140,1.000000
ns3,50.0,215,1,0,1,1,199,141,1.000000
ns3,50.0,216,1,0,1,1,200,142,1.000000
ns3,50.0,217,1,0,1,1,201,143,1.000000
ns3,50.0,218,1,0,1,1,202,144,1.000000
ns3,50.0,219,1,1,0,1,203,144,1.000000
ns3,50.0,220,1,0,1,1,204,145,1.000000
ns3,50.0,221,1,0,1,1,205,146,1.000000
ns3,50.0,222,1,0,1,1,206,147,1.000000
ns3,50.0,223,0,1,0,1,206,147,1.000000
ns3,50.0,224,1,0,1,1,207,148,1.000000
ns3,50.0,225,1,0,1,1,208,149,1.000000
ns3,50.0,226,1,1,0,1,209,149,1.000000
ns3,50.0,227,1,0,1,1,210,150,1.000000
ns3,50.0,228,1,0,1,1,211,151,1.000000
ns3,50.0,229,1,1,0,1,212,151,1.000000
ns3,50.0,230,1,0,1,1,213,152,1.000000
ns3,50.0,231,1,0,1,1,214,153,1.000000
ns3,50.0,232,1,0,1,1,215,154,1.000000
ns3,50.0,233,0,0,0,1,215,154,1.000000
ns3,50.0,234,1,0,1,1,216,155,1.000000
ns3,50.0,235,1,0,1,1,217,156,1.000000
ns3,50.0,236,1,1,0,1,218,156,1.000000
ns3,50.0,237,1,0,1,1,219,157,1.000000
ns3,50.0,238,1,0,1,1,220,158,1.000000
ns3,50.0,239,1,1,0,1,221,158,1.000000
ns3,50.0,240,1,0,1,1,222,159,1.000000
ns3,50.0,241,1,0,1,1,223,160,1.000000
ns3,50.0,242,1,1,0,1,224,160,1.000000
ns3,50.0,243,1,1,0,1,225,160,1.000000
ns3,50.0,244,1,1,0,1,226,160,1.000000
ns3,50.0,245,1,0,1,1,227,161,1.000000
ns3,50.0,246,1,1,0,1,228,161,1.000000
ns3,50.0,247,1,1,0,1,229,161,1.000000
ns3,50.0,248,1,1,0,1,230,161,1.000000
ns3,50.0,249,1,1,0,1,231,161,1.000000
ns3,50.0,250,1,0,1,1,232,162,1.000000
ns3,50.0,251,1,0,1,1,233,163,1.000000
ns3,50.0,252,1,0,1,1,234,164,1.000000
ns3,50.0,253,1,0,1,1,235,165,1.000000
ns3,50.0,254,1,0,1,1,236,166,1.000000
ns3,50.0,255,1,0,1,1,237,167,1.000000
ns3,50.0,256,1,0,1,1,238,168,1.000000
ns3,50.0,257,1,0,1,1,239,169,1.000000
ns3,50.0,258,1,1,0,1,240,169,1.000000
ns3,50.0,259,1,0,1,1,241,170,1.000000
ns3,50.0,260,1,0,1,1,242,171,1.000000
ns3,50.0,261,1,0,1,1,243,172,1.000000
ns3,50.0,262,1,0,1,1,244,173,1.000000
ns3,50.0,263,1,1,0,1,245,173,1.000000
ns3,50.0,264,1,1,0,1,246,173,1.000000
ns3,50.0,265,1,0,1,1,247,174,1.000000
ns3,50.0,266,0,0,0,1,247,174,1.000000
ns3,50.0,267,1,0,1,1,248,175,1.000000
ns3,50.0,268,0,0,0,1,248,175,1.000000
ns3,50.0,269,1,0,1,1,249,176,1.000000
ns3,50.0,270,1,0,1,1,250,177,1.000000
ns3,50.0,271,1,0,1,1,251,178,1.000000
ns3,50.0,272,1,1,0,1,252,178,1.000000
ns3,50.0,273,1,1,0,1,253,178,1.000000
ns3,50.0,274,1,1,0,1,254,178,1.000000
ns3,50.0,275,1,0,1,1,255,179,1.000000
ns3,50.0,276,1,0,1,1,256,180,1.000000
ns3,50.0,277,1,0,1,1,257,181,1.000000
ns3,50.0,278,1,0,1,1,258,182,1.000000
ns3,50.0,279,1,1,0,1,259,182,1.000000
ns3,50.0,280,1,0,1,1,260,183,1.000000
ns3,50.0,281,1,0,1,1,261,184,1.000000
ns3,50.0,282,1,0,1,1,262,185,1.000000
ns3,50.0,283,1,1,0,1,263,185,1.000000
ns3,50.0,284,1,0,1,1,264,186,1.000000
ns3,50.0,285,1,0,1,1,265,187,1.000000
ns3,50.0,286,1,0,1,1,266,188,1.000000
ns3,50.0,287,1,0,1,1,267,189,1.000000
ns3,50.0,288,1,0,1,1,268,190,1.000000
ns3,50.0,289,1,0,1,1,269,191,1.000000
ns3,50.0,290,1,1,0,1,270,191,1.000000
ns3,50.0,291,1,1,0,1,271,191,1.000000
ns3,50.0,292,1,0,1,1,272,192,1.000000
ns3,50.0,293,1,1,0,1,273,192,1.000000
ns3,50.0,294,1,0,1,1,274,193,1.000000
ns3,50.0,295,1,0,1,1,275,194,1.000000
ns3,50.0,296,1,0,1,1,276,195,1.000000
ns3,50.0,297,1,1,0,1,277,195,1.000000
ns3,50.0,298,1,0,1,1,278,196,1.000000
ns3,50.0,299,1,0,1,1,279,197,1.000000
ns3,50.0,300,1,0,1,1,280,198,1.000000
ns3,50.0,301,1,0,1,1,281,199,1.000000
ns3,50.0,302,1,0,1,1,282,200,1.000000
ns3,50.0,303,1,0,1,1,283,201,1.000000
ns3,50.0,304,1,0,1,1,284,202,1.000000
ns3,50.0,305,1,0,1,1,285,203,1.000000
ns3,50.0,306,1,0,1,1,286,204,1.000000
ns3,50.0,307,1,0,1,1,287,205,1.000000
ns3,50.0,308,1,0,1,1,288,206,1.000000
ns3,50.0,309,1,0,1,1,289,207,1.000000
ns3,50.0,310,1,0,1,1,290,208,1.000000
ns3,50.0,311,1,0,1,1,291,209,1.000000
ns3,50.0,312,1,0,1,1,292,210,1.000000
ns3,50.0,313,0,0,0,1,292,210,1.000000
ns3,50.0,314,1,1,0,1,293,210,1.000000
ns3,50.0,315,1,0,1,1,294,211,1.000000
ns3,50.0,316,1,0,1,1,295,212,1.000000
ns3,50.0,317,1,0,1,1,296,213,1.000000
ns3,50.0,318,1,0,1,1,297,214,1.000000
ns3,50.0,319,1,0,1,1,298,215,1.000000
ns3,50.0,320,1,0,1,1,299,216,1.000000
ns3,50.0,321,1,1,0,1,300,216,1.000000
ns3,50.0,322,1,1,0,1,301,216,1.000000
ns3,50.0,323,1,0,1,1,302,217,1.000000
ns3,50.0,324,1,1,0,1,303,217,1.000000
ns3,50.0,325,1,0,1,1,304,218,1.000000
ns3,50.0,326,1,1,0,1,305,218,1.000000
ns3,50.0,327,1,1,0,1,306,218,1.000000
ns3,50.0,328,1,0,1,1,307,219,1.000000
ns3,50.0,329,1,0,1,1,308,220,1.000000
ns3,50.0,330,1,0,1,1,309,221,1.000000
ns3,50.0,331,1,1,0,1,310,221,1.000000
ns3,50.0,332,1,0,1,1,311,222,1.000000
ns3,50.0,333,1,1,0,1,312,222,1.000000
ns3,50.0,334,1,1,0,1,313,222,1.000000
ns3,50.0,335,0,0,0,1,313,222,1.000000
ns3,50.0,336,1,0,1,1,314,223,1.000000
ns3,50.0,337,1,0,1,1,315,224,1.000000
ns3,50.0,338,1,0,1,1,316,225,1.000000
ns3,50.0,339,1,1,0,1,317,225,1.000000
ns3,50.0,340,1,0,1,1,318,226,1.000000
ns3,50.0,341,1,0,1,1,319,227,1.000000
ns3,50.0,342,1,0,1,1,320,228,1.000000
ns3,50.0,343,1,0,1,1,321,229,1.000000
ns3,50.0,344,1,1,0,1,322,229,1.000000
ns3,50.0,345,1,1,0,1,323,229,1.000000
ns3,50.0,346,1,0,1,1,324,230,1.000000
ns3,50.0,347,1,1,0,1,325,230,1.000000
ns3,50.0,348,1,0,1,1,326,231,1.000000
ns3,50.0,349,1,1,0,1,327,231,1.000000
ns3,50.0,350,1,0,1,1,328,232,1.000000
ns3,50.0,351,1,1,0,1,329,232,1.000000
ns3,50.0,352,1,0,1,1,330,233,1.000000
ns3,50.0,353,1,1,0,1,331,233,1.000000
ns3,50.0,354,1,1,0,1,332,233,1.000000
ns3,50.0,355,1,0,1,1,333,234,1.000000
ns3,50.0,356,1,0,1,1,334,235,1.000000
ns3,50.0,357,1,0,1,1,335,236,1.000000
ns3,50.0,358,1,0,1,1,336,237,1.000000
ns3,50.0,359,1,0,1,1,337,238,1.000000
ns3,50.0,360,1,0,1,1,338,239,1.000000
ns3,50.0,361,1,0,1,1,339,240,1.000000
ns3,50.0,362,1,0,1,1,340,241,1.000000
ns3,50.0,363,1,0,1,1,341,242,1.000000
ns3,50.0,364,1,0,1,1,342,243,1.000000
ns3,50.0,365,1,0,1,1,343,244,1.000000
ns3,50.0,366,1,0,1,1,344,245,1.000000
ns3,50.0,367,1,1,0,1,345,245,1.000000
ns3,50.0,368,1,0,1,1,346,246,1.000000
ns3,50.0,369,1,0,1,1,347,247,1.000000
ns3,50.0,370,1,0,1,1,348,248,1.000000
ns3,50.0,371,0,0,0,1,348,248,1.000000
ns3,50.0,372,1,1,0,1,349,248,1.000000
ns3,50.0,373,1,0,1,1,350,249,1.000000
ns3,50.0,374,1,0,1,1,351,250,1.000000
ns3,50.0,375,1,0,1,1,352,251,1.000000
ns3,50.0,376,1,0,1,1,353,252,1.000000
ns3,50.0,377,1,1,0,1,354,252,1.000000
ns3,50.0,378,1,0,1,1,355,253,1.000000
ns3,50.0,379,1,0,1,1,356,254,1.000000
ns3,50.0,380,1,0,1,1,357,255,1.000000
ns3,50.0,381,1,0,1,1,358,256,1.000000
ns3,50.0,382,1,0,1,1,359,257,1.000000
ns3,50.0,383,1,0,1,1,360,258,1.000000
ns3,50.0,384,1,1,0,1,361,258,1.000000
ns3,50.0,385,1,1,0,1,362,258,1.000000
ns3,50.0,386,1,1,0,1,363,258,1.000000
ns3,50.0,387,1,1,0,1,364,258,1.000000
ns3,50.0,388,1,0,1,1,365,259,1.000000
ns3,50.0,389,0,0,0,1,365,259,1.000000
ns3,50.0,390,1,0,1,1,366,260,1.000000
ns3,50.0,391,0,0,0,1,366,260,1.000000
ns3,50.0,392,1,1,0,1,367,260,1.000000
ns3,50.0,393,1,0,1,1,368,261,1.000000
ns3,50.0,394,1,0,1,1,369,262,1.000000
ns3,50.0,395,1,1,0,1,370,262,1.000000
ns3,50.0,396,1,0,1,1,371,263,1.000000
ns3,50.0,397,1,0,1,1,372,264,1.000000
ns3,50.0,398,1,0,1,1,373,265,1.000000
ns3,50.0,399,1,0,1,1,374,266,1.000000
ns3,50.0,400,1,0,1,1,375,267,1.000000
ns3,55.0,1,1,0,1,1,1,1,1.000000
ns3,55.0,2,1,1,0,1,2,1,0.750000
ns3,55.0,3,1,0,1,1,3,2,0.962963
ns3,55.0,4,1,0,1,1,4,3,0.996094
ns3,55.0,5,1,0,1,1,5,4,0.999680
ns3,55.0,6,1,0,1,1,6,5,0.999979
ns3,55.0,7,1,0,1,1,7,6,0.999999
ns3,55.0,8,1,0,1,1,8,7,1.000000
ns3,55.0,9,1,0,1,1,9,8,1.000000
ns3,55.0,10,1,0,1,1,10,9,1.000000
ns3,55.0,11,1,1,0,1,11,9,1.000000
ns3,55.0,12,1,1,0,1,12,9,1.000000
ns3,55.0,13,1,0,1,1,13,10,1.000000
ns3,55.0,14,1,1,0,1,14,10,1.000000
ns3,55.0,15,1,0,1,1,15,11,1.000000
ns3,55.0,16,1,0,1,1,16,12,1.000000
ns3,55.0,17,1,0,1,1,17,13,1.000000
ns3,55.0,18,1,0,1,1,18,14,1.000000
ns3,55.0,19,1,0,1,1,19,15,1.000000
ns3,55.0,20,1,0,1,1,20,16,1.000000
ns3,55.0,21,1,0,1,1,21,17,1.000000
ns3,55.0,22,1,0,1,1,22,18,1.000000
ns3,55.0,23,1,0,1,1,23,19,1.000000
ns3,55.0,24,1,1,0,1,24,19,1.000000
ns3,55.0,25,1,0,1,1,25,20,1.000000
ns3,55.0,26,1,0,1,1,26,21,1.000000
ns3,55.0,27,1,0,1,1,27,22,1.000000
ns3,55.0,28,1,0,1,1,28,23,1.000000
ns3,55.0,29,1,0,1,1,29,24,1.000000
ns3,55.0,30,1,1,0,1,30,24,1.000000
ns3,55.0,31,1,0,1,1,31,25,1.000000
ns3,55.0,32,1,0,1,1,32,26,1.000000
ns3,55.0,33,1,1,0,1,33,26,1.000000
ns3,55.0,34,1,1,0,1,34,26,1.000000
ns3,55.0,35,1,0,1,1,35,27,1.000000
ns3,55.0,36,1,0,1,1,36,28,1.000000
ns3,55.0,37,1,0,1,1,37,29,1.000000
ns3,55.0,38,1,1,0,1,38,29,1.000000
ns3,55.0,39,1,1,0,1,39,29,1.000000
ns3,55.0,40,1,0,1,1,40,30,1.000000
ns3,55.0,41,1,1,0,1,41,30,1.000000
ns3,55.0,42,1,0,1,1,42,31,1.000000
ns3,55.0,43,1,0,1,1,43,32,1.000000
ns3,55.0,44,1,1,0,1,44,32,1.000000
ns3,55.0,45,1,0,1,1,45,33,1.000000
ns3,55.0,46,1,0,1,1,46,34,1.000000
ns3,55.0,47,1,0,1,1,47,35,1.000000
ns3,55.0,48,1,0,1,1,48,36,1.000000
ns3,55.0,49,1,0,1,1,49,37,1.000000
ns3,55.0,50,1,0,1,1,50,38,1.000000
ns3,55.0,51,1,1,0,1,51,38,1.000000
ns3,55.0,52,1,0,1,1,52,39,1.000000
ns3,55.0,53,1,0,1,1,53,40,1.000000
ns3,55.0,54,1,0,1,1,54,41,1.000000
ns3,55.0,55,1,0,1,1,55,42,1.000000
ns3,55.0,56,1,0,1,1,56,43,1.000000
ns3,55.0,57,1,1,0,1,57,43,1.000000
ns3,55.0,58,1,0,1,1,58,44,1.000000
ns3,55.0,59,1,0,1,1,59,45,1.000000
ns3,55.0,60,1,0,1,1,60,46,1.000000
ns3,55.0,61,1,0,1,1,61,47,1.000000
ns3,55.0,62,1,0,1,1,62,48,1.000000
ns3,55.0,63,1,0,1,1,63,49,1.000000
ns3,55.0,64,1,0,1,1,64,50,1.000000
ns3,55.0,65,1,0,1,1,65,51,1.000000
ns3,55.0,66,1,1,0,1,66,51,1.000000
ns3,55.0,67,1,0,1,1,67,52,1.000000
ns3,55.0,68,1,0,1,1,68,53,1.000000
ns3,55.0,69,1,0,1,1,69,54,1.000000
ns3,55.0,70,1,0,1,1,70,55,1.000000
ns3,55.0,71,1,1,0,1,71,55,1.000000
ns3,55.0,72,1,0,1,1,72,56,1.000000
ns3,55.0,73,1,0,1,1,73,57,1.000000
ns3,55.0,74,1,0,1,1,74,58,1.000000
ns3,55.0,75,1,0,1,1,75,59,1.000000
ns3,55.0,76,1,0,1,1,76,60,1.000000
ns3,55.0,77,1,0,1,1,77,61,1.000000
ns3,55.0,78,1,1,0,1,78,61,1.000000
ns3,55.0,79,1,0,1,1,79,62,1.000000
ns3,55.0,80,0,1,0,1,79,62,1.000000
ns3,55.0,81,1,0,1,1,80,63,1.000000
ns3,55.0,82,1,0,1,1,81,64,1.000000
ns3,55.0,83,1,0,1,1,82,65,1.000000
ns3,55.0,84,1,0,1,1,83,66,1.000000
ns3,55.0,85,1,0,1,1,84,67,1.000000
ns3,55.0,86,1,0,1,1,85,68,1.000000
ns3,55.0,87,1,0,1,1,86,69,1.000000
ns3,55.0,88,1,0,1,1,87,70,1.000000
ns3,55.0,89,1,0,1,1,88,71,1.000000
ns3,55.0,90,1,0,1,1,89,72,1.000000
ns3,55.0,91,1,0,1,1,90,73,1.000000
ns3,55.0,92,1,0,1,1,91,74,1.000000
ns3,55.0,93,1,0,1,1,92,75,1.000000
ns3,55.0,94,1,0,1,1,93,76,1.000000
ns3,55.0,95,1,0,1,1,94,77,1.000000
ns3,55.0,96,1,1,0,1,95,77,1.000000
ns3,55.0,97,1,0,1,1,96,78,1.000000
ns3,55.0,98,1,0,1,1,97,79,1.000000
ns3,55.0,99,1,0,1,1,98,80,1.000000
ns3,55.0,100,1,1,0,1,99,80,1.000000
ns3,55.0,101,1,0,1,1,100,81,1.000000
ns3,55.0,102,1,0,1,1,101,82,1.000000
ns3,55.0,103,1,0,1,1,102,83,1.000000
ns3,55.0,104,1,0,1,1,103,84,1.000000
ns3,55.0,105,1,0,1,1,104,85,1.000000
ns3,55.0,106,1,0,1,1,105,86,1.000000
ns3,55.0,107,1,1,0,1,106,86,1.000000
ns3,55.0,108,1,1,0,1,107,86,1.000000
ns3,55.0,109,1,1,0,1,108,86,1.000000
ns3,55.0,110,0,0,0,1,108,86,1.000000
ns3,55.0,111,1,0,1,1,109,87,1.000000
ns3,55.0,112,1,1,0,1,110,87,1.000000
ns3,55.0,113,1,0,1,1,111,88,1.000000
ns3,55.0,114,1,0,1,1,112,89,1.000000
ns3,55.0,115,1,0,1,1,113,90,1.000000
ns3,55.0,116,1,1,0,1,114,90,1.000000
ns3,55.0,117,1,0,1,1,115,91,1.000000
ns3,55.0,118,1,0,1,1,116,92,1.000000
ns3,55.0,119,0,0,0,1,116,92,1.000000
ns3,55.0,120,1,0,1,1,117,93,1.000000
ns3,55.0,121,0,0,0,1,117,93,1.000000
ns3,55.0,122,1,1,0,1,118,93,1.000000
ns3,55.0,123,0,0,0,1,118,93,1.000000
ns3,55.0,124,1,0,1,1,119,94,1.000000
ns3,55.0,125,1,0,1,1,120,95,1.000000
ns3,55.0,126,1,0,1,1,121,96,1.000000
ns3,55.0,127,1,0,1,1,122,97,1.000000
ns3,55.0,128,1,1,0,1,123,97,1.000000
ns3,55.0,129,1,0,1,1,124,98,1.000000
ns3,55.0,130,1,0,1,1,125,99,1.000000
ns3,55.0,131,1,0,1,1,126,100,1.000000
ns3,55.0,132,1,0,1,1,127,101,1.000000
ns3,55.0,133,1,0,1,1,128,102,1.000000
ns3,55.0,134,1,0,1,1,129,103,1.000000
ns3,55.0,135,1,0,1,1,130,104,1.000000
ns3,55.0,136,1,0,1,1,131,105,1.000000
ns3,55.0,137,1,0,1,1,132,106,1.000000
ns3,55.0,138,1,0,1,1,133,107,1.000000
ns3,55.0,139,0,0,0,1,133,107,1.000000
ns3,55.0,140,1,0,1,1,134,108,1.000000
ns3,55.0,141,1,0,1,1,135,109,1.000000
ns3,55.0,142,1,0,1,1,136,110,1.000000
ns3,55.0,143,1,0,1,1,137,111,1.000000
ns3,55.0,144,1,0,1,1,138,112,1.000000
ns3,55.0,145,0,1,0,1,138,112,1.000000
ns3,55.0,146,0,0,0,1,138,112,1.000000
ns3,55.0,147,1,0,1,1,139,113,1.000000
ns3,55.0,148,1,0,1,1,140,114,1.000000
ns3,55.0,149,1,0,1,1,141,115,1.000000
ns3,55.0,150,1,0,1,1,142,116,1.000000
ns3,55.0,151,1,0,1,1,143,117,1.000000
ns3,55.0,152,1,0,1,1,144,118,1.000000
ns3,55.0,153,1,0,1,1,145,119,1.000000
ns3,55.0,154,1,0,1,1,146,120,1.000000
ns3,55.0,155,1,0,1,1,147,121,1.000000
ns3,55.0,156,1,0,1,1,148,122,1.000000
ns3,55.0,157,1,0,1,1,149,123,1.000000
ns3,55.0,158,1,0,1,1,150,124,1.000000
ns3,55.0,159,1,0,1,1,151,125,1.000000
ns3,55.0,160,1,0,1,1,152,126,1.000000
ns3,55.0,161,1,0,1,1,153,127,1.000000
ns3,55.0,162,1,0,1,1,154,128,1.000000
ns3,55.0,163,1,0,1,1,155,129,1.000000
ns3,55.0,164,1,0,1,1,156,130,1.000000
ns3,55.0,165,0,1,0,1,156,130,1.000000
ns3,55.0,166,1,0,1,1,157,131,1.000000
ns3,55.0,167,1,0,1,1,158,132,1.000000
ns3,55.0,168,1,0,1,1,159,133,1.000000
ns3,55.0,169,1,0,1,1,160,134,1.000000
ns3,55.0,170,1,1,0,1,161,134,1.000000
ns3,55.0,171,0,0,0,1,161,134,1.000000
ns3,55.0,172,0,1,0,1,161,134,1.000000
ns3,55.0,173,1,0,1,1,162,135,1.000000
ns3,55.0,174,1,0,1,1,163,136,1.000000
ns3,55.0,175,1,1,0,1,164,136,1.000000
ns3,55.0,176,1,1,0,1,165,136,1.000000
ns3,55.0,177,1,0,1,1,166,137,1.000000
ns3,55.0,178,1,0,1,1,167,138,1.000000
ns3,55.0,179,1,1,0,1,168,138,1.000000
ns3,55.0,180,1,1,0,1,169,138,1.000000
ns3,55.0,181,1,1,0,1,170,138,1.000000
ns3,55.0,182,1,0,1,1,171,139,1.000000
ns3,55.0,183,1,0,1,1,172,140,1.000000
ns3,55.0,184,1,0,1,1,173,141,1.000000
ns3,55.0,185,1,0,1,1,174,142,1.000000
ns3,55.0,186,1,0,1,1,175,143,1.000000
ns3,55.0,187,0,0,0,1,175,143,1.000000
ns3,55.0,188,1,0,1,1,176,144,1.000000
ns3,55.0,189,1,0,1,1,177,145,1.000000
ns3,55.0,190,1,0,1,1,178,146,1.000000
ns3,55.0,191,1,0,1,1,179,147,1.000000
ns3,55.0,192,1,0,1,1,180,148,1.000000
ns3,55.0,193,1,1,0,1,181,148,1.000000
ns3,55.0,194,0,0,0,1,181,148,1.000000
ns3,55.0,195,0,0,0,1,181,148,1.000000
ns3,55.0,196,1,1,0,1,182,148,1.000000
ns3,55.0,197,1,0,1,1,183,149,1.000000
ns3,55.0,198,1,0,1,1,184,150,1.000000
ns3,55.0,199,1,0,1,1,185,151,1.000000
ns3,55.0,200,1,1,0,1,186,151,1.000000
ns3,55.0,201,1,0,1,1,187,152,1.000000
ns3,55.0,202,1,0,1,1,188,153,1.000000
ns3,55.0,203,0,0,0,1,188,153,1.000000
ns3,55.0,204,1,0,1,1,189,154,1.000000
ns3,55.0,205,1,0,1,1,190,155,1.000000
ns3,55.0,206,1,1,0,1,191,155,1.000000
ns3,55.0,207,1,1,0,1,192,155,1.000000
ns3,55.0,208,1,1,0,1,193,155,1.000000
ns3,55.0,209,1,0,1,1,194,156,1.000000
ns3,55.0,210,0,0,0,1,194,156,1.000000
ns3,55.0,211,1,0,1,1,195,157,1.000000
ns3,55.0,212,1,0,1,1,196,158,1.000000
ns3,55.0,213,1,0,1,1,197,159,1.000000
ns3,55.0,214,1,0,1,1,198,160,1.000000
ns3,55.0,215,1,0,1,1,199,161,1.000000
ns3,55.0,216,1,0,1,1,200,162,1.000000
ns3,55.0,217,1,0,1,1,201,163,1.000000
ns3,55.0,218,1,1,0,1,202,163,1.000000
ns3,55.0,219,1,0,1,1,203,164,1.000000
ns3,55.0,220,1,0,1,1,204,165,1.000000
ns3,55.0,221,1,0,1,1,205,166,1.000000
ns3,55.0,222,1,0,1,1,206,167,1.000000
ns3,55.0,223,1,1,0,1,207,167,1.000000
ns3,55.0,224,1,0,1,1,208,168,1.000000
ns3,55.0,225,1,0,1,1,209,169,1.000000
ns3,55.0,226,1,0,1,1,210,170,1.000000
ns3,55.0,227,1,0,1,1,211,171,1.000000
ns3,55.0,228,1,0,1,1,212,172,1.000000
ns3,55.0,229,1,0,1,1,213,173,1.000000
ns3,55.0,230,1,0,1,1,214,174,1.000000
ns3,55.0,231,1,0,1,1,215,175,1.000000
ns3,55.0,232,1,1,0,1,216,175,1.000000
ns3,55.0,233,1,0,1,1,217,176,1.000000
ns3,55.0,234,1,0,1,1,218,177,1.000000
ns3,55.0,235,1,0,1,1,219,178,1.000000
ns3,55.0,236,1,0,1,1,220,179,1.000000
ns3,55.0,237,1,0,1,1,221,180,1.000000
ns3,55.0,238,1,0,1,1,222,181,1.000000
ns3,55.0,239,1,1,0,1,223,181,1.000000
ns3,55.0,240,1,0,1,1,224,182,1.000000
ns3,55.0,241,1,0,1,1,225,183,1.000000
ns3,55.0,242,1,0,1,1,226,184,1.000000
ns3,55.0,243,1,0,1,1,227,185,1.000000
ns3,55.0,244,1,0,1,1,228,186,1.000000
ns3,55.0,245,1,0,1,1,229,187,1.000000
ns3,55.0,246,1,0,1,1,230,188,1.000000
ns3,55.0,247,1,1,0,1,231,188,1.000000
ns3,55.0,248,1,1,0,1,232,188,1.000000
ns3,55.0,249,1,1,0,1,233,188,1.000000
ns3,55.0,250,1,0,1,1,234,189,1.000000
ns3,55.0,251,1,0,1,1,235,190,1.000000
ns3,55.0,252,1,0,1,1,236,191,1.000000
ns3,55.0,253,1,1,0,1,237,191,1.000000
ns3,55.0,254,1,0,1,1,238,192,1.000000
ns3,55.0,255,1,0,1,1,239,193,1.000000
ns3,55.0,256,1,0,1,1,240,194,1.000000
ns3,55.0,257,1,0,1,1,241,195,1.000000
ns3,55.0,258,1,0,1,1,242,196,1.000000
ns3,55.0,259,1,0,1,1,243,197,1.000000
ns3,55.0,260,1,0,1,1,244,198,1.000000
ns3,55.0,261,1,0,1,1,245,199,1.000000
ns3,55.0,262,1,0,1,1,246,200,1.000000
ns3,55.0,263,1,0,1,1,247,201,1.000000
ns3,55.0,264,0,1,0,1,247,201,1.000000
ns3,55.0,265,1,0,1,1,248,202,1.000000
ns3,55.0,266,1,0,1,1,249,203,1.000000
ns3,55.0,267,1,0,1,1,250,204,1.000000
ns3,55.0,268,1,0,1,1,251,205,1.000000
ns3,55.0,269,1,0,1,1,252,206,1.000000
ns3,55.0,270,1,0,1,1,253,207,1.000000
ns3,55.0,271,1,0,1,1,254,208,1.000000
ns3,55.0,272,1,0,1,1,255,209,1.000000
ns3,55.0,273,1,1,0,1,256,209,1.000000
ns3,55.0,274,1,0,1,1,257,210,1.000000
ns3,55.0,275,1,0,1,1,258,211,1.000000
ns3,55.0,276,1,0,1,1,259,212,1.000000
ns3,55.0,277,1,0,1,1,260,213,1.000000
ns3,55.0,278,1,0,1,1,261,214,1.000000
ns3,55.0,279,1,0,1,1,262,215,1.000000
ns3,55.0,280,1,0,1,1,263,216,1.000000
ns3,55.0,281,1,0,1,1,264,217,1.000000
ns3,55.0,282,1,0,1,1,265,218,1.000000
ns3,55.0,283,1,0,1,1,266,219,1.000000
ns3,55.0,284,1,0,1,1,267,220,1.000000
ns3,55.0,285,1,1,0,1,268,220,1.000000
ns3,55.0,286,1,1,0,1,269,220,1.000000
ns3,55.0,287,1,0,1,1,270,221,1.000000
ns3,55.0,288,1,0,1,1,271,222,1.000000
ns3,55.0,289,1,1,0,1,272,222,1.000000
ns3,55.0,290,1,0,1,1,273,223,1.000000
ns3,55.0,291,1,0,1,1,274,224,1.000000
ns3,55.0,292,1,0,1,1,275,225,1.000000
ns3,55.0,293,1,0,1,1,276,226,1.000000
ns3,55.0,294,0,0,0,1,276,226,1.000000
ns3,55.0,295,1,0,1,1,277,227,1.000000
ns3,55.0,296,1,0,1,1,278,228,1.000000
ns3,55.0,297,1,0,1,1,279,229,1.000000
ns3,55.0,298,1,0,1,1,280,230,1.000000
ns3,55.0,299,1,0,1,1,281,231,1.000000
ns3,55.0,300,1,0,1,1,282,232,1.000000
ns3,55.0,301,1,0,1,1,283,233,1.000000
ns3,55.0,302,1,0,1,1,284,234,1.000000
ns3,55.0,303,1,0,1,1,285,235,1.000000
ns3,55.0,304,1,0,1,1,286,236,1.000000
ns3,55.0,305,1,0,1,1,287,237,1.000000
ns3,55.0,306,1,0,1,1,288,238,1.000000
ns3,55.0,307,1,0,1,1,289,239,1.000000
ns3,55.0,308,1,0,1,1,290,240,1.000000
ns3,55.0,309,1,0,1,1,291,241,1.000000
ns3,55.0,310,1,0,1,1,292,242,1.000000
ns3,55.0,311,1,0,1,1,293,243,1.000000
ns3,55.0,312,0,0,0,1,293,243,1.000000
ns3,55.0,313,1,0,1,1,294,244,1.000000
ns3,55.0,314,1,0,1,1,295,245,1.000000
ns3,55.0,315,1,0,1,1,296,246,1.000000
ns3,55.0,316,1,0,1,1,297,247,1.000000
ns3,55.0,317,1,0,1,1,298,248,1.000000
ns3,55.0,318,1,0,1,1,299,249,1.000000
ns3,55.0,319,0,0,0,1,299,249,1.000000
ns3,55.0,320,1,0,1,1,300,250,1.000000
ns3,55.0,321,1,0,1,1,301,251,1.000000
ns3,55.0,322,1,0,1,1,302,252,1.000000
ns3,55.0,323,1,0,1,1,303,253,1.000000
ns3,55.0,324,1,0,1,1,304,254,1.000000
ns3,55.0,325,1,0,1,1,305,255,1.000000
ns3,55.0,326,1,0,1,1,306,256,1.000000
ns3,55.0,327,1,1,0,1,307,256,1.000000
ns3,55.0,328,1,1,0,1,308,256,1.000000
ns3,55.0,329,0,0,0,1,308,256,1.000000
ns3,55.0,330,1,0,1,1,309,257,1.000000
ns3,55.0,331,1,0,1,1,310,258,1.000000
ns3,55.0,332,1,0,1,1,311,259,1.000000
ns3,55.0,333,1,0,1,1,312,260,1.000000
ns3,55.0,334,1,0,1,1,313,261,1.000000
ns3,55.0,335,1,1,0,1,314,261,1.000000
ns3,55.0,336,1,0,1,1,315,262,1.000000
ns3,55.0,337,1,1,0,1,316,262,1.000000
ns3,55.0,338,1,0,1,1,317,263,1.000000
ns3,55.0,339,1,0,1,1,318,264,1.000000
ns3,55.0,340,1,0,1,1,319,265,1.000000
ns3,55.0,341,1,1,0,1,320,265,1.000000
ns3,55.0,342,1,1,0,1,321,265,1.000000
ns3,55.0,343,1,0,1,1,322,266,1.000000
ns3,55.0,344,1,1,0,1,323,266,1.000000
ns3,55.0,345,1,0,1,1,324,267,1.000000
ns3,55.0,346,1,0,1,1,325,268,1.000000
ns3,55.0,347,1,1,0,1,326,268,1.000000
ns3,55.0,348,1,0,1,1,327,269,1.000000
ns3,55.0,349,0,1,0,1,327,269,1.000000
ns3,55.0,350,1,1,0,1,328,269,1.000000
ns3,55.0,351,1,1,0,1,329,269,1.000000
ns3,55.0,352,1,0,1,1,330,270,1.000000
ns3,55.0,353,1,0,1,1,331,271,1.000000
ns3,55.0,354,1,0,1,1,332,272,1.000000
ns3,55.0,355,1,0,1,1,333,273,1.000000
ns3,55.0,356,1,0,1,1,334,274,1.000000
ns3,55.0,357,1,1,0,1,335,274,1.000000
ns3,55.0,358,1,1,0,1,336,274,1.000000
ns3,55.0,359,1,0,1,1,337,275,1.000000
ns3,55.0,360,1,0,1,1,338,276,1.000000
ns3,55.0,361,1,0,1,1,339,277,1.000000
ns3,55.0,362,1,1,0,1,340,277,1.000000
ns3,55.0,363,1,0,1,1,341,278,1.000000
ns3,55.0,364,1,0,1,1,342,279,1.000000
ns3,55.0,365,1,0,1,1,343,280,1.000000
ns3,55.0,366,1,1,0,1,344,280,1.000000
ns3,55.0,367,1,0,1,1,345,281,1.000000
ns3,55.0,368,1,0,1,1,346,282,1.000000
ns3,55.0,369,1,0,1,1,347,283,1.000000
ns3,55.0,370,1,0,1,1,348,284,1.000000
ns3,55.0,371,1,1,0,1,349,284,1.000000
ns3,55.0,372,1,0,1,1,350,285,1.000000
ns3,55.0,373,1,1,0,1,351,285,1.000000
ns3,55.0,374,1,0,1,1,352,286,1.000000
ns3,55.0,375,1,0,1,1,353,287,1.000000
ns3,55.0,376,1,0,1,1,354,288,1.000000
ns3,55.0,377,1,0,1,1,355,289,1.000000
ns3,55.0,378,1,0,1,1,356,290,1.000000
ns3,55.0,379,1,0,1,1,357,291,1.000000
ns3,55.0,380,1,0,1,1,358,292,1.000000
ns3,55.0,381,1,0,1,1,359,293,1.000000
ns3,55.0,382,1,0,1,1,360,294,1.000000
ns3,55.0,383,1,0,1,1,361,295,1.000000
ns3,55.0,384,1,0,1,1,362,296,1.000000
ns3,55.0,385,1,0,1,1,363,297,1.000000
ns3,55.0,386,1,0,1,1,364,298,1.000000
ns3,55.0,387,1,1,0,1,365,298,1.000000
ns3,55.0,388,1,0,1,1,366,299,1.000000
ns3,55.0,389,1,0,1,1,367,300,1.000000
ns3,55.0,390,1,0,1,1,368,301,1.000000
ns3,55.0,391,1,0,1,1,369,302,1.000000
ns3,55.0,392,1,0,1,1,370,303,1.000000
ns3,55.0,393,1,0,1,1,371,304,1.000000
ns3,55.0,394,1,0,1,1,372,305,1.000000
ns3,55.0,395,1,0,1,1,373,306,1.000000
ns3,55.0,396,1,0,1,1,374,307,1.000000
ns3,55.0,397,1,0,1,1,375,308,1.000000
ns3,55.0,398,1,0,1,1,376,309,1.000000
ns3,55.0,399,1,0,1,1,377,310,1.000000
ns3,55.0,400,1,1,0,1,378,310,1.000000
ns3,60.0,1,1,0,1,1,1,1,1.000000
ns3,60.0,2,1,0,1,1,2,2,1.000000
ns3,60.0,3,1,0,1,1,3,3,1.000000
ns3,60.0,4,1,0,1,1,4,4,1.000000
ns3,60.0,5,0,0,0,1,4,4,1.000000
ns3,60.0,6,1,1,0,1,5,4,0.999680
ns3,60.0,7,1,0,1,1,6,5,0.999979
ns3,60.0,8,1,0,1,1,7,6,0.999999
ns3,60.0,9,1,0,1,1,8,7,1.000000
ns3,60.0,10,1,0,1,1,9,8,1.000000
ns3,60.0,11,1,0,1,1,10,9,1.000000
ns3,60.0,12,1,0,1,1,11,10,1.000000
ns3,60.0,13,1,0,1,1,12,11,1.000000
ns3,60.0,14,1,0,1,1,13,12,1.000000
ns3,60.0,15,1,0,1,1,14,13,1.000000
ns3,60.0,16,1,1,0,1,15,13,1.000000
ns3,60.0,17,1,0,1,1,16,14,1.000000
ns3,60.0,18,1,1,0,1,17,14,1.000000
ns3,60.0,19,1,0,1,1,18,15,1.000000
ns3,60.0,20,1,0,1,1,19,16,1.000000
ns3,60.0,21,1,0,1,1,20,17,1.000000
ns3,60.0,22,1,0,1,1,21,18,1.000000
ns3,60.0,23,1,0,1,1,22,19,1.000000
ns3,60.0,24,1,0,1,1,23,20,1.000000
ns3,60.0,25,1,0,1,1,24,21,1.000000
ns3,60.0,26,1,0,1,1,25,22,1.000000
ns3,60.0,27,1,1,0,1,26,22,1.000000
ns3,60.0,28,1,0,1,1,27,23,1.000000
ns3,60.0,29,1,0,1,1,28,24,1.000000
ns3,60.0,30,1,0,1,1,29,25,1.000000
ns3,60.0,31,1,0,1,1,30,26,1.000000
ns3,60.0,32,1,1,0,1,31,26,1.000000
ns3,60.0,33,1,0,1,1,32,27,1.000000
ns3,60.0,34,1,0,1,1,33,28,1.000000
ns3,60.0,35,1,1,0,1,34,28,1.000000
ns3,60.0,36,0,1,0,1,34,28,1.000000
ns3,60.0,37,1,1,0,1,35,28,1.000000
ns3,60.0,38,1,0,1,1,36,29,1.000000
ns3,60.0,39,1,0,1,1,37,30,1.000000
ns3,60.0,40,1,0,1,1,38,31,1.000000
ns3,60.0,41,1,0,1,1,39,32,1.000000
ns3,60.0,42,1,0,1,1,40,33,1.000000
ns3,60.0,43,1,0,1,1,41,34,1.000000
ns3,60.0,44,1,0,1,1,42,35,1.000000
ns3,60.0,45,1,0,1,1,43,36,1.000000
ns3,60.0,46,1,0,1,1,44,37,1.000000
ns3,60.0,47,1,0,1,1,45,38,1.000000
ns3,60.0,48,1,0,1,1,46,39,1.000000
ns3,60.0,49,0,0,0,1,46,39,1.000000
ns3,60.0,50,1,1,0,1,47,39,1.000000
ns3,60.0,51,1,1,0,1,48,39,1.000000
ns3,60.0,52,1,0,1,1,49,40,1.000000
ns3,60.0,53,1,0,1,1,50,41,1.000000
ns3,60.0,54,1,0,1,1,51,42,1.000000
ns3,60.0,55,1,1,0,1,52,42,1.000000
ns3,60.0,56,1,0,1,1,53,43,1.000000
ns3,60.0,57,1,0,1,1,54,44,1.000000
ns3,60.0,58,1,0,1,1,55,45,1.000000
ns3,60.0,59,1,0,1,1,56,46,1.000000
ns3,60.0,60,1,0,1,1,57,47,1.000000
ns3,60.0,61,1,0,1,1,58,48,1.000000
ns3,60.0,62,1,0,1,1,59,49,1.000000
ns3,60.0,63,1,0,1,1,60,50,1.000000
ns3,60.0,64,1,1,0,1,61,50,1.000000
ns3,60.0,65,1,0,1,1,62,51,1.000000
ns3,60.0,66,1,0,1,1,63,52,1.000000
ns3,60.0,67,1,0,1,1,64,53,1.000000
ns3,60.0,68,1,0,1,1,65,54,1.000000
ns3,60.0,69,1,0,1,1,66,55,1.000000
ns3,60.0,70,1,0,1,1,67,56,1.000000
ns3,60.0,71,1,0,1,1,68,57,1.000000
ns3,60.0,72,1,0,1,1,69,58,1.000000
ns3,60.0,73,0,0,0,1,69,58,1.000000
ns3,60.0,74,1,0,1,1,70,59,1.000000
ns3,60.0,75,1,0,1,1,71,60,1.000000
ns3,60.0,76,1,0,1,1,72,61,1.000000
ns3,60.0,77,1,1,0,1,73,61,1.000000
ns3,60.0,78,1,0,1,1,74,62,1.000000
ns3,60.0,79,1,0,1,1,75,63,1.000000
ns3,60.0,80,1,0,1,1,76,64,1.000000
ns3,60.0,81,1,1,0,1,77,64,1.000000
ns3,60.0,82,1,0,1,1,78,65,1.000000
ns3,60.0,83,1,0,1,1,79,66,1.000000
ns3,60.0,84,1,0,1,1,80,67,1.000000
ns3,60.0,85,1,0,1,1,81,68,1.000000
ns3,60.0,86,1,0,1,1,82,69,1.000000
ns3,60.0,87,1,0,1,1,83,70,1.000000
ns3,60.0,88,1,0,1,1,84,71,1.000000
ns3,60.0,89,1,0,1,1,85,72,1.000000
ns3,60.0,90,1,1,0,1,86,72,1.000000
ns3,60.0,91,0,0,0,1,86,72,1.000000
ns3,60.0,92,1,0,1,1,87,73,1.000000
ns3,60.0,93,1,0,1,1,88,74,1.000000
ns3,60.0,94,1,0,1,1,89,75,1.000000
ns3,60.0,95,1,0,1,1,90,76,1.000000
ns3,60.0,96,1,0,1,1,91,77,1.000000
ns3,60.0,97,1,1,0,1,92,77,1.000000
ns3,60.0,98,1,0,1,1,93,78,1.000000
ns3,60.0,99,1,0,1,1,94,79,1.000000
ns3,60.0,100,1,1,0,1,95,79,1.000000
ns3,60.0,101,1,0,1,1,96,80,1.000000
ns3,60.0,102,1,1,0,1,97,80,1.000000
ns3,60.0,103,1,0,1,1,98,81,1.000000
ns3,60.0,104,0,0,0,1,98,81,1.000000
ns3,60.0,105,1,0,1,1,99,82,1.000000
ns3,60.0,106,1,1,0,1,100,82,1.000000
ns3,60.0,107,0,0,0,1,100,82,1.000000
ns3,60.0,108,1,0,1,1,101,83,1.000000
ns3,60.0,109,1,0,1,1,102,84,1.000000
ns3,60.0,110,1,0,1,1,103,85,1.000000
ns3,60.0,111,1,0,1,1,104,86,1.000000
ns3,60.0,112,1,0,1,1,105,87,1.000000
ns3,60.0,113,1,0,1,1,106,88,1.000000
ns3,60.0,114,1,0,1,1,107,89,1.000000
ns3,60.0,115,0,0,0,1,107,89,1.000000
ns3,60.0,116,0,0,0,1,107,89,1.000000
ns3,60.0,117,1,0,1,1,108,90,1.000000
ns3,60.0,118,1,0,1,1,109,91,1.000000
ns3,60.0,119,1,0,1,1,110,92,1.000000
ns3,60.0,120,1,1,0,1,111,92,1.000000
ns3,60.0,121,1,0,1,1,112,93,1.000000
ns3,60.0,122,1,1,0,1,113,93,1.000000
ns3,60.0,123,1,0,1,1,114,94,1.000000
ns3,60.0,124,1,0,1,1,115,95,1.000000
ns3,60.0,125,1,0,1,1,116,96,1.000000
ns3,60.0,126,1,0,1,1,117,97,1.000000
ns3,60.0,127,1,0,1,1,118,98,1.000000
ns3,60.0,128,1,0,1,1,119,99,1.000000
ns3,60.0,129,1,0,1,1,120,100,1.000000
ns3,60.0,130,1,1,0,1,121,100,1.000000
ns3,60.0,131,1,0,1,1,122,101,1.000000
ns3,60.0,132,1,0,1,1,123,102,1.000000
ns3,60.0,133,1,0,1,1,124,103,1.000000
ns3,60.0,134,1,1,0,1,125,103,1.000000
ns3,60.0,135,1,0,1,1,126,104,1.000000
ns3,60.0,136,1,0,1,1,127,105,1.000000
ns3,60.0,137,1,0,1,1,128,106,1.000000
ns3,60.0,138,1,0,1,1,129,107,1.000000
ns3,60.0,139,1,0,1,1,130,108,1.000000
ns3,60.0,140,1,0,1,1,131,109,1.000000
ns3,60.0,141,1,0,1,1,132,110,1.000000
ns3,60.0,142,1,0,1,1,133,111,1.000000
ns3,60.0,143,1,0,1,1,134,112,1.000000
ns3,60.0,144,1,0,1,1,135,113,1.000000
ns3,60.0,145,1,0,1,1,136,114,1.000000
ns3,60.0,146,1,0,1,1,137,115,1.000000
ns3,60.0,147,1,0,1,1,138,116,1.000000
ns3,60.0,148,0,0,0,1,138,116,1.000000
ns3,60.0,149,1,0,1,1,139,117,1.000000
ns3,60.0,150,1,0,1,1,140,118,1.000000
ns3,60.0,151,1,0,1,1,141,119,1.000000
ns3,60.0,152,1,0,1,1,142,120,1.000000
ns3,60.0,153,1,1,0,1,143,120,1.000000
ns3,60.0,154,1,0,1,1,144,121,1.000000
ns3,60.0,155,1,0,1,1,145,122,1.000000
ns3,60.0,156,1,0,1,1,146,123,1.000000
ns3,60.0,157,0,1,0,1,146,123,1.000000
ns3,60.0,158,1,0,1,1,147,124,1.000000
ns3,60.0,159,1,1,0,1,148,124,1.000000
ns3,60.0,160,1,0,1,1,149,125,1.000000
ns3,60.0,161,1,1,0,1,150,125,1.000000
ns3,60.0,162,1,0,1,1,151,126,1.000000
ns3,60.0,163,1,0,1,1,152,127,1.000000
ns3,60.0,164,1,1,0,1,153,127,1.000000
ns3,60.0,165,1,0,1,1,154,128,1.000000
ns3,60.0,166,1,0,1,1,155,129,1.000000
ns3,60.0,167,1,0,1,1,156,130,1.000000
ns3,60.0,168,1,0,1,1,157,131,1.000000
ns3,60.0,169,0,0,0,1,157,131,1.000000
ns3,60.0,170,1,0,1,1,158,132,1.000000
ns3,60.0,171,1,0,1,1,159,133,1.000000
ns3,60.0,172,1,1,0,1,160,133,1.000000
ns3,60.0,173,1,1,0,1,161,133,1.000000
ns3,60.0,174,1,0,1,1,162,134,1.000000
ns3,60.0,175,1,0,1,1,163,135,1.000000
ns3,60.0,176,1,0,1,1,164,136,1.000000
ns3,60.0,177,1,1,0,1,165,136,1.000000
ns3,60.0,178,1,0,1,1,166,137,1.000000
ns3,60.0,179,1,0,1,1,167,138,1.000000
ns3,60.0,180,1,0,1,1,168,139,1.000000
ns3,60.0,181,1,0,1,1,169,140,1.000000
ns3,60.0,182,1,0,1,1,170,141,1.000000
ns3,60.0,183,1,0,1,1,171,142,1.000000
ns3,60.0,184,0,0,0,1,171,142,1.000000
ns3,60.0,185,1,0,1,1,172,143,1.000000
ns3,60.0,186,1,0,1,1,173,144,1.000000
ns3,60.0,187,1,0,1,1,174,145,1.000000
ns3,60.0,188,1,0,1,1,175,146,1.000000
ns3,60.0,189,1,0,1,1,176,147,1.000000
ns3,60.0,190,1,0,1,1,177,148,1.000000
ns3,60.0,191,1,0,1,1,178,149,1.000000
ns3,60.0,192,1,1,0,1,179,149,1.000000
ns3,60.0,193,1,0,1,1,180,150,1.000000
ns3,60.0,194,1,0,1,1,181,151,1.000000
ns3,60.0,195,1,0,1,1,182,152,1.000000
ns3,60.0,196,1,0,1,1,183,153,1.000000
ns3,60.0,197,1,0,1,1,184,154,1.000000
ns3,60.0,198,1,0,1,1,185,155,1.000000
ns3,60.0,199,1,0,1,1,186,156,1.000000
ns3,60.0,200,1,0,1,1,187,157,1.000000
ns3,60.0,201,1,0,1,1,188,158,1.000000
ns3,60.0,202,1,0,1,1,189,159,1.000000
ns3,60.0,203,1,0,1,1,190,160,1.000000
ns3,60.0,204,1,0,1,1,191,161,1.000000
ns3,60.0,205,1,0,1,1,192,162,1.000000
ns3,60.0,206,0,0,0,1,192,162,1.000000
ns3,60.0,207,1,0,1,1,193,163,1.000000
ns3,60.0,208,1,1,0,1,194,163,1.000000
ns3,60.0,209,0,0,0,1,194,163,1.000000
ns3,60.0,210,1,0,1,1,195,164,1.000000
ns3,60.0,211,1,0,1,1,196,165,1.000000
ns3,60.0,212,1,0,1,1,197,166,1.000000
ns3,60.0,213,1,0,1,1,198,167,1.000000
ns3,60.0,214,1,0,1,1,199,168,1.000000
ns3,60.0,215,1,0,1,1,200,169,1.000000
ns3,60.0,216,1,0,1,1,201,170,1.000000
ns3,60.0,217,1,0,1,1,202,171,1.000000
ns3,60.0,218,1,0,1,1,203,172,1.000000
ns3,60.0,219,1,0,1,1,204,173,1.000000
ns3,60.0,220,1,0,1,1,205,174,1.000000
ns3,60.0,221,1,0,1,1,206,175,1.000000
ns3,60.0,222,1,0,1,1,207,176,1.000000
ns3,60.0,223,1,0,1,1,208,177,1.000000
ns3,60.0,224,1,1,0,1,209,177,1.000000
ns3,60.0,225,1,0,1,1,210,178,1.000000
ns3,60.0,226,1,0,1,1,211,179,1.000000
ns3,60.0,227,1,0,1,1,212,180,1.000000
ns3,60.0,228,1,0,1,1,213,181,1.000000
ns3,60.0,229,1,0,1,1,214,182,1.000000
ns3,60.0,230,1,0,1,1,215,183,1.000000
ns3,60.0,231,1,0,1,1,216,184,1.000000
ns3,60.0,232,1,0,1,1,217,185,1.000000
ns3,60.0,233,1,0,1,1,218,186,1.000000
ns3,60.0,234,1,0,1,1,219,187,1.000000
ns3,60.0,235,1,0,1,1,220,188,1.000000
ns3,60.0,236,1,0,1,1,221,189,1.000000
ns3,60.0,237,1,1,0,1,222,189,1.000000
ns3,60.0,238,1,0,1,1,223,190,1.000000
ns3,60.0,239,1,0,1,1,224,191,1.000000
ns3,60.0,240,0,0,0,1,224,191,1.000000
ns3,60.0,241,1,0,1,1,225,192,1.000000
ns3,60.0,242,1,0,1,1,226,193,1.000000
ns3,60.0,243,1,0,1,1,227,194,1.000000
ns3,60.0,244,1,0,1,1,228,195,1.000000
ns3,60.0,245,1,0,1,1,229,196,1.000000
ns3,60.0,246,1,0,1,1,230,197,1.000000
ns3,60.0,247,1,0,1,1,231,198,1.000000
ns3,60.0,248,1,0,1,1,232,199,1.000000
ns3,60.0,249,1,1,0,1,233,199,1.000000
ns3,60.0,250,1,0,1,1,234,200,1.000000
ns3,60.0,251,1,0,1,1,235,201,1.000000
ns3,60.0,252,1,0,1,1,236,202,1.000000
ns3,60.0,253,1,0,1,1,237,203,1.000000
ns3,60.0,254,1,0,1,1,238,204,1.000000
ns3,60.0,255,1,0,1,1,239,205,1.000000
ns3,60.0,256,1,0,1,1,240,206,1.000000
ns3,60.0,257,1,0,1,1,241,207,1.000000
ns3,60.0,258,1,1,0,1,242,207,1.000000
ns3,60.0,259,1,0,1,1,243,208,1.000000
ns3,60.0,260,1,1,0,1,244,208,1.000000
ns3,60.0,261,1,0,1,1,245,209,1.000000
ns3,60.0,262,1,0,1,1,246,210,1.000000
ns3,60.0,263,1,0,1,1,247,211,1.000000
ns3,60.0,264,1,0,1,1,248,212,1.000000
ns3,60.0,265,1,0,1,1,249,213,1.000000
ns3,60.0,266,1,0,1,1,250,214,1.000000
ns3,60.0,267,1,0,1,1,251,215,1.000000
ns3,60.0,268,1,0,1,1,252,216,1.000000
ns3,60.0,269,1,0,1,1,253,217,1.000000
ns3,60.0,270,1,0,1,1,254,218,1.000000
ns3,60.0,271,1,1,0,1,255,218,1.000000
ns3,60.0,272,1,0,1,1,256,219,1.000000
ns3,60.0,273,1,0,1,1,257,220,1.000000
ns3,60.0,274,1,0,1,1,258,221,1.000000
ns3,60.0,275,1,0,1,1,259,222,1.000000
ns3,60.0,276,1,0,1,1,260,223,1.000000
ns3,60.0,277,1,0,1,1,261,224,1.000000
ns3,60.0,278,1,0,1,1,262,225,1.000000
ns3,60.0,279,1,1,0,1,263,225,1.000000
ns3,60.0,280,1,0,1,1,264,226,1.000000
ns3,60.0,281,1,0,1,1,265,227,1.000000
ns3,60.0,282,1,0,1,1,266,228,1.000000
ns3,60.0,283,1,1,0,1,267,228,1.000000
ns3,60.0,284,1,0,1,1,268,229,1.000000
ns3,60.0,285,0,0,0,1,268,229,1.000000
ns3,60.0,286,1,0,1,1,269,230,1.000000
ns3,60.0,287,1,1,0,1,270,230,1.000000
ns3,60.0,288,1,0,1,1,271,231,1.000000
ns3,60.0,289,1,0,1,1,272,232,1.000000
ns3,60.0,290,1,0,1,1,273,233,1.000000
ns3,60.0,291,1,0,1,1,274,234,1.000000
ns3,60.0,292,1,0,1,1,275,235,1.000000
ns3,60.0,293,1,1,0,1,276,235,1.000000
ns3,60.0,294,0,0,0,1,276,235,1.000000
ns3,60.0,295,1,0,1,1,277,236,1.000000
ns3,60.0,296,1,0,1,1,278,237,1.000000
ns3,60.0,297,1,0,1,1,279,238,1.000000
ns3,60.0,298,1,0,1,1,280,239,1.000000
ns3,60.0,299,1,0,1,1,281,240,1.000000
ns3,60.0,300,1,0,1,1,282,241,1.000000
ns3,60.0,301,1,0,1,1,283,242,1.000000
ns3,60.0,302,1,0,1,1,284,243,1.000000
ns3,60.0,303,0,0,0,1,284,243,1.000000
ns3,60.0,304,1,0,1,1,285,244,1.000000
ns3,60.0,305,1,0,1,1,286,245,1.000000
ns3,60.0,306,1,0,1,1,287,246,1.000000
ns3,60.0,307,1,0,1,1,288,247,1.000000
ns3,60.0,308,1,0,1,1,289,248,1.000000
ns3,60.0,309,0,0,0,1,289,248,1.000000
ns3,60.0,310,1,1,0,1,290,248,1.000000
ns3,60.0,311,1,0,1,1,291,249,1.000000
ns3,60.0,312,1,0,1,1,292,250,1.000000
ns3,60.0,313,1,0,1,1,293,251,1.000000
ns3,60.0,314,1,0,1,1,294,252,1.000000
ns3,60.0,315,1,0,1,1,295,253,1.000000
ns3,60.0,316,1,0,1,1,296,254,1.000000
ns3,60.0,317,1,0,1,1,297,255,1.000000
ns3,60.0,318,1,0,1,1,298,256,1.000000
ns3,60.0,319,1,0,1,1,299,257,1.000000
ns3,60.0,320,1,0,1,1,300,258,1.000000
ns3,60.0,321,1,0,1,1,301,259,1.000000
ns3,60.0,322,1,1,0,1,302,259,1.000000
ns3,60.0,323,1,0,1,1,303,260,1.000000
ns3,60.0,324,1,0,1,1,304,261,1.000000
ns3,60.0,325,1,1,0,1,305,261,1.000000
ns3,60.0,326,1,0,1,1,306,262,1.000000
ns3,60.0,327,1,0,1,1,307,263,1.000000
ns3,60.0,328,1,0,1,1,308,264,1.000000
ns3,60.0,329,1,0,1,1,309,265,1.000000
ns3,60.0,330,1,0,1,1,310,266,1.000000
ns3,60.0,331,1,0,1,1,311,267,1.000000
ns3,60.0,332,1,0,1,1,312,268,1.000000
ns3,60.0,333,1,1,0,1,313,268,1.000000
ns3,60.0,334,1,0,1,1,314,269,1.000000
ns3,60.0,335,1,0,1,1,315,270,1.000000
ns3,60.0,336,1,0,1,1,316,271,1.000000
ns3,60.0,337,1,0,1,1,317,272,1.000000
ns3,60.0,338,1,0,1,1,318,273,1.000000
ns3,60.0,339,1,0,1,1,319,274,1.000000
ns3,60.0,340,1,0,1,1,320,275,1.000000
ns3,60.0,341,1,0,1,1,321,276,1.000000
ns3,60.0,342,1,0,1,1,322,277,1.000000
ns3,60.0,343,1,1,0,1,323,277,1.000000
ns3,60.0,344,1,0,1,1,324,278,1.000000
ns3,60.0,345,1,1,0,1,325,278,1.000000
ns3,60.0,346,1,0,1,1,326,279,1.000000
ns3,60.0,347,1,0,1,1,327,280,1.000000
ns3,60.0,348,1,0,1,1,328,281,1.000000
ns3,60.0,349,1,0,1,1,329,282,1.000000
ns3,60.0,350,1,0,1,1,330,283,1.000000
ns3,60.0,351,0,0,0,1,330,283,1.000000
ns3,60.0,352,1,0,1,1,331,284,1.000000
ns3,60.0,353,1,0,1,1,332,285,1.000000
ns3,60.0,354,1,0,1,1,333,286,1.000000
ns3,60.0,355,1,0,1,1,334,287,1.000000
ns3,60.0,356,1,0,1,1,335,288,1.000000
ns3,60.0,357,1,0,1,1,336,289,1.000000
ns3,60.0,358,1,0,1,1,337,290,1.000000
ns3,60.0,359,1,0,1,1,338,291,1.000000
ns3,60.0,360,1,0,1,1,339,292,1.000000
ns3,60.0,361,1,0,1,1,340,293,1.000000
ns3,60.0,362,1,0,1,1,341,294,1.000000
ns3,60.0,363,1,0,1,1,342,295,1.000000
ns3,60.0,364,1,0,1,1,343,296,1.000000
ns3,60.0,365,1,0,1,1,344,297,1.000000
ns3,60.0,366,1,0,1,1,345,298,1.000000
ns3,60.0,367,1,0,1,1,346,299,1.000000
ns3,60.0,368,1,0,1,1,347,300,1.000000
ns3,60.0,369,1,0,1,1,348,301,1.000000
ns3,60.0,370,1,0,1,1,349,302,1.000000
ns3,60.0,371,1,0,1,1,350,303,1.000000
ns3,60.0,372,1,0,1,1,351,304,1.000000
ns3,60.0,373,1,0,1,1,352,305,1.000000
ns3,60.0,374,1,0,1,1,353,306,1.000000
ns3,60.0,375,1,0,1,1,354,307,1.000000
ns3,60.0,376,1,0,1,1,355,308,1.000000
ns3,60.0,377,1,0,1,1,356,309,1.000000
ns3,60.0,378,1,0,1,1,357,310,1.000000
ns3,60.0,379,1,0,1,1,358,311,1.000000
ns3,60.0,380,1,0,1,1,359,312,1.000000
ns3,60.0,381,1,0,1,1,360,313,1.000000
ns3,60.0,382,1,0,1,1,361,314,1.000000
ns3,60.0,383,1,0,1,1,362,315,1.000000
ns3,60.0,384,1,0,1,1,363,316,1.000000
ns3,60.0,385,1,0,1,1,364,317,1.000000
ns3,60.0,386,1,0,1,1,365,318,1.000000
ns3,60.0,387,1,0,1,1,366,319,1.000000
ns3,60.0,388,1,0,1,1,367,320,1.000000
ns3,60.0,389,1,1,0,1,368,320,1.000000
ns3,60.0,390,1,0,1,1,369,321,1.000000
ns3,60.0,391,1,0,1,1,370,322,1.000000
ns3,60.0,392,1,0,1,1,371,323,1.000000
ns3,60.0,393,1,0,1,1,372,324,1.000000
ns3,60.0,394,1,1,0,1,373,324,1.000000
ns3,60.0,395,1,0,1,1,374,325,1.000000
ns3,60.0,396,1,0,1,1,375,326,1.000000
ns3,60.0,397,1,0,1,1,376,327,1.000000
ns3,60.0,398,1,0,1,1,377,328,1.000000
ns3,60.0,399,1,0,1,1,378,329,1.000000
ns3,60.0,400,1,0,1,1,379,330,1.000000
ns3,65.0,1,1,0,1,1,1,1,1.000000
ns3,65.0,2,1,0,1,1,2,2,1.000000
ns3,65.0,3,1,0,1,1,3,3,1.000000
ns3,65.0,4,1,0,1,1,4,4,1.000000
ns3,65.0,5,1,0,1,1,5,5,1.000000
ns3,65.0,6,1,0,1,1,6,6,1.000000
ns3,65.0,7,1,0,1,1,7,7,1.000000
ns3,65.0,8,1,0,1,1,8,8,1.000000
ns3,65.0,9,1,0,1,1,9,9,1.000000
ns3,65.0,10,1,0,1,1,10,10,1.000000
ns3,65.0,11,1,0,1,1,11,11,1.000000
ns3,65.0,12,1,0,1,1,12,12,1.000000
ns3,65.0,13,1,0,1,1,13,13,1.000000
ns3,65.0,14,1,0,1,1,14,14,1.000000
ns3,65.0,15,1,0,1,1,15,15,1.000000
ns3,65.0,16,1,0,1,1,16,16,1.000000
ns3,65.0,17,1,0,1,1,17,17,1.000000
ns3,65.0,18,1,0,1,1,18,18,1.000000
ns3,65.0,19,1,0,1,1,19,19,1.000000
ns3,65.0,20,1,0,1,1,20,20,1.000000
ns3,65.0,21,1,0,1,1,21,21,1.000000
ns3,65.0,22,1,0,1,1,22,22,1.000000
ns3,65.0,23,1,0,1,1,23,23,1.000000
ns3,65.0,24,1,0,1,1,24,24,1.000000
ns3,65.0,25,1,0,1,1,25,25,1.000000
ns3,65.0,26,1,1,0,1,26,25,1.000000
ns3,65.0,27,1,0,1,1,27,26,1.000000
ns3,65.0,28,1,0,1,1,28,27,1.000000
ns3,65.0,29,1,0,1,1,29,28,1.000000
ns3,65.0,30,1,0,1,1,30,29,1.000000
ns3,65.0,31,1,0,1,1,31,30,1.000000
ns3,65.0,32,1,0,1,1,32,31,1.000000
ns3,65.0,33,1,0,1,1,33,32,1.000000
ns3,65.0,34,1,0,1,1,34,33,1.000000
ns3,65.0,35,1,0,1,1,35,34,1.000000
ns3,65.0,36,1,0,1,1,36,35,1.000000
ns3,65.0,37,1,1,0,1,37,35,1.000000
ns3,65.0,38,1,0,1,1,38,36,1.000000
ns3,65.0,39,1,1,0,1,39,36,1.000000
ns3,65.0,40,1,0,1,1,40,37,1.000000
ns3,65.0,41,1,0,1,1,41,38,1.000000
ns3,65.0,42,1,0,1,1,42,39,1.000000
ns3,65.0,43,1,0,1,1,43,40,1.000000
ns3,65.0,44,1,0,1,1,44,41,1.000000
ns3,65.0,45,1,0,1,1,45,42,1.000000
ns3,65.0,46,1,0,1,1,46,43,1.000000
ns3,65.0,47,1,0,1,1,47,44,1.000000
ns3,65.0,48,1,0,1,1,48,45,1.000000
ns3,65.0,49,1,1,0,1,49,45,1.000000
ns3,65.0,50,1,0,1,1,50,46,1.000000
ns3,65.0,51,1,0,1,1,51,47,1.000000
ns3,65.0,52,1,0,1,1,52,48,1.000000
ns3,65.0,53,1,0,1,1,53,49,1.000000
ns3,65.0,54,1,0,1,1,54,50,1.000000
ns3,65.0,55,1,0,1,1,55,51,1.000000
ns3,65.0,56,1,0,1,1,56,52,1.000000
ns3,65.0,57,1,0,1,1,57,53,1.000000
ns3,65.0,58,1,0,1,1,58,54,1.000000
ns3,65.0,59,1,0,1,1,59,55,1.000000
ns3,65.0,60,1,0,1,1,60,56,1.000000
ns3,65.0,61,1,0,1,1,61,57,1.000000
ns3,65.0,62,1,0,1,1,62,58,1.000000
ns3,65.0,63,1,0,1,1,63,59,1.000000
ns3,65.0,64,1,0,1,1,64,60,1.000000
ns3,65.0,65,1,0,1,1,65,61,1.000000
ns3,65.0,66,1,0,1,1,66,62,1.000000
ns3,65.0,67,1,0,1,1,67,63,1.000000
ns3,65.0,68,1,0,1,1,68,64,1.000000
ns3,65.0,69,1,0,1,1,69,65,1.000000
ns3,65.0,70,1,0,1,1,70,66,1.000000
ns3,65.0,71,1,0,1,1,71,67,1.000000
ns3,65.0,72,1,0,1,1,72,68,1.000000
ns3,65.0,73,1,0,1,1,73,69,1.000000
ns3,65.0,74,1,0,1,1,74,70,1.000000
ns3,65.0,75,1,0,1,1,75,71,1.000000
ns3,65.0,76,1,0,1,1,76,72,1.000000
ns3,65.0,77,1,0,1,1,77,73,1.000000
ns3,65.0,78,1,0,1,1,78,74,1.000000
ns3,65.0,79,1,0,1,1,79,75,1.000000
ns3,65.0,80,1,0,1,1,80,76,1.000000
ns3,65.0,81,1,0,1,1,81,77,1.000000
ns3,65.0,82,1,0,1,1,82,78,1.000000
ns3,65.0,83,1,0,1,1,83,79,1.000000
ns3,65.0,84,1,0,1,1,84,80,1.000000
ns3,65.0,85,1,0,1,1,85,81,1.000000
ns3,65.0,86,1,0,1,1,86,82,1.000000
ns3,65.0,87,1,0,1,1,87,83,1.000000
ns3,65.0,88,1,0,1,1,88,84,1.000000
ns3,65.0,89,1,0,1,1,89,85,1.000000
ns3,65.0,90,1,0,1,1,90,86,1.000000
ns3,65.0,91,0,0,0,1,90,86,1.000000
ns3,65.0,92,1,1,0,1,91,86,1.000000
ns3,65.0,93,1,0,1,1,92,87,1.000000
ns3,65.0,94,1,0,1,1,93,88,1.000000
ns3,65.0,95,1,1,0,1,94,88,1.000000
ns3,65.0,96,1,0,1,1,95,89,1.000000
ns3,65.0,97,1,0,1,1,96,90,1.000000
ns3,65.0,98,1,0,1,1,97,91,1.000000
ns3,65.0,99,1,0,1,1,98,92,1.000000
ns3,65.0,100,1,0,1,1,99,93,1.000000
ns3,65.0,101,1,0,1,1,100,94,1.000000
ns3,65.0,102,1,0,1,1,101,95,1.000000
ns3,65.0,103,1,0,1,1,102,96,1.000000
ns3,65.0,104,1,0,1,1,103,97,1.000000
ns3,65.0,105,1,0,1,1,104,98,1.000000
ns3,65.0,106,1,0,1,1,105,99,1.000000
ns3,65.0,107,1,0,1,1,106,100,1.000000
ns3,65.0,108,1,0,1,1,107,101,1.000000
ns3,65.0,109,1,1,0,1,108,101,1.000000
ns3,65.0,110,1,0,1,1,109,102,1.000000
ns3,65.0,111,1,0,1,1,110,103,1.000000
ns3,65.0,112,1,0,1,1,111,104,1.000000
ns3,65.0,113,1,0,1,1,112,105,1.000000
ns3,65.0,114,1,0,1,1,113,106,1.000000
ns3,65.0,115,1,0,1,1,114,107,1.000000
ns3,65.0,116,1,0,1,1,115,108,1.000000
ns3,65.0,117,0,0,0,1,115,108,1.000000
ns3,65.0,118,1,0,1,1,116,109,1.000000
ns3,65.0,119,1,0,1,1,117,110,1.000000
ns3,65.0,120,1,0,1,1,118,111,1.000000
ns3,65.0,121,1,0,1,1,119,112,1.000000
ns3,65.0,122,1,0,1,1,120,113,1.000000
ns3,65.0,123,1,0,1,1,121,114,1.000000
ns3,65.0,124,1,0,1,1,122,115,1.000000
ns3,65.0,125,1,0,1,1,123,116,1.000000
ns3,65.0,126,1,1,0,1,124,116,1.000000
ns3,65.0,127,1,0,1,1,125,117,1.000000
ns3,65.0,128,1,0,1,1,126,118,1.000000
ns3,65.0,129,1,0,1,1,127,119,1.000000
ns3,65.0,130,1,0,1,1,128,120,1.000000
ns3,65.0,131,1,0,1,1,129,121,1.000000
ns3,65.0,132,1,0,1,1,130,122,1.000000
ns3,65.0,133,1,0,1,1,131,123,1.000000
ns3,65.0,134,1,0,1,1,132,124,1.000000
ns3,65.0,135,1,0,1,1,133,125,1.000000
ns3,65.0,136,1,0,1,1,134,126,1.000000
ns3,65.0,137,1,0,1,1,135,127,1.000000
ns3,65.0,138,1,0,1,1,136,128,1.000000
ns3,65.0,139,1,0,1,1,137,129,1.000000
ns3,65.0,140,1,0,1,1,138,130,1.000000
ns3,65.0,141,1,0,1,1,139,131,1.000000
ns3,65.0,142,1,0,1,1,140,132,1.000000
ns3,65.0,143,1,0,1,1,141,133,1.000000
ns3,65.0,144,1,0,1,1,142,134,1.000000
ns3,65.0,145,1,0,1,1,143,135,1.000000
ns3,65.0,146,0,1,0,1,143,135,1.000000
ns3,65.0,147,1,0,1,1,144,136,1.000000
ns3,65.0,148,1,0,1,1,145,137,1.000000
ns3,65.0,149,1,1,0,1,146,137,1.000000
ns3,65.0,150,1,0,1,1,147,138,1.000000
ns3,65.0,151,1,1,0,1,148,138,1.000000
ns3,65.0,152,1,1,0,1,149,138,1.000000
ns3,65.0,153,1,0,1,1,150,139,1.000000
ns3,65.0,154,1,0,1,1,151,140,1.000000
ns3,65.0,155,1,0,1,1,152,141,1.000000
ns3,65.0,156,1,0,1,1,153,142,1.000000
ns3,65.0,157,1,0,1,1,154,143,1.000000
ns3,65.0,158,1,1,0,1,155,143,1.000000
ns3,65.0,159,1,0,1,1,156,144,1.000000
ns3,65.0,160,1,0,1,1,157,145,1.000000
ns3,65.0,161,1,0,1,1,158,146,1.000000
ns3,65.0,162,1,0,1,1,159,147,1.000000
ns3,65.0,163,1,0,1,1,160,148,1.000000
ns3,65.0,164,1,1,0,1,161,148,1.000000
ns3,65.0,165,1,0,1,1,162,149,1.000000
ns3,65.0,166,1,0,1,1,163,150,1.000000
ns3,65.0,167,1,0,1,1,164,151,1.000000
ns3,65.0,168,1,1,0,1,165,151,1.000000
ns3,65.0,169,1,0,1,1,166,152,1.000000
ns3,65.0,170,1,0,1,1,167,153,1.000000
ns3,65.0,171,1,0,1,1,168,154,1.000000
ns3,65.0,172,1,0,1,1,169,155,1.000000
ns3,65.0,173,1,0,1,1,170,156,1.000000
ns3,65.0,174,0,0,0,1,170,156,1.000000
ns3,65.0,175,1,0,1,1,171,157,1.000000
ns3,65.0,176,1,0,1,1,172,158,1.000000
ns3,65.0,177,1,0,1,1,173,159,1.000000
ns3,65.0,178,1,0,1,1,174,160,1.000000
ns3,65.0,179,1,0,1,1,175,161,1.000000
ns3,65.0,180,1,0,1,1,176,162,1.000000
ns3,65.0,181,1,0,1,1,177,163,1.000000
ns3,65.0,182,1,1,0,1,178,163,1.000000
ns3,65.0,183,0,0,0,1,178,163,1.000000
ns3,65.0,184,0,0,0,1,178,163,1.000000
ns3,65.0,185,1,1,0,1,179,163,1.000000
ns3,65.0,186,1,0,1,1,180,164,1.000000
ns3,65.0,187,1,0,1,1,181,165,1.000000
ns3,65.0,188,1,0,1,1,182,166,1.000000
ns3,65.0,189,1,0,1,1,183,167,1.000000
ns3,65.0,190,0,0,0,1,183,167,1.000000
ns3,65.0,191,1,0,1,1,184,168,1.000000
ns3,65.0,192,1,0,1,1,185,169,1.000000
ns3,65.0,193,1,0,1,1,186,170,1.000000
ns3,65.0,194,1,0,1,1,187,171,1.000000
ns3,65.0,195,1,0,1,1,188,172,1.000000
ns3,65.0,196,1,0,1,1,189,173,1.000000
ns3,65.0,197,1,0,1,1,190,174,1.000000
ns3,65.0,198,1,0,1,1,191,175,1.000000
ns3,65.0,199,1,0,1,1,192,176,1.000000
ns3,65.0,200,1,0,1,1,193,177,1.000000
ns3,65.0,201,1,0,1,1,194,178,1.000000
ns3,65.0,202,1,0,1,1,195,179,1.000000
ns3,65.0,203,1,0,1,1,196,180,1.000000
ns3,65.0,204,1,0,1,1,197,181,1.000000
ns3,65.0,205,1,0,1,1,198,182,1.000000
ns3,65.0,206,0,0,0,1,198,182,1.000000
ns3,65.0,207,1,0,1,1,199,183,1.000000
ns3,65.0,208,1,0,1,1,200,184,1.000000
ns3,65.0,209,1,0,1,1,201,185,1.000000
ns3,65.0,210,1,0,1,1,202,186,1.000000
ns3,65.0,211,1,1,0,1,203,186,1.000000
ns3,65.0,212,1,0,1,1,204,187,1.000000
ns3,65.0,213,1,0,1,1,205,188,1.000000
ns3,65.0,214,1,0,1,1,206,189,1.000000
ns3,65.0,215,1,0,1,1,207,190,1.000000
ns3,65.0,216,1,0,1,1,208,191,1.000000
ns3,65.0,217,1,0,1,1,209,192,1.000000
ns3,65.0,218,1,0,1,1,210,193,1.000000
ns3,65.0,219,1,0,1,1,211,194,1.000000
ns3,65.0,220,1,0,1,1,212,195,1.000000
ns3,65.0,221,1,0,1,1,213,196,1.000000
ns3,65.0,222,1,0,1,1,214,197,1.000000
ns3,65.0,223,1,0,1,1,215,198,1.000000
ns3,65.0,224,1,0,1,1,216,199,1.000000
ns3,65.0,225,1,1,0,1,217,199,1.000000
ns3,65.0,226,0,0,0,1,217,199,1.000000
ns3,65.0,227,1,0,1,1,218,200,1.000000
ns3,65.0,228,0,0,0,1,218,200,1.000000
ns3,65.0,229,1,0,1,1,219,201,1.000000
ns3,65.0,230,1,0,1,1,220,202,1.000000
ns3,65.0,231,1,0,1,1,221,203,1.000000
ns3,65.0,232,1,1,0,1,222,203,1.000000
ns3,65.0,233,1,0,1,1,223,204,1.000000
ns3,65.0,234,1,0,1,1,224,205,1.000000
ns3,65.0,235,1,0,1,1,225,206,1.000000
ns3,65.0,236,1,0,1,1,226,207,1.000000
ns3,65.0,237,1,0,1,1,227,208,1.000000
ns3,65.0,238,1,1,0,1,228,208,1.000000
ns3,65.0,239,1,1,0,1,229,208,1.000000
ns3,65.0,240,1,0,1,1,230,209,1.000000
ns3,65.0,241,1,0,1,1,231,210,1.000000
ns3,65.0,242,1,1,0,1,232,210,1.000000
ns3,65.0,243,1,0,1,1,233,211,1.000000
ns3,65.0,244,1,0,1,1,234,212,1.000000
ns3,65.0,245,1,0,1,1,235,213,1.000000
ns3,65.0,246,1,0,1,1,236,214,1.000000
ns3,65.0,247,1,0,1,1,237,215,1.000000
ns3,65.0,248,1,0,1,1,238,216,1.000000
ns3,65.0,249,1,1,0,1,239,216,1.000000
ns3,65.0,250,1,0,1,1,240,217,1.000000
ns3,65.0,251,1,0,1,1,241,218,1.000000
ns3,65.0,252,1,0,1,1,242,219,1.000000
ns3,65.0,253,1,0,1,1,243,220,1.000000
ns3,65.0,254,1,0,1,1,244,221,1.000000
ns3,65.0,255,1,0,1,1,245,222,1.000000
ns3,65.0,256,1,0,1,1,246,223,1.000000
ns3,65.0,257,1,1,0,1,247,223,1.000000
ns3,65.0,258,1,0,1,1,248,224,1.000000
ns3,65.0,259,1,0,1,1,249,225,1.000000
ns3,65.0,260,1,0,1,1,250,226,1.000000
ns3,65.0,261,1,0,1,1,251,227,1.000000
ns3,65.0,262,1,0,1,1,252,228,1.000000
ns3,65.0,263,1,0,1,1,253,229,1.000000
ns3,65.0,264,1,0,1,1,254,230,1.000000
ns3,65.0,265,1,0,1,1,255,231,1.000000
ns3,65.0,266,1,0,1,1,256,232,1.000000
ns3,65.0,267,1,0,1,1,257,233,1.000000
ns3,65.0,268,1,0,1,1,258,234,1.000000
ns3,65.0,269,1,0,1,1,259,235,1.000000
ns3,65.0,270,1,0,1,1,260,236,1.000000
ns3,65.0,271,1,0,1,1,261,237,1.000000
ns3,65.0,272,1,0,1,1,262,238,1.000000
ns3,65.0,273,1,0,1,1,263,239,1.000000
ns3,65.0,274,1,0,1,1,264,240,1.000000
ns3,65.0,275,1,0,1,1,265,241,1.000000
ns3,65.0,276,1,0,1,1,266,242,1.000000
ns3,65.0,277,1,0,1,1,267,243,1.000000
ns3,65.0,278,1,0,1,1,268,244,1.000000
ns3,65.0,279,1,0,1,1,269,245,1.000000
ns3,65.0,280,1,0,1,1,270,246,1.000000
ns3,65.0,281,1,1,0,1,271,246,1.000000
ns3,65.0,282,1,0,1,1,272,247,1.000000
ns3,65.0,283,1,0,1,1,273,248,1.000000
ns3,65.0,284,1,0,1,1,274,249,1.000000
ns3,65.0,285,1,0,1,1,275,250,1.000000
ns3,65.0,286,1,0,1,1,276,251,1.000000
ns3,65.0,287,1,0,1,1,277,252,1.000000
ns3,65.0,288,1,0,1,1,278,253,1.000000
ns3,65.0,289,1,0,1,1,279,254,1.000000
ns3,65.0,290,1,0,1,1,280,255,1.000000
ns3,65.0,291,1,0,1,1,281,256,1.000000
ns3,65.0,292,1,0,1,1,282,257,1.000000
ns3,65.0,293,1,0,1,1,283,258,1.000000
ns3,65.0,294,1,1,0,1,284,258,1.000000
ns3,65.0,295,1,0,1,1,285,259,1.000000
ns3,65.0,296,1,0,1,1,286,260,1.000000
ns3,65.0,297,1,0,1,1,287,261,1.000000
ns3,65.0,298,1,0,1,1,288,262,1.000000
ns3,65.0,299,1,1,0,1,289,262,1.000000
ns3,65.0,300,1,0,1,1,290,263,1.000000
ns3,65.0,301,1,0,1,1,291,264,1.000000
ns3,65.0,302,1,0,1,1,292,265,1.000000
ns3,65.0,303,1,0,1,1,293,266,1.000000
ns3,65.0,304,1,0,1,1,294,267,1.000000
ns3,65.0,305,1,0,1,1,295,268,1.000000
ns3,65.0,306,1,0,1,1,296,269,1.000000
ns3,65.0,307,1,1,0,1,297,269,1.000000
ns3,65.0,308,1,0,1,1,298,270,1.000000
ns3,65.0,309,1,0,1,1,299,271,1.000000
ns3,65.0,310,1,0,1,1,300,272,1.000000
ns3,65.0,311,1,0,1,1,301,273,1.000000
ns3,65.0,312,1,0,1,1,302,274,1.000000
ns3,65.0,313,1,0,1,1,303,275,1.000000
ns3,65.0,314,1,0,1,1,304,276,1.000000
ns3,65.0,315,1,0,1,1,305,277,1.000000
ns3,65.0,316,1,0,1,1,306,278,1.000000
ns3,65.0,317,1,0,1,1,307,279,1.000000
ns3,65.0,318,1,1,0,1,308,279,1.000000
ns3,65.0,319,1,0,1,1,309,280,1.000000
ns3,65.0,320,1,0,1,1,310,281,1.000000
ns3,65.0,321,1,0,1,1,311,282,1.000000
ns3,65.0,322,1,0,1,1,312,283,1.000000
ns3,65.0,323,1,1,0,1,313,283,1.000000
ns3,65.0,324,1,0,1,1,314,284,1.000000
ns3,65.0,325,0,1,0,1,314,284,1.000000
ns3,65.0,326,1,1,0,1,315,284,1.000000
ns3,65.0,327,1,0,1,1,316,285,1.000000
ns3,65.0,328,1,0,1,1,317,286,1.000000
ns3,65.0,329,1,0,1,1,318,287,1.000000
ns3,65.0,330,1,0,1,1,319,288,1.000000
ns3,65.0,331,1,0,1,1,320,289,1.000000
ns3,65.0,332,1,0,1,1,321,290,1.000000
ns3,65.0,333,1,0,1,1,322,291,1.000000
ns3,65.0,334,1,0,1,1,323,292,1.000000
ns3,65.0,335,1,0,1,1,324,293,1.000000
ns3,65.0,336,1,0,1,1,325,294,1.000000
ns3,65.0,337,1,0,1,1,326,295,1.000000
ns3,65.0,338,1,0,1,1,327,296,1.000000
ns3,65.0,339,1,0,1,1,328,297,1.000000
ns3,65.0,340,1,1,0,1,329,297,1.000000
ns3,65.0,341,1,0,1,1,330,298,1.000000
ns3,65.0,342,1,0,1,1,331,299,1.000000
ns3,65.0,343,1,1,0,1,332,299,1.000000
ns3,65.0,344,0,0,0,1,332,299,1.000000
ns3,65.0,345,1,0,1,1,333,300,1.000000
ns3,65.0,346,1,0,1,1,334,301,1.000000
ns3,65.0,347,1,0,1,1,335,302,1.000000
ns3,65.0,348,1,0,1,1,336,303,1.000000
ns3,65.0,349,1,0,1,1,337,304,1.000000
ns3,65.0,350,1,0,1,1,338,305,1.000000
ns3,65.0,351,1,0,1,1,339,306,1.000000
ns3,65.0,352,1,0,1,1,340,307,1.000000
ns3,65.0,353,1,0,1,1,341,308,1.000000
ns3,65.0,354,1,0,1,1,342,309,1.000000
ns3,65.0,355,1,0,1,1,343,310,1.000000
ns3,65.0,356,1,0,1,1,344,311,1.000000
ns3,65.0,357,1,0,1,1,345,312,1.000000
ns3,65.0,358,1,0,1,1,346,313,1.000000
ns3,65.0,359,1,0,1,1,347,314,1.000000
ns3,65.0,360,1,0,1,1,348,315,1.000000
ns3,65.0,361,1,0,1,1,349,316,1.000000
ns3,65.0,362,1,0,1,1,350,317,1.000000
ns3,65.0,363,1,0,1,1,351,318,1.000000
ns3,65.0,364,1,0,1,1,352,319,1.000000
ns3,65.0,365,1,1,0,1,353,319,1.000000
ns3,65.0,366,1,0,1,1,354,320,1.000000
ns3,65.0,367,0,0,0,1,354,320,1.000000
ns3,65.0,368,1,0,1,1,355,321,1.000000
ns3,65.0,369,1,0,1,1,356,322,1.000000
ns3,65.0,370,0,0,0,1,356,322,1.000000
ns3,65.0,371,0,0,0,1,356,322,1.000000
ns3,65.0,372,1,0,1,1,357,323,1.000000
ns3,65.0,373,1,0,1,1,358,324,1.000000
ns3,65.0,374,1,1,0,1,359,324,1.000000
ns3,65.0,375,1,0,1,1,360,325,1.000000
ns3,65.0,376,1,0,1,1,361,326,1.000000
ns3,65.0,377,1,0,1,1,362,327,1.000000
ns3,65.0,378,1,0,1,1,363,328,1.000000
ns3,65.0,379,1,0,1,1,364,329,1.000000
ns3,65.0,380,1,0,1,1,365,330,1.000000
ns3,65.0,381,1,0,1,1,366,331,1.000000
ns3,65.0,382,1,0,1,1,367,332,1.000000
ns3,65.0,383,1,0,1,1,368,333,1.000000
ns3,65.0,384,1,0,1,1,369,334,1.000000
ns3,65.0,385,1,0,1,1,370,335,1.000000
ns3,65.0,386,1,0,1,1,371,336,1.000000
ns3,65.0,387,1,0,1,1,372,337,1.000000
ns3,65.0,388,1,0,1,1,373,338,1.000000
ns3,65.0,389,1,0,1,1,374,339,1.000000
ns3,65.0,390,1,0,1,1,375,340,1.000000
ns3,65.0,391,1,0,1,1,376,341,1.000000
ns3,65.0,392,1,0,1,1,377,342,1.000000
ns3,65.0,393,1,0,1,1,378,343,1.000000
ns3,65.0,394,1,0,1,1,379,344,1.000000
ns3,65.0,395,1,0,1,1,380,345,1.000000
ns3,65.0,396,1,0,1,1,381,346,1.000000
ns3,65.0,397,1,0,1,1,382,347,1.000000
ns3,65.0,398,1,0,1,1,383,348,1.000000
ns3,65.0,399,1,0,1,1,384,349,1.000000
ns3,65.0,400,1,1,0,1,385,349,1.000000
ns3,70.0,1,1,0,1,1,1,1,1.000000
ns3,70.0,2,1,0,1,1,2,2,1.000000
ns3,70.0,3,1,0,1,1,3,3,1.000000
ns3,70.0,4,1,0,1,1,4,4,1.000000
ns3,70.0,5,1,0,1,1,5,5,1.000000
ns3,70.0,6,1,0,1,1,6,6,1.000000
ns3,70.0,7,1,0,1,1,7,7,1.000000
ns3,70.0,8,1,0,1,1,8,8,1.000000
ns3,70.0,9,1,0,1,1,9,9,1.000000
ns3,70.0,10,1,0,1,1,10,10,1.000000
ns3,70.0,11,1,0,1,1,11,11,1.000000
ns3,70.0,12,1,0,1,1,12,12,1.000000
ns3,70.0,13,1,0,1,1,13,13,1.000000
ns3,70.0,14,1,0,1,1,14,14,1.000000
ns3,70.0,15,1,0,1,1,15,15,1.000000
ns3,70.0,16,1,0,1,1,16,16,1.000000
ns3,70.0,17,1,0,1,1,17,17,1.000000
ns3,70.0,18,1,0,1,1,18,18,1.000000
ns3,70.0,19,1,0,1,1,19,19,1.000000
ns3,70.0,20,1,1,0,1,20,19,1.000000
ns3,70.0,21,1,0,1,1,21,20,1.000000
ns3,70.0,22,1,0,1,1,22,21,1.000000
ns3,70.0,23,1,0,1,1,23,22,1.000000
ns3,70.0,24,1,0,1,1,24,23,1.000000
ns3,70.0,25,1,0,1,1,25,24,1.000000
ns3,70.0,26,1,0,1,1,26,25,1.000000
ns3,70.0,27,1,0,1,1,27,26,1.000000
ns3,70.0,28,1,0,1,1,28,27,1.000000
ns3,70.0,29,1,0,1,1,29,28,1.000000
ns3,70.0,30,1,0,1,1,30,29,1.000000
ns3,70.0,31,1,1,0,1,31,29,1.000000
ns3,70.0,32,1,0,1,1,32,30,1.000000
ns3,70.0,33,1,0,1,1,33,31,1.000000
ns3,70.0,34,1,0,1,1,34,32,1.000000
ns3,70.0,35,1,0,1,1,35,33,1.000000
ns3,70.0,36,1,0,1,1,36,34,1.000000
ns3,70.0,37,1,0,1,1,37,35,1.000000
ns3,70.0,38,1,0,1,1,38,36,1.000000
ns3,70.0,39,1,0,1,1,39,37,1.000000
ns3,70.0,40,1,0,1,1,40,38,1.000000
ns3,70.0,41,1,0,1,1,41,39,1.000000
ns3,70.0,42,0,0,0,1,41,39,1.000000
ns3,70.0,43,1,0,1,1,42,40,1.000000
ns3,70.0,44,1,0,1,1,43,41,1.000000
ns3,70.0,45,1,0,1,1,44,42,1.000000
ns3,70.0,46,1,0,1,1,45,43,1.000000
ns3,70.0,47,1,0,1,1,46,44,1.000000
ns3,70.0,48,1,0,1,1,47,45,1.000000
ns3,70.0,49,1,0,1,1,48,46,1.000000
ns3,70.0,50,1,0,1,1,49,47,1.000000
ns3,70.0,51,1,1,0,1,50,47,1.000000
ns3,70.0,52,1,0,1,1,51,48,1.000000
ns3,70.0,53,1,0,1,1,52,49,1.000000
ns3,70.0,54,1,0,1,1,53,50,1.000000
ns3,70.0,55,1,0,1,1,54,51,1.000000
ns3,70.0,56,1,0,1,1,55,52,1.000000
ns3,70.0,57,1,0,1,1,56,53,1.000000
ns3,70.0,58,1,0,1,1,57,54,1.000000
ns3,70.0,59,1,0,1,1,58,55,1.000000
ns3,70.0,60,1,0,1,1,59,56,1.000000
ns3,70.0,61,1,0,1,1,60,57,1.000000
ns3,70.0,62,1,0,1,1,61,58,1.000000
ns3,70.0,63,1,0,1,1,62,59,1.000000
ns3,70.0,64,1,0,1,1,63,60,1.000000
ns3,70.0,65,1,0,1,1,64,61,1.000000
ns3,70.0,66,1,0,1,1,65,62,1.000000
ns3,70.0,67,1,0,1,1,66,63,1.000000
ns3,70.0,68,1,0,1,1,67,64,1.000000
ns3,70.0,69,1,0,1,1,68,65,1.000000
ns3,70.0,70,1,0,1,1,69,66,1.000000
ns3,70.0,71,1,0,1,1,70,67,1.000000
ns3,70.0,72,1,0,1,1,71,68,1.000000
ns3,70.0,73,1,0,1,1,72,69,1.000000
ns3,70.0,74,0,0,0,1,72,69,1.000000
ns3,70.0,75,1,0,1,1,73,70,1.000000
ns3,70.0,76,1,0,1,1,74,71,1.000000
ns3,70.0,77,1,0,1,1,75,72,1.000000
ns3,70.0,78,1,0,1,1,76,73,1.000000
ns3,70.0,79,1,1,0,1,77,73,1.000000
ns3,70.0,80,1,0,1,1,78,74,1.000000
ns3,70.0,81,1,0,1,1,79,75,1.000000
ns3,70.0,82,0,1,0,1,79,75,1.000000
ns3,70.0,83,1,0,1,1,80,76,1.000000
ns3,70.0,84,1,0,1,1,81,77,1.000000
ns3,70.0,85,1,0,1,1,82,78,1.000000
ns3,70.0,86,1,1,0,1,83,78,1.000000
ns3,70.0,87,1,0,1,1,84,79,1.000000
ns3,70.0,88,1,0,1,1,85,80,1.000000
ns3,70.0,89,1,0,1,1,86,81,1.000000
ns3,70.0,90,1,0,1,1,87,82,1.000000
ns3,70.0,91,1,0,1,1,88,83,1.000000
ns3,70.0,92,1,0,1,1,89,84,1.000000
ns3,70.0,93,1,0,1,1,90,85,1.000000
ns3,70.0,94,1,0,1,1,91,86,1.000000
ns3,70.0,95,1,0,1,1,92,87,1.000000
ns3,70.0,96,1,0,1,1,93,88,1.000000
ns3,70.0,97,1,0,1,1,94,89,1.000000
ns3,70.0,98,1,0,1,1,95,90,1.000000
ns3,70.0,99,1,0,1,1,96,91,1.000000
ns3,70.0,100,1,0,1,1,97,92,1.000000
ns3,70.0,101,1,0,1,1,98,93,1.000000
ns3,70.0,102,1,0,1,1,99,94,1.000000
ns3,70.0,103,1,0,1,1,100,95,1.000000
ns3,70.0,104,1,0,1,1,101,96,1.000000
ns3,70.0,105,1,0,1,1,102,97,1.000000
ns3,70.0,106,1,0,1,1,103,98,1.000000
ns3,70.0,107,1,0,1,1,104,99,1.000000
ns3,70.0,108,1,0,1,1,105,100,1.000000
ns3,70.0,109,1,0,1,1,106,101,1.000000
ns3,70.0,110,1,0,1,1,107,102,1.000000
ns3,70.0,111,1,0,1,1,108,103,1.000000
ns3,70.0,112,1,0,1,1,109,104,1.000000
ns3,70.0,113,1,0,1,1,110,105,1.000000
ns3,70.0,114,1,0,1,1,111,106,1.000000
ns3,70.0,115,1,0,1,1,112,107,1.000000
ns3,70.0,116,1,0,1,1,113,108,1.000000
ns3,70.0,117,1,0,1,1,114,109,1.000000
ns3,70.0,118,1,0,1,1,115,110,1.000000
ns3,70.0,119,1,0,1,1,116,111,1.000000
ns3,70.0,120,1,0,1,1,117,112,1.000000
ns3,70.0,121,1,0,1,1,118,113,1.000000
ns3,70.0,122,1,0,1,1,119,114,1.000000
ns3,70.0,123,1,0,1,1,120,115,1.000000
ns3,70.0,124,1,0,1,1,121,116,1.000000
ns3,70.0,125,1,0,1,1,122,117,1.000000
ns3,70.0,126,1,0,1,1,123,118,1.000000
ns3,70.0,127,1,1,0,1,124,118,1.000000
ns3,70.0,128,1,0,1,1,125,119,1.000000
ns3,70.0,129,1,0,1,1,126,120,1.000000
ns3,70.0,130,1,0,1,1,127,121,1.000000
ns3,70.0,131,1,0,1,1,128,122,1.000000
ns3,70.0,132,1,0,1,1,129,123,1.000000
ns3,70.0,133,1,0,1,1,130,124,1.000000
ns3,70.0,134,1,0,1,1,131,125,1.000000
ns3,70.0,135,1,0,1,1,132,126,1.000000
ns3,70.0,136,1,0,1,1,133,127,1.000000
ns3,70.0,137,1,0,1,1,134,128,1.000000
ns3,70.0,138,1,0,1,1,135,129,1.000000
ns3,70.0,139,1,0,1,1,136,130,1.000000
ns3,70.0,140,1,0,1,1,137,131,1.000000
ns3,70.0,141,1,0,1,1,138,132,1.000000
ns3,70.0,142,1,0,1,1,139,133,1.000000
ns3,70.0,143,1,0,1,1,140,134,1.000000
ns3,70.0,144,1,0,1,1,141,135,1.000000
ns3,70.0,145,1,0,1,1,142,136,1.000000
ns3,70.0,146,1,0,1,1,143,137,1.000000
ns3,70.0,147,1,0,1,1,144,138,1.000000
ns3,70.0,148,1,0,1,1,145,139,1.000000
ns3,70.0,149,1,0,1,1,146,140,1.000000
ns3,70.0,150,1,0,1,1,147,141,1.000000
ns3,70.0,151,1,0,1,1,148,142,1.000000
ns3,70.0,152,1,1,0,1,149,142,1.000000
ns3,70.0,153,1,0,1,1,150,143,1.000000
ns3,70.0,154,1,1,0,1,151,143,1.000000
ns3,70.0,155,1,1,0,1,152,143,1.000000
ns3,70.0,156,1,0,1,1,153,144,1.000000
ns3,70.0,157,1,0,1,1,154,145,1.000000
ns3,70.0,158,1,0,1,1,155,146,1.000000
ns3,70.0,159,1,0,1,1,156,147,1.000000
ns3,70.0,160,1,0,1,1,157,148,1.000000
ns3,70.0,161,1,0,1,1,158,149,1.000000
ns3,70.0,162,1,0,1,1,159,150,1.000000
ns3,70.0,163,1,0,1,1,160,151,1.000000
ns3,70.0,164,1,0,1,1,161,152,1.000000
ns3,70.0,165,1,0,1,1,162,153,1.000000
ns3,70.0,166,1,0,1,1,163,154,1.000000
ns3,70.0,167,1,0,1,1,164,155,1.000000
ns3,70.0,168,1,0,1,1,165,156,1.000000
ns3,70.0,169,1,0,1,1,166,157,1.000000
ns3,70.0,170,1,0,1,1,167,158,1.000000
ns3,70.0,171,1,0,1,1,168,159,1.000000
ns3,70.0,172,1,0,1,1,169,160,1.000000
ns3,70.0,173,1,0,1,1,170,161,1.000000
ns3,70.0,174,1,0,1,1,171,162,1.000000
ns3,70.0,175,1,0,1,1,172,163,1.000000
ns3,70.0,176,1,1,0,1,173,163,1.000000
ns3,70.0,177,1,0,1,1,174,164,1.000000
ns3,70.0,178,1,0,1,1,175,165,1.000000
ns3,70.0,179,1,0,1,1,176,166,1.000000
ns3,70.0,180,1,0,1,1,177,167,1.000000
ns3,70.0,181,1,0,1,1,178,168,1.000000
ns3,70.0,182,1,0,1,1,179,169,1.000000
ns3,70.0,183,0,1,0,1,179,169,1.000000
ns3,70.0,184,1,0,1,1,180,170,1.000000
ns3,70.0,185,1,0,1,1,181,171,1.000000
ns3,70.0,186,0,0,0,1,181,171,1.000000
ns3,70.0,187,1,0,1,1,182,172,1.000000
ns3,70.0,188,1,0,1,1,183,173,1.000000
ns3,70.0,189,1,0,1,1,184,174,1.000000
ns3,70.0,190,1,0,1,1,185,175,1.000000
ns3,70.0,191,1,0,1,1,186,176,1.000000
ns3,70.0,192,1,0,1,1,187,177,1.000000
ns3,70.0,193,1,1,0,1,188,177,1.000000
ns3,70.0,194,1,0,1,1,189,178,1.000000
ns3,70.0,195,1,0,1,1,190,179,1.000000
ns3,70.0,196,1,0,1,1,191,180,1.000000
ns3,70.0,197,1,0,1,1,192,181,1.000000
ns3,70.0,198,1,0,1,1,193,182,1.000000
ns3,70.0,199,1,0,1,1,194,183,1.000000
ns3,70.0,200,1,1,0,1,195,183,1.000000
ns3,70.0,201,1,0,1,1,196,184,1.000000
ns3,70.0,202,1,0,1,1,197,185,1.000000
ns3,70.0,203,1,0,1,1,198,186,1.000000
ns3,70.0,204,1,0,1,1,199,187,1.000000
ns3,70.0,205,1,0,1,1,200,188,1.000000
ns3,70.0,206,1,0,1,1,201,189,1.000000
ns3,70.0,207,1,0,1,1,202,190,1.000000
ns3,70.0,208,1,0,1,1,203,191,1.000000
ns3,70.0,209,1,0,1,1,204,192,1.000000
ns3,70.0,210,1,0,1,1,205,193,1.000000
ns3,70.0,211,1,0,1,1,206,194,1.000000
ns3,70.0,212,0,0,0,1,206,194,1.000000
ns3,70.0,213,1,0,1,1,207,195,1.000000
ns3,70.0,214,1,0,1,1,208,196,1.000000
ns3,70.0,215,1,0,1,1,209,197,1.000000
ns3,70.0,216,1,0,1,1,210,198,1.000000
ns3,70.0,217,1,0,1,1,211,199,1.000000
ns3,70.0,218,1,0,1,1,212,200,1.000000
ns3,70.0,219,1,0,1,1,213,201,1.000000
ns3,70.0,220,1,0,1,1,214,202,1.000000
ns3,70.0,221,1,0,1,1,215,203,1.000000
ns3,70.0,222,1,0,1,1,216,204,1.000000
ns3,70.0,223,1,0,1,1,217,205,1.000000
ns3,70.0,224,1,0,1,1,218,206,1.000000
ns3,70.0,225,1,0,1,1,219,207,1.000000
ns3,70.0,226,1,0,1,1,220,208,1.000000
ns3,70.0,227,1,0,1,1,221,209,1.000000
ns3,70.0,228,1,0,1,1,222,210,1.000000
ns3,70.0,229,1,0,1,1,223,211,1.000000
ns3,70.0,230,1,0,1,1,224,212,1.000000
ns3,70.0,231,0,0,0,1,224,212,1.000000
ns3,70.0,232,1,0,1,1,225,213,1.000000
ns3,70.0,233,1,0,1,1,226,214,1.000000
ns3,70.0,234,1,0,1,1,227,215,1.000000
ns3,70.0,235,1,0,1,1,228,216,1.000000
ns3,70.0,236,0,0,0,1,228,216,1.000000
ns3,70.0,237,1,0,1,1,229,217,1.000000
ns3,70.0,238,0,0,0,1,229,217,1.000000
ns3,70.0,239,1,0,1,1,230,218,1.000000
ns3,70.0,240,1,0,1,1,231,219,1.000000
ns3,70.0,241,1,0,1,1,232,220,1.000000
ns3,70.0,242,1,0,1,1,233,221,1.000000
ns3,70.0,243,1,1,0,1,234,221,1.000000
ns3,70.0,244,1,0,1,1,235,222,1.000000
ns3,70.0,245,1,0,1,1,236,223,1.000000
ns3,70.0,246,1,0,1,1,237,224,1.000000
ns3,70.0,247,1,0,1,1,238,225,1.000000
ns3,70.0,248,1,0,1,1,239,226,1.000000
ns3,70.0,249,1,0,1,1,240,227,1.000000
ns3,70.0,250,1,0,1,1,241,228,1.000000
ns3,70.0,251,1,0,1,1,242,229,1.000000
ns3,70.0,252,1,1,0,1,243,229,1.000000
ns3,70.0,253,1,0,1,1,244,230,1.000000
ns3,70.0,254,1,0,1,1,245,231,1.000000
ns3,70.0,255,1,0,1,1,246,232,1.000000
ns3,70.0,256,1,0,1,1,247,233,1.000000
ns3,70.0,257,1,0,1,1,248,234,1.000000
ns3,70.0,258,0,0,0,1,248,234,1.000000
ns3,70.0,259,1,0,1,1,249,235,1.000000
ns3,70.0,260,1,1,0,1,250,235,1.000000
ns3,70.0,261,1,0,1,1,251,236,1.000000
ns3,70.0,262,1,0,1,1,252,237,1.000000
ns3,70.0,263,1,0,1,1,253,238,1.000000
ns3,70.0,264,1,1,0,1,254,238,1.000000
ns3,70.0,265,1,0,1,1,255,239,1.000000
ns3,70.0,266,1,0,1,1,256,240,1.000000
ns3,70.0,267,1,1,0,1,257,240,1.000000
ns3,70.0,268,1,0,1,1,258,241,1.000000
ns3,70.0,269,1,0,1,1,259,242,1.000000
ns3,70.0,270,1,1,0,1,260,242,1.000000
ns3,70.0,271,1,0,1,1,261,243,1.000000
ns3,70.0,272,1,0,1,1,262,244,1.000000
ns3,70.0,273,0,0,0,1,262,244,1.000000
ns3,70.0,274,1,0,1,1,263,245,1.000000
ns3,70.0,275,1,0,1,1,264,246,1.000000
ns3,70.0,276,1,0,1,1,265,247,1.000000
ns3,70.0,277,1,0,1,1,266,248,1.000000
ns3,70.0,278,1,0,1,1,267,249,1.000000
ns3,70.0,279,1,0,1,1,268,250,1.000000
ns3,70.0,280,1,1,0,1,269,250,1.000000
ns3,70.0,281,1,0,1,1,270,251,1.000000
ns3,70.0,282,1,0,1,1,271,252,1.000000
ns3,70.0,283,1,0,1,1,272,253,1.000000
ns3,70.0,284,1,0,1,1,273,254,1.000000
ns3,70.0,285,1,0,1,1,274,255,1.000000
ns3,70.0,286,1,0,1,1,275,256,1.000000
ns3,70.0,287,1,0,1,1,276,257,1.000000
ns3,70.0,288,1,0,1,1,277,258,1.000000
ns3,70.0,289,1,0,1,1,278,259,1.000000
ns3,70.0,290,1,0,1,1,279,260,1.000000
ns3,70.0,291,1,0,1,1,280,261,1.000000
ns3,70.0,292,1,0,1,1,281,262,1.000000
ns3,70.0,293,1,0,1,1,282,263,1.000000
ns3,70.0,294,1,0,1,1,283,264,1.000000
ns3,70.0,295,1,0,1,1,284,265,1.000000
ns3,70.0,296,1,1,0,1,285,265,1.000000
ns3,70.0,297,1,0,1,1,286,266,1.000000
ns3,70.0,298,1,0,1,1,287,267,1.000000
ns3,70.0,299,1,0,1,1,288,268,1.000000
ns3,70.0,300,0,0,0,1,288,268,1.000000
ns3,70.0,301,1,0,1,1,289,269,1.000000
ns3,70.0,302,1,0,1,1,290,270,1.000000
ns3,70.0,303,1,0,1,1,291,271,1.000000
ns3,70.0,304,1,0,1,1,292,272,1.000000
ns3,70.0,305,1,0,1,1,293,273,1.000000
ns3,70.0,306,1,0,1,1,294,274,1.000000
ns3,70.0,307,1,0,1,1,295,275,1.000000
ns3,70.0,308,1,0,1,1,296,276,1.000000
ns3,70.0,309,1,0,1,1,297,277,1.000000
ns3,70.0,310,1,0,1,1,298,278,1.000000
ns3,70.0,311,1,0,1,1,299,279,1.000000
ns3,70.0,312,0,0,0,1,299,279,1.000000
ns3,70.0,313,1,0,1,1,300,280,1.000000
ns3,70.0,314,0,0,0,1,300,280,1.000000
ns3,70.0,315,1,0,1,1,301,281,1.000000
ns3,70.0,316,1,0,1,1,302,282,1.000000
ns3,70.0,317,1,0,1,1,303,283,1.000000
ns3,70.0,318,1,0,1,1,304,284,1.000000
ns3,70.0,319,1,0,1,1,305,285,1.000000
ns3,70.0,320,1,0,1,1,306,286,1.000000
ns3,70.0,321,1,0,1,1,307,287,1.000000
ns3,70.0,322,1,0,1,1,308,288,1.000000
ns3,70.0,323,1,0,1,1,309,289,1.000000
ns3,70.0,324,1,1,0,1,310,289,1.000000
ns3,70.0,325,1,0,1,1,311,290,1.000000
ns3,70.0,326,1,0,1,1,312,291,1.000000
ns3,70.0,327,0,0,0,1,312,291,1.000000
ns3,70.0,328,1,0,1,1,313,292,1.000000
ns3,70.0,329,0,0,0,1,313,292,1.000000
ns3,70.0,330,1,0,1,1,314,293,1.000000
ns3,70.0,331,1,0,1,1,315,294,1.000000
ns3,70.0,332,1,0,1,1,316,295,1.000000
ns3,70.0,333,1,1,0,1,317,295,1.000000
ns3,70.0,334,1,0,1,1,318,296,1.000000
ns3,70.0,335,1,0,1,1,319,297,1.000000
ns3,70.0,336,1,0,1,1,320,298,1.000000
ns3,70.0,337,1,0,1,1,321,299,1.000000
ns3,70.0,338,1,0,1,1,322,300,1.000000
ns3,70.0,339,1,0,1,1,323,301,1.000000
ns3,70.0,340,1,0,1,1,324,302,1.000000
ns3,70.0,341,1,0,1,1,325,303,1.000000
ns3,70.0,342,0,0,0,1,325,303,1.000000
ns3,70.0,343,1,0,1,1,326,304,1.000000
ns3,70.0,344,1,0,1,1,327,305,1.000000
ns3,70.0,345,1,0,1,1,328,306,1.000000
ns3,70.0,346,0,0,0,1,328,306,1.000000
ns3,70.0,347,1,0,1,1,329,307,1.000000
ns3,70.0,348,1,0,1,1,330,308,1.000000
ns3,70.0,349,0,0,0,1,330,308,1.000000
ns3,70.0,350,1,0,1,1,331,309,1.000000
ns3,70.0,351,0,0,0,1,331,309,1.000000
ns3,70.0,352,1,1,0,1,332,309,1.000000
ns3,70.0,353,1,0,1,1,333,310,1.000000
ns3,70.0,354,1,0,1,1,334,311,1.000000
ns3,70.0,355,1,0,1,1,335,312,1.000000
ns3,70.0,356,1,0,1,1,336,313,1.000000
ns3,70.0,357,1,0,1,1,337,314,1.000000
ns3,70.0,358,1,0,1,1,338,315,1.000000
ns3,70.0,359,1,0,1,1,339,316,1.000000
ns3,70.0,360,1,0,1,1,340,317,1.000000
ns3,70.0,361,1,0,1,1,341,318,1.000000
ns3,70.0,362,1,0,1,1,342,319,1.000000
ns3,70.0,363,1,0,1,1,343,320,1.000000
ns3,70.0,364,1,0,1,1,344,321,1.000000
ns3,70.0,365,1,1,0,1,345,321,1.000000
ns3,70.0,366,1,0,1,1,346,322,1.000000
ns3,70.0,367,1,0,1,1,347,323,1.000000
ns3,70.0,368,0,0,0,1,347,323,1.000000
ns3,70.0,369,1,0,1,1,348,324,1.000000
ns3,70.0,370,1,0,1,1,349,325,1.000000
ns3,70.0,371,1,0,1,1,350,326,1.000000
ns3,70.0,372,1,0,1,1,351,327,1.000000
ns3,70.0,373,1,0,1,1,352,328,1.000000
ns3,70.0,374,1,0,1,1,353,329,1.000000
ns3,70.0,375,1,0,1,1,354,330,1.000000
ns3,70.0,376,1,0,1,1,355,331,1.000000
ns3,70.0,377,1,0,1,1,356,332,1.000000
ns3,70.0,378,1,0,1,1,357,333,1.000000
ns3,70.0,379,1,0,1,1,358,334,1.000000
ns3,70.0,380,1,1,0,1,359,334,1.000000
ns3,70.0,381,1,0,1,1,360,335,1.000000
ns3,70.0,382,1,0,1,1,361,336,1.000000
ns3,70.0,383,1,0,1,1,362,337,1.000000
ns3,70.0,384,1,0,1,1,363,338,1.000000
ns3,70.0,385,1,0,1,1,364,339,1.000000
ns3,70.0,386,1,0,1,1,365,340,1.000000
ns3,70.0,387,1,0,1,1,366,341,1.000000
ns3,70.0,388,1,0,1,1,367,342,1.000000
ns3,70.0,389,1,0,1,1,368,343,1.000000
ns3,70.0,390,1,1,0,1,369,343,1.000000
ns3,70.0,391,1,0,1,1,370,344,1.000000
ns3,70.0,392,1,0,1,1,371,345,1.000000
ns3,70.0,393,1,0,1,1,372,346,1.000000
ns3,70.0,394,1,0,1,1,373,347,1.000000
ns3,70.0,395,1,1,0,1,374,347,1.000000
ns3,70.0,396,1,0,1,1,375,348,1.000000
ns3,70.0,397,1,0,1,1,376,349,1.000000
ns3,70.0,398,1,0,1,1,377,350,1.000000
ns3,70.0,399,1,0,1,1,378,351,1.000000
ns3,70.0,400,1,0,1,1,379,352,1.000000
ns3,75.0,1,1,0,1,1,1,1,1.000000
ns3,75.0,2,1,0,1,1,2,2,1.000000
ns3,75.0,3,0,0,0,1,2,2,1.000000
ns3,75.0,4,1,0,1,1,3,3,1.000000
ns3,75.0,5,1,0,1,1,4,4,1.000000
ns3,75.0,6,1,0,1,1,5,5,1.000000
ns3,75.0,7,1,0,1,1,6,6,1.000000
ns3,75.0,8,1,0,1,1,7,7,1.000000
ns3,75.0,9,1,0,1,1,8,8,1.000000
ns3,75.0,10,1,0,1,1,9,9,1.000000
ns3,75.0,11,1,0,1,1,10,10,1.000000
ns3,75.0,12,1,0,1,1,11,11,1.000000
ns3,75.0,13,1,0,1,1,12,12,1.000000
ns3,75.0,14,1,0,1,1,13,13,1.000000
ns3,75.0,15,1,0,1,1,14,14,1.000000
ns3,75.0,16,0,0,0,1,14,14,1.000000
ns3,75.0,17,1,1,0,1,15,14,1.000000
ns3,75.0,18,1,0,1,1,16,15,1.000000
ns3,75.0,19,1,0,1,1,17,16,1.000000
ns3,75.0,20,1,0,1,1,18,17,1.000000
ns3,75.0,21,1,0,1,1,19,18,1.000000
ns3,75.0,22,1,0,1,1,20,19,1.000000
ns3,75.0,23,1,0,1,1,21,20,1.000000
ns3,75.0,24,1,0,1,1,22,21,1.000000
ns3,75.0,25,1,0,1,1,23,22,1.000000
ns3,75.0,26,1,0,1,1,24,23,1.000000
ns3,75.0,27,1,0,1,1,25,24,1.000000
ns3,75.0,28,1,0,1,1,26,25,1.000000
ns3,75.0,29,1,0,1,1,27,26,1.000000
ns3,75.0,30,1,0,1,1,28,27,1.000000
ns3,75.0,31,1,0,1,1,29,28,1.000000
ns3,75.0,32,1,0,1,1,30,29,1.000000
ns3,75.0,33,1,0,1,1,31,30,1.000000
ns3,75.0,34,1,0,1,1,32,31,1.000000
ns3,75.0,35,1,0,1,1,33,32,1.000000
ns3,75.0,36,1,0,1,1,34,33,1.000000
ns3,75.0,37,1,0,1,1,35,34,1.000000
ns3,75.0,38,1,1,0,1,36,34,1.000000
ns3,75.0,39,1,0,1,1,37,35,1.000000
ns3,75.0,40,1,0,1,1,38,36,1.000000
ns3,75.0,41,1,0,1,1,39,37,1.000000
ns3,75.0,42,1,0,1,1,40,38,1.000000
ns3,75.0,43,1,0,1,1,41,39,1.000000
ns3,75.0,44,1,0,1,1,42,40,1.000000
ns3,75.0,45,1,0,1,1,43,41,1.000000
ns3,75.0,46,0,0,0,1,43,41,1.000000
ns3,75.0,47,1,0,1,1,44,42,1.000000
ns3,75.0,48,1,0,1,1,45,43,1.000000
ns3,75.0,49,0,0,0,1,45,43,1.000000
ns3,75.0,50,0,0,0,1,45,43,1.000000
ns3,75.0,51,1,0,1,1,46,44,1.000000
ns3,75.0,52,1,0,1,1,47,45,1.000000
ns3,75.0,53,1,0,1,1,48,46,1.000000
ns3,75.0,54,1,0,1,1,49,47,1.000000
ns3,75.0,55,1,1,0,1,50,47,1.000000
ns3,75.0,56,1,0,1,1,51,48,1.000000
ns3,75.0,57,1,0,1,1,52,49,1.000000
ns3,75.0,58,1,0,1,1,53,50,1.000000
ns3,75.0,59,0,0,0,1,53,50,1.000000
ns3,75.0,60,1,1,0,1,54,50,1.000000
ns3,75.0,61,1,0,1,1,55,51,1.000000
ns3,75.0,62,1,0,1,1,56,52,1.000000
ns3,75.0,63,1,0,1,1,57,53,1.000000
ns3,75.0,64,1,0,1,1,58,54,1.000000
ns3,75.0,65,1,0,1,1,59,55,1.000000
ns3,75.0,66,1,0,1,1,60,56,1.000000
ns3,75.0,67,1,0,1,1,61,57,1.000000
ns3,75.0,68,1,0,1,1,62,58,1.000000
ns3,75.0,69,0,0,0,1,62,58,1.000000
ns3,75.0,70,1,0,1,1,63,59,1.000000
ns3,75.0,71,1,0,1,1,64,60,1.000000
ns3,75.0,72,1,0,1,1,65,61,1.000000
ns3,75.0,73,1,0,1,1,66,62,1.000000
ns3,75.0,74,1,0,1,1,67,63,1.000000
ns3,75.0,75,1,0,1,1,68,64,1.000000
ns3,75.0,76,1,0,1,1,69,65,1.000000
ns3,75.0,77,1,0,1,1,70,66,1.000000
ns3,75.0,78,1,0,1,1,71,67,1.000000
ns3,75.0,79,0,0,0,1,71,67,1.000000
ns3,75.0,80,1,0,1,1,72,68,1.000000
ns3,75.0,81,1,0,1,1,73,69,1.000000
ns3,75.0,82,1,0,1,1,74,70,1.000000
ns3,75.0,83,1,0,1,1,75,71,1.000000
ns3,75.0,84,1,0,1,1,76,72,1.000000
ns3,75.0,85,1,0,1,1,77,73,1.000000
ns3,75.0,86,1,0,1,1,78,74,1.000000
ns3,75.0,87,1,0,1,1,79,75,1.000000
ns3,75.0,88,1,0,1,1,80,76,1.000000
ns3,75.0,89,1,0,1,1,81,77,1.000000
ns3,75.0,90,1,0,1,1,82,78,1.000000
ns3,75.0,91,1,0,1,1,83,79,1.000000
ns3,75.0,92,1,0,1,1,84,80,1.000000
ns3,75.0,93,1,0,1,1,85,81,1.000000
ns3,75.0,94,1,0,1,1,86,82,1.000000
ns3,75.0,95,1,0,1,1,87,83,1.000000
ns3,75.0,96,1,0,1,1,88,84,1.000000
ns3,75.0,97,1,0,1,1,89,85,1.000000
ns3,75.0,98,1,0,1,1,90,86,1.000000
ns3,75.0,99,1,0,1,1,91,87,1.000000
ns3,75.0,100,1,0,1,1,92,88,1.000000
ns3,75.0,101,1,0,1,1,93,89,1.000000
ns3,75.0,102,1,0,1,1,94,90,1.000000
ns3,75.0,103,1,0,1,1,95,91,1.000000
ns3,75.0,104,1,0,1,1,96,92,1.000000
ns3,75.0,105,1,0,1,1,97,93,1.000000
ns3,75.0,106,1,0,1,1,98,94,1.000000
ns3,75.0,107,1,0,1,1,99,95,1.000000
ns3,75.0,108,1,0,1,1,100,96,1.000000
ns3,75.0,109,0,0,0,1,100,96,1.000000
ns3,75.0,110,1,0,1,1,101,97,1.000000
ns3,75.0,111,1,0,1,1,102,98,1.000000
ns3,75.0,112,1,0,1,1,103,99,1.000000
ns3,75.0,113,1,0,1,1,104,100,1.000000
ns3,75.0,114,1,0,1,1,105,101,1.000000
ns3,75.0,115,1,0,1,1,106,102,1.000000
ns3,75.0,116,0,0,0,1,106,102,1.000000
ns3,75.0,117,1,0,1,1,107,103,1.000000
ns3,75.0,118,1,0,1,1,108,104,1.000000
ns3,75.0,119,1,0,1,1,109,105,1.000000
ns3,75.0,120,1,0,1,1,110,106,1.000000
ns3,75.0,121,1,0,1,1,111,107,1.000000
ns3,75.0,122,1,0,1,1,112,108,1.000000
ns3,75.0,123,1,0,1,1,113,109,1.000000
ns3,75.0,124,1,0,1,1,114,110,1.000000
ns3,75.0,125,1,1,0,1,115,110,1.000000
ns3,75.0,126,1,0,1,1,116,111,1.000000
ns3,75.0,127,1,0,1,1,117,112,1.000000
ns3,75.0,128,1,0,1,1,118,113,1.000000
ns3,75.0,129,1,0,1,1,119,114,1.000000
ns3,75.0,130,1,0,1,1,120,115,1.000000
ns3,75.0,131,1,0,1,1,121,116,1.000000
ns3,75.0,132,1,0,1,1,122,117,1.000000
ns3,75.0,133,1,0,1,1,123,118,1.000000
ns3,75.0,134,1,0,1,1,124,119,1.000000
ns3,75.0,135,1,0,1,1,125,120,1.000000
ns3,75.0,136,1,0,1,1,126,121,1.000000
ns3,75.0,137,1,0,1,1,127,122,1.000000
ns3,75.0,138,1,0,1,1,128,123,1.000000
ns3,75.0,139,1,0,1,1,129,124,1.000000
ns3,75.0,140,0,0,0,1,129,124,1.000000
ns3,75.0,141,1,0,1,1,130,125,1.000000
ns3,75.0,142,1,0,1,1,131,126,1.000000
ns3,75.0,143,1,0,1,1,132,127,1.000000
ns3,75.0,144,1,0,1,1,133,128,1.000000
ns3,75.0,145,1,0,1,1,134,129,1.000000
ns3,75.0,146,1,0,1,1,135,130,1.000000
ns3,75.0,147,1,0,1,1,136,131,1.000000
ns3,75.0,148,1,0,1,1,137,132,1.000000
ns3,75.0,149,1,0,1,1,138,133,1.000000
ns3,75.0,150,1,0,1,1,139,134,1.000000
ns3,75.0,151,1,0,1,1,140,135,1.000000
ns3,75.0,152,1,0,1,1,141,136,1.000000
ns3,75.0,153,1,0,1,1,142,137,1.000000
ns3,75.0,154,1,0,1,1,143,138,1.000000
ns3,75.0,155,1,0,1,1,144,139,1.000000
ns3,75.0,156,1,0,1,1,145,140,1.000000
ns3,75.0,157,0,0,0,1,145,140,1.000000
ns3,75.0,158,1,0,1,1,146,141,1.000000
ns3,75.0,159,1,0,1,1,147,142,1.000000
ns3,75.0,160,1,0,1,1,148,143,1.000000
ns3,75.0,161,1,0,1,1,149,144,1.000000
ns3,75.0,162,1,0,1,1,150,145,1.000000
ns3,75.0,163,1,0,1,1,151,146,1.000000
ns3,75.0,164,1,0,1,1,152,147,1.000000
ns3,75.0,165,1,0,1,1,153,148,1.000000
ns3,75.0,166,1,0,1,1,154,149,1.000000
ns3,75.0,167,1,1,0,1,155,149,1.000000
ns3,75.0,168,1,0,1,1,156,150,1.000000
ns3,75.0,169,1,0,1,1,157,151,1.000000
ns3,75.0,170,1,0,1,1,158,152,1.000000
ns3,75.0,171,1,0,1,1,159,153,1.000000
ns3,75.0,172,1,0,1,1,160,154,1.000000
ns3,75.0,173,1,0,1,1,161,155,1.000000
ns3,75.0,174,1,0,1,1,162,156,1.000000
ns3,75.0,175,1,0,1,1,163,157,1.000000
ns3,75.0,176,1,0,1,1,164,158,1.000000
ns3,75.0,177,1,0,1,1,165,159,1.000000
ns3,75.0,178,1,0,1,1,166,160,1.000000
ns3,75.0,179,1,0,1,1,167,161,1.000000
ns3,75.0,180,1,0,1,1,168,162,1.000000
ns3,75.0,181,1,0,1,1,169,163,1.000000
ns3,75.0,182,1,0,1,1,170,164,1.000000
ns3,75.0,183,1,0,1,1,171,165,1.000000
ns3,75.0,184,1,0,1,1,172,166,1.000000
ns3,75.0,185,1,0,1,1,173,167,1.000000
ns3,75.0,186,1,0,1,1,174,168,1.000000
ns3,75.0,187,1,0,1,1,175,169,1.000000
ns3,75.0,188,1,0,1,1,176,170,1.000000
ns3,75.0,189,1,0,1,1,177,171,1.000000
ns3,75.0,190,1,0,1,1,178,172,1.000000
ns3,75.0,191,1,0,1,1,179,173,1.000000
ns3,75.0,192,1,0,1,1,180,174,1.000000
ns3,75.0,193,1,0,1,1,181,175,1.000000
ns3,75.0,194,1,0,1,1,182,176,1.000000
ns3,75.0,195,1,0,1,1,183,177,1.000000
ns3,75.0,196,1,0,1,1,184,178,1.000000
ns3,75.0,197,1,0,1,1,185,179,1.000000
ns3,75.0,198,1,0,1,1,186,180,1.000000
ns3,75.0,199,1,0,1,1,187,181,1.000000
ns3,75.0,200,1,0,1,1,188,182,1.000000
ns3,75.0,201,1,0,1,1,189,183,1.000000
ns3,75.0,202,1,0,1,1,190,184,1.000000
ns3,75.0,203,1,0,1,1,191,185,1.000000
ns3,75.0,204,1,0,1,1,192,186,1.000000
ns3,75.0,205,1,0,1,1,193,187,1.000000
ns3,75.0,206,0,0,0,1,193,187,1.000000
ns3,75.0,207,1,0,1,1,194,188,1.000000
ns3,75.0,208,1,0,1,1,195,189,1.000000
ns3,75.0,209,1,0,1,1,196,190,1.000000
ns3,75.0,210,1,0,1,1,197,191,1.000000
ns3,75.0,211,1,0,1,1,198,192,1.000000
ns3,75.0,212,1,0,1,1,199,193,1.000000
ns3,75.0,213,1,0,1,1,200,194,1.000000
ns3,75.0,214,1,0,1,1,201,195,1.000000
ns3,75.0,215,1,0,1,1,202,196,1.000000
ns3,75.0,216,1,0,1,1,203,197,1.000000
ns3,75.0,217,1,0,1,1,204,198,1.000000
ns3,75.0,218,1,0,1,1,205,199,1.000000
ns3,75.0,219,1,0,1,1,206,200,1.000000
ns3,75.0,220,1,0,1,1,207,201,1.000000
ns3,75.0,221,1,0,1,1,208,202,1.000000
ns3,75.0,222,1,0,1,1,209,203,1.000000
ns3,75.0,223,1,0,1,1,210,204,1.000000
ns3,75.0,224,1,1,0,1,211,204,1.000000
ns3,75.0,225,1,0,1,1,212,205,1.000000
ns3,75.0,226,1,0,1,1,213,206,1.000000
ns3,75.0,227,1,0,1,1,214,207,1.000000
ns3,75.0,228,1,0,1,1,215,208,1.000000
ns3,75.0,229,0,0,0,1,215,208,1.000000
ns3,75.0,230,1,0,1,1,216,209,1.000000
ns3,75.0,231,1,0,1,1,217,210,1.000000
ns3,75.0,232,1,0,1,1,218,211,1.000000
ns3,75.0,233,1,0,1,1,219,212,1.000000
ns3,75.0,234,1,0,1,1,220,213,1.000000
ns3,75.0,235,1,0,1,1,221,214,1.000000
ns3,75.0,236,1,0,1,1,222,215,1.000000
ns3,75.0,237,1,0,1,1,223,216,1.000000
ns3,75.0,238,1,0,1,1,224,217,1.000000
ns3,75.0,239,1,0,1,1,225,218,1.000000
ns3,75.0,240,1,0,1,1,226,219,1.000000
ns3,75.0,241,1,0,1,1,227,220,1.000000
ns3,75.0,242,1,0,1,1,228,221,1.000000
ns3,75.0,243,1,0,1,1,229,222,1.000000
ns3,75.0,244,1,0,1,1,230,223,1.000000
ns3,75.0,245,1,0,1,1,231,224,1.000000
ns3,75.0,246,1,1,0,1,232,224,1.000000
ns3,75.0,247,1,0,1,1,233,225,1.000000
ns3,75.0,248,1,0,1,1,234,226,1.000000
ns3,75.0,249,1,0,1,1,235,227,1.000000
ns3,75.0,250,1,0,1,1,236,228,1.000000
ns3,75.0,251,1,0,1,1,237,229,1.000000
ns3,75.0,252,1,0,1,1,238,230,1.000000
ns3,75.0,253,1,0,1,1,239,231,1.000000
ns3,75.0,254,1,0,1,1,240,232,1.000000
ns3,75.0,255,1,0,1,1,241,233,1.000000
ns3,75.0,256,1,0,1,1,242,234,1.000000
ns3,75.0,257,1,0,1,1,243,235,1.000000
ns3,75.0,258,1,0,1,1,244,236,1.000000
ns3,75.0,259,1,0,1,1,245,237,1.000000
ns3,75.0,260,1,0,1,1,246,238,1.000000
ns3,75.0,261,1,0,1,1,247,239,1.000000
ns3,75.0,262,1,0,1,1,248,240,1.000000
ns3,75.0,263,1,0,1,1,249,241,1.000000
ns3,75.0,264,1,0,1,1,250,242,1.000000
ns3,75.0,265,1,0,1,1,251,243,1.000000
ns3,75.0,266,1,0,1,1,252,244,1.000000
ns3,75.0,267,1,0,1,1,253,245,1.000000
ns3,75.0,268,1,0,1,1,254,246,1.000000
ns3,75.0,269,1,0,1,1,255,247,1.000000
ns3,75.0,270,1,0,1,1,256,248,1.000000
ns3,75.0,271,1,0,1,1,257,249,1.000000
ns3,75.0,272,1,0,1,1,258,250,1.000000
ns3,75.0,273,0,0,0,1,258,250,1.000000
ns3,75.0,274,1,0,1,1,259,251,1.000000
ns3,75.0,275,1,1,0,1,260,251,1.000000
ns3,75.0,276,1,0,1,1,261,252,1.000000
ns3,75.0,277,1,0,1,1,262,253,1.000000
ns3,75.0,278,1,0,1,1,263,254,1.000000
ns3,75.0,279,1,0,1,1,264,255,1.000000
ns3,75.0,280,1,0,1,1,265,256,1.000000
ns3,75.0,281,1,1,0,1,266,256,1.000000
ns3,75.0,282,1,0,1,1,267,257,1.000000
ns3,75.0,283,1,0,1,1,268,258,1.000000
ns3,75.0,284,1,0,1,1,269,259,1.000000
ns3,75.0,285,1,0,1,1,270,260,1.000000
ns3,75.0,286,1,0,1,1,271,261,1.000000
ns3,75.0,287,1,0,1,1,272,262,1.000000
ns3,75.0,288,1,0,1,1,273,263,1.000000
ns3,75.0,289,1,0,1,1,274,264,1.000000
ns3,75.0,290,1,0,1,1,275,265,1.000000
ns3,75.0,291,1,0,1,1,276,266,1.000000
ns3,75.0,292,1,0,1,1,277,267,1.000000
ns3,75.0,293,1,0,1,1,278,268,1.000000
ns3,75.0,294,0,0,0,1,278,268,1.000000
ns3,75.0,295,1,0,1,1,279,269,1.000000
ns3,75.0,296,1,0,1,1,280,270,1.000000
ns3,75.0,297,1,0,1,1,281,271,1.000000
ns3,75.0,298,1,0,1,1,282,272,1.000000
ns3,75.0,299,1,0,1,1,283,273,1.000000
ns3,75.0,300,1,0,1,1,284,274,1.000000
ns3,75.0,301,1,0,1,1,285,275,1.000000
ns3,75.0,302,1,0,1,1,286,276,1.000000
ns3,75.0,303,1,0,1,1,287,277,1.000000
ns3,75.0,304,0,0,0,1,287,277,1.000000
ns3,75.0,305,1,0,1,1,288,278,1.000000
ns3,75.0,306,1,0,1,1,289,279,1.000000
ns3,75.0,307,1,0,1,1,290,280,1.000000
ns3,75.0,308,1,0,1,1,291,281,1.000000
ns3,75.0,309,1,0,1,1,292,282,1.000000
ns3,75.0,310,1,0,1,1,293,283,1.000000
ns3,75.0,311,1,0,1,1,294,284,1.000000
ns3,75.0,312,1,0,1,1,295,285,1.000000
ns3,75.0,313,1,0,1,1,296,286,1.000000
ns3,75.0,314,1,0,1,1,297,287,1.000000
ns3,75.0,315,1,1,0,1,298,287,1.000000
ns3,75.0,316,1,1,0,1,299,287,1.000000
ns3,75.0,317,1,0,1,1,300,288,1.000000
ns3,75.0,318,0,0,0,1,300,288,1.000000
ns3,75.0,319,1,0,1,1,301,289,1.000000
ns3,75.0,320,1,0,1,1,302,290,1.000000
ns3,75.0,321,1,0,1,1,303,291,1.000000
ns3,75.0,322,1,0,1,1,304,292,1.000000
ns3,75.0,323,1,0,1,1,305,293,1.000000
ns3,75.0,324,1,0,1,1,306,294,1.000000
ns3,75.0,325,1,0,1,1,307,295,1.000000
ns3,75.0,326,1,0,1,1,308,296,1.000000
ns3,75.0,327,1,0,1,1,309,297,1.000000
ns3,75.0,328,1,0,1,1,310,298,1.000000
ns3,75.0,329,1,0,1,1,311,299,1.000000
ns3,75.0,330,1,0,1,1,312,300,1.000000
ns3,75.0,331,1,0,1,1,313,301,1.000000
ns3,75.0,332,1,0,1,1,314,302,1.000000
ns3,75.0,333,1,0,1,1,315,303,1.000000
ns3,75.0,334,1,0,1,1,316,304,1.000000
ns3,75.0,335,1,0,1,1,317,305,1.000000
ns3,75.0,336,1,0,1,1,318,306,1.000000
ns3,75.0,337,1,0,1,1,319,307,1.000000
ns3,75.0,338,1,0,1,1,320,308,1.000000
ns3,75.0,339,1,0,1,1,321,309,1.000000
ns3,75.0,340,1,0,1,1,322,310,1.000000
ns3,75.0,341,1,0,1,1,323,311,1.000000
ns3,75.0,342,1,1,0,1,324,311,1.000000
ns3,75.0,343,1,0,1,1,325,312,1.000000
ns3,75.0,344,1,0,1,1,326,313,1.000000
ns3,75.0,345,1,0,1,1,327,314,1.000000
ns3,75.0,346,1,0,1,1,328,315,1.000000
ns3,75.0,347,1,0,1,1,329,316,1.000000
ns3,75.0,348,1,0,1,1,330,317,1.000000
ns3,75.0,349,1,0,1,1,331,318,1.000000
ns3,75.0,350,1,0,1,1,332,319,1.000000
ns3,75.0,351,1,0,1,1,333,320,1.000000
ns3,75.0,352,1,0,1,1,334,321,1.000000
ns3,75.0,353,1,0,1,1,335,322,1.000000
ns3,75.0,354,1,0,1,1,336,323,1.000000
ns3,75.0,355,1,0,1,1,337,324,1.000000
ns3,75.0,356,1,0,1,1,338,325,1.000000
ns3,75.0,357,1,0,1,1,339,326,1.000000
ns3,75.0,358,1,0,1,1,340,327,1.000000
ns3,75.0,359,1,0,1,1,341,328,1.000000
ns3,75.0,360,1,0,1,1,342,329,1.000000
ns3,75.0,361,1,0,1,1,343,330,1.000000
ns3,75.0,362,1,0,1,1,344,331,1.000000
ns3,75.0,363,1,0,1,1,345,332,1.000000
ns3,75.0,364,1,0,1,1,346,333,1.000000
ns3,75.0,365,1,0,1,1,347,334,1.000000
ns3,75.0,366,1,0,1,1,348,335,1.000000
ns3,75.0,367,1,0,1,1,349,336,1.000000
ns3,75.0,368,1,0,1,1,350,337,1.000000
ns3,75.0,369,1,0,1,1,351,338,1.000000
ns3,75.0,370,1,0,1,1,352,339,1.000000
ns3,75.0,371,0,0,0,1,352,339,1.000000
ns3,75.0,372,1,0,1,1,353,340,1.000000
ns3,75.0,373,1,0,1,1,354,341,1.000000
ns3,75.0,374,1,0,1,1,355,342,1.000000
ns3,75.0,375,1,0,1,1,356,343,1.000000
ns3,75.0,376,1,0,1,1,357,344,1.000000
ns3,75.0,377,1,0,1,1,358,345,1.000000
ns3,75.0,378,1,0,1,1,359,346,1.000000
ns3,75.0,379,1,0,1,1,360,347,1.000000
ns3,75.0,380,1,0,1,1,361,348,1.000000
ns3,75.0,381,1,0,1,1,362,349,1.000000
ns3,75.0,382,1,0,1,1,363,350,1.000000
ns3,75.0,383,1,0,1,1,364,351,1.000000
ns3,75.0,384,1,0,1,1,365,352,1.000000
ns3,75.0,385,1,0,1,1,366,353,1.000000
ns3,75.0,386,1,0,1,1,367,354,1.000000
ns3,75.0,387,1,0,1,1,368,355,1.000000
ns3,75.0,388,1,0,1,1,369,356,1.000000
ns3,75.0,389,1,0,1,1,370,357,1.000000
ns3,75.0,390,1,0,1,1,371,358,1.000000
ns3,75.0,391,0,0,0,1,371,358,1.000000
ns3,75.0,392,1,0,1,1,372,359,1.000000
ns3,75.0,393,1,0,1,1,373,360,1.000000
ns3,75.0,394,1,0,1,1,374,361,1.000000
ns3,75.0,395,1,0,1,1,375,362,1.000000
ns3,75.0,396,1,0,1,1,376,363,1.000000
ns3,75.0,397,1,0,1,1,377,364,1.000000
ns3,75.0,398,1,0,1,1,378,365,1.000000
ns3,75.0,399,1,0,1,1,379,366,1.000000
ns3,75.0,400,0,0,0,1,379,366,1.000000
ns3,80.0,1,0,0,0,0,0,0,0.000000
ns3,80.0,2,1,0,1,1,1,1,1.000000
ns3,80.0,3,1,0,1,1,2,2,1.000000
ns3,80.0,4,1,0,1,1,3,3,1.000000
ns3,80.0,5,1,0,1,1,4,4,1.000000
ns3,80.0,6,1,0,1,1,5,5,1.000000
ns3,80.0,7,1,0,1,1,6,6,1.000000
ns3,80.0,8,0,0,0,1,6,6,1.000000
ns3,80.0,9,1,0,1,1,7,7,1.000000
ns3,80.0,10,1,0,1,1,8,8,1.000000
ns3,80.0,11,1,0,1,1,9,9,1.000000
ns3,80.0,12,1,0,1,1,10,10,1.000000
ns3,80.0,13,1,0,1,1,11,11,1.000000
ns3,80.0,14,1,0,1,1,12,12,1.000000
ns3,80.0,15,1,0,1,1,13,13,1.000000
ns3,80.0,16,1,0,1,1,14,14,1.000000
ns3,80.0,17,1,0,1,1,15,15,1.000000
ns3,80.0,18,1,0,1,1,16,16,1.000000
ns3,80.0,19,1,0,1,1,17,17,1.000000
ns3,80.0,20,1,0,1,1,18,18,1.000000
ns3,80.0,21,1,0,1,1,19,19,1.000000
ns3,80.0,22,1,0,1,1,20,20,1.000000
ns3,80.0,23,1,0,1,1,21,21,1.000000
ns3,80.0,24,1,0,1,1,22,22,1.000000
ns3,80.0,25,1,0,1,1,23,23,1.000000
ns3,80.0,26,1,1,0,1,24,23,1.000000
ns3,80.0,27,1,0,1,1,25,24,1.000000
ns3,80.0,28,1,0,1,1,26,25,1.000000
ns3,80.0,29,1,0,1,1,27,26,1.000000
ns3,80.0,30,1,0,1,1,28,27,1.000000
ns3,80.0,31,1,0,1,1,29,28,1.000000
ns3,80.0,32,1,0,1,1,30,29,1.000000
ns3,80.0,33,1,0,1,1,31,30,1.000000
ns3,80.0,34,1,0,1,1,32,31,1.000000
ns3,80.0,35,1,0,1,1,33,32,1.000000
ns3,80.0,36,1,0,1,1,34,33,1.000000
ns3,80.0,37,1,0,1,1,35,34,1.000000
ns3,80.0,38,1,0,1,1,36,35,1.000000
ns3,80.0,39,1,0,1,1,37,36,1.000000
ns3,80.0,40,1,0,1,1,38,37,1.000000
ns3,80.0,41,1,0,1,1,39,38,1.000000
ns3,80.0,42,1,0,1,1,40,39,1.000000
ns3,80.0,43,1,1,0,1,41,39,1.000000
ns3,80.0,44,1,0,1,1,42,40,1.000000
ns3,80.0,45,1,0,1,1,43,41,1.000000
ns3,80.0,46,1,0,1,1,44,42,1.000000
ns3,80.0,47,0,0,0,1,44,42,1.000000
ns3,80.0,48,1,0,1,1,45,43,1.000000
ns3,80.0,49,1,0,1,1,46,44,1.000000
ns3,80.0,50,1,0,1,1,47,45,1.000000
ns3,80.0,51,0,0,0,1,47,45,1.000000
ns3,80.0,52,1,0,1,1,48,46,1.000000
ns3,80.0,53,1,0,1,1,49,47,1.000000
ns3,80.0,54,1,0,1,1,50,48,1.000000
ns3,80.0,55,1,0,1,1,51,49,1.000000
ns3,80.0,56,1,0,1,1,52,50,1.000000
ns3,80.0,57,1,0,1,1,53,51,1.000000
ns3,80.0,58,1,0,1,1,54,52,1.000000
ns3,80.0,59,1,0,1,1,55,53,1.000000
ns3,80.0,60,1,0,1,1,56,54,1.000000
ns3,80.0,61,1,0,1,1,57,55,1.000000
ns3,80.0,62,1,0,1,1,58,56,1.000000
ns3,80.0,63,1,0,1,1,59,57,1.000000
ns3,80.0,64,1,0,1,1,60,58,1.000000
ns3,80.0,65,1,0,1,1,61,59,1.000000
ns3,80.0,66,1,0,1,1,62,60,1.000000
ns3,80.0,67,1,0,1,1,63,61,1.000000
ns3,80.0,68,1,0,1,1,64,62,1.000000
ns3,80.0,69,1,0,1,1,65,63,1.000000
ns3,80.0,70,1,0,1,1,66,64,1.000000
ns3,80.0,71,1,0,1,1,67,65,1.000000
ns3,80.0,72,1,0,1,1,68,66,1.000000
ns3,80.0,73,1,0,1,1,69,67,1.000000
ns3,80.0,74,1,0,1,1,70,68,1.000000
ns3,80.0,75,1,0,1,1,71,69,1.000000
ns3,80.0,76,1,0,1,1,72,70,1.000000
ns3,80.0,77,0,0,0,1,72,70,1.000000
ns3,80.0,78,1,0,1,1,73,71,1.000000
ns3,80.0,79,1,0,1,1,74,72,1.000000
ns3,80.0,80,1,0,1,1,75,73,1.000000
ns3,80.0,81,1,0,1,1,76,74,1.000000
ns3,80.0,82,1,0,1,1,77,75,1.000000
ns3,80.0,83,1,0,1,1,78,76,1.000000
ns3,80.0,84,1,0,1,1,79,77,1.000000
ns3,80.0,85,1,0,1,1,80,78,1.000000
ns3,80.0,86,1,0,1,1,81,79,1.000000
ns3,80.0,87,1,0,1,1,82,80,1.000000
ns3,80.0,88,1,0,1,1,83,81,1.000000
ns3,80.0,89,1,0,1,1,84,82,1.000000
ns3,80.0,90,1,0,1,1,85,83,1.000000
ns3,80.0,91,1,1,0,1,86,83,1.000000
ns3,80.0,92,1,0,1,1,87,84,1.000000
ns3,80.0,93,1,0,1,1,88,85,1.000000
ns3,80.0,94,1,0,1,1,89,86,1.000000
ns3,80.0,95,1,0,1,1,90,87,1.000000
ns3,80.0,96,1,0,1,1,91,88,1.000000
ns3,80.0,97,1,0,1,1,92,89,1.000000
ns3,80.0,98,1,0,1,1,93,90,1.000000
ns3,80.0,99,1,0,1,1,94,91,1.000000
ns3,80.0,100,1,0,1,1,95,92,1.000000
ns3,80.0,101,1,0,1,1,96,93,1.000000
ns3,80.0,102,1,0,1,1,97,94,1.000000
ns3,80.0,103,1,0,1,1,98,95,1.000000
ns3,80.0,104,1,0,1,1,99,96,1.000000
ns3,80.0,105,1,0,1,1,100,97,1.000000
ns3,80.0,106,1,0,1,1,101,98,1.000000
ns3,80.0,107,1,0,1,1,102,99,1.000000
ns3,80.0,108,1,0,1,1,103,100,1.000000
ns3,80.0,109,1,0,1,1,104,101,1.000000
ns3,80.0,110,1,0,1,1,105,102,1.000000
ns3,80.0,111,1,0,1,1,106,103,1.000000
ns3,80.0,112,1,0,1,1,107,104,1.000000
ns3,80.0,113,1,0,1,1,108,105,1.000000
ns3,80.0,114,1,0,1,1,109,106,1.000000
ns3,80.0,115,1,0,1,1,110,107,1.000000
ns3,80.0,116,1,0,1,1,111,108,1.000000
ns3,80.0,117,1,1,0,1,112,108,1.000000
ns3,80.0,118,1,0,1,1,113,109,1.000000
ns3,80.0,119,1,0,1,1,114,110,1.000000
ns3,80.0,120,1,1,0,1,115,110,1.000000
ns3,80.0,121,1,0,1,1,116,111,1.000000
ns3,80.0,122,1,0,1,1,117,112,1.000000
ns3,80.0,123,1,0,1,1,118,113,1.000000
ns3,80.0,124,1,0,1,1,119,114,1.000000
ns3,80.0,125,1,0,1,1,120,115,1.000000
ns3,80.0,126,1,0,1,1,121,116,1.000000
ns3,80.0,127,1,0,1,1,122,117,1.000000
ns3,80.0,128,1,0,1,1,123,118,1.000000
ns3,80.0,129,1,0,1,1,124,119,1.000000
ns3,80.0,130,1,0,1,1,125,120,1.000000
ns3,80.0,131,1,0,1,1,126,121,1.000000
ns3,80.0,132,1,0,1,1,127,122,1.000000
ns3,80.0,133,1,0,1,1,128,123,1.000000
ns3,80.0,134,1,0,1,1,129,124,1.000000
ns3,80.0,135,1,0,1,1,130,125,1.000000
ns3,80.0,136,1,0,1,1,131,126,1.000000
ns3,80.0,137,1,0,1,1,132,127,1.000000
ns3,80.0,138,1,0,1,1,133,128,1.000000
ns3,80.0,139,1,0,1,1,134,129,1.000000
ns3,80.0,140,1,0,1,1,135,130,1.000000
ns3,80.0,141,1,0,1,1,136,131,1.000000
ns3,80.0,142,1,0,1,1,137,132,1.000000
ns3,80.0,143,1,0,1,1,138,133,1.000000
ns3,80.0,144,1,1,0,1,139,133,1.000000
ns3,80.0,145,1,0,1,1,140,134,1.000000
ns3,80.0,146,1,0,1,1,141,135,1.000000
ns3,80.0,147,1,0,1,1,142,136,1.000000
ns3,80.0,148,1,0,1,1,143,137,1.000000
ns3,80.0,149,1,0,1,1,144,138,1.000000
ns3,80.0,150,1,0,1,1,145,139,1.000000
ns3,80.0,151,1,0,1,1,146,140,1.000000
ns3,80.0,152,1,0,1,1,147,141,1.000000
ns3,80.0,153,1,1,0,1,148,141,1.000000
ns3,80.0,154,1,0,1,1,149,142,1.000000
ns3,80.0,155,1,0,1,1,150,143,1.000000
ns3,80.0,156,1,0,1,1,151,144,1.000000
ns3,80.0,157,1,0,1,1,152,145,1.000000
ns3,80.0,158,1,0,1,1,153,146,1.000000
ns3,80.0,159,1,0,1,1,154,147,1.000000
ns3,80.0,160,1,0,1,1,155,148,1.000000
ns3,80.0,161,1,0,1,1,156,149,1.000000
ns3,80.0,162,1,0,1,1,157,150,1.000000
ns3,80.0,163,1,0,1,1,158,151,1.000000
ns3,80.0,164,1,0,1,1,159,152,1.000000
ns3,80.0,165,1,0,1,1,160,153,1.000000
ns3,80.0,166,1,0,1,1,161,154,1.000000
ns3,80.0,167,1,0,1,1,162,155,1.000000
ns3,80.0,168,1,0,1,1,163,156,1.000000
ns3,80.0,169,0,0,0,1,163,156,1.000000
ns3,80.0,170,1,0,1,1,164,157,1.000000
ns3,80.0,171,1,0,1,1,165,158,1.000000
ns3,80.0,172,1,0,1,1,166,159,1.000000
ns3,80.0,173,1,0,1,1,167,160,1.000000
ns3,80.0,174,1,0,1,1,168,161,1.000000
ns3,80.0,175,1,0,1,1,169,162,1.000000
ns3,80.0,176,1,0,1,1,170,163,1.000000
ns3,80.0,177,1,0,1,1,171,164,1.000000
ns3,80.0,178,1,0,1,1,172,165,1.000000
ns3,80.0,179,1,0,1,1,173,166,1.000000
ns3,80.0,180,1,0,1,1,174,167,1.000000
ns3,80.0,181,1,0,1,1,175,168,1.000000
ns3,80.0,182,1,0,1,1,176,169,1.000000
ns3,80.0,183,1,0,1,1,177,170,1.000000
ns3,80.0,184,1,0,1,1,178,171,1.000000
ns3,80.0,185,1,0,1,1,179,172,1.000000
ns3,80.0,186,1,0,1,1,180,173,1.000000
ns3,80.0,187,1,1,0,1,181,173,1.000000
ns3,80.0,188,1,0,1,1,182,174,1.000000
ns3,80.0,189,1,0,1,1,183,175,1.000000
ns3,80.0,190,1,0,1,1,184,176,1.000000
ns3,80.0,191,1,0,1,1,185,177,1.000000
ns3,80.0,192,1,0,1,1,186,178,1.000000
ns3,80.0,193,1,0,1,1,187,179,1.000000
ns3,80.0,194,1,0,1,1,188,180,1.000000
ns3,80.0,195,1,0,1,1,189,181,1.000000
ns3,80.0,196,1,0,1,1,190,182,1.000000
ns3,80.0,197,1,0,1,1,191,183,1.000000
ns3,80.0,198,1,0,1,1,192,184,1.000000
ns3,80.0,199,1,0,1,1,193,185,1.000000
ns3,80.0,200,1,0,1,1,194,186,1.000000
ns3,80.0,201,1,0,1,1,195,187,1.000000
ns3,80.0,202,1,0,1,1,196,188,1.000000
ns3,80.0,203,0,0,0,1,196,188,1.000000
ns3,80.0,204,1,0,1,1,197,189,1.000000
ns3,80.0,205,1,0,1,1,198,190,1.000000
ns3,80.0,206,1,0,1,1,199,191,1.000000
ns3,80.0,207,1,0,1,1,200,192,1.000000
ns3,80.0,208,1,0,1,1,201,193,1.000000
ns3,80.0,209,1,0,1,1,202,194,1.000000
ns3,80.0,210,1,0,1,1,203,195,1.000000
ns3,80.0,211,1,0,1,1,204,196,1.000000
ns3,80.0,212,1,0,1,1,205,197,1.000000
ns3,80.0,213,1,0,1,1,206,198,1.000000
ns3,80.0,214,1,0,1,1,207,199,1.000000
ns3,80.0,215,1,0,1,1,208,200,1.000000
ns3,80.0,216,0,0,0,1,208,200,1.000000
ns3,80.0,217,1,0,1,1,209,201,1.000000
ns3,80.0,218,1,0,1,1,210,202,1.000000
ns3,80.0,219,1,1,0,1,211,202,1.000000
ns3,80.0,220,1,0,1,1,212,203,1.000000
ns3,80.0,221,1,0,1,1,213,204,1.000000
ns3,80.0,222,1,0,1,1,214,205,1.000000
ns3,80.0,223,1,0,1,1,215,206,1.000000
ns3,80.0,224,1,0,1,1,216,207,1.000000
ns3,80.0,225,1,0,1,1,217,208,1.000000
ns3,80.0,226,1,0,1,1,218,209,1.000000
ns3,80.0,227,1,0,1,1,219,210,1.000000
ns3,80.0,228,1,0,1,1,220,211,1.000000
ns3,80.0,229,1,0,1,1,221,212,1.000000
ns3,80.0,230,1,0,1,1,222,213,1.000000
ns3,80.0,231,1,0,1,1,223,214,1.000000
ns3,80.0,232,1,0,1,1,224,215,1.000000
ns3,80.0,233,1,0,1,1,225,216,1.000000
ns3,80.0,234,1,0,1,1,226,217,1.000000
ns3,80.0,235,1,0,1,1,227,218,1.000000
ns3,80.0,236,1,0,1,1,228,219,1.000000
ns3,80.0,237,1,0,1,1,229,220,1.000000
ns3,80.0,238,1,0,1,1,230,221,1.000000
ns3,80.0,239,1,0,1,1,231,222,1.000000
ns3,80.0,240,1,0,1,1,232,223,1.000000
ns3,80.0,241,1,1,0,1,233,223,1.000000
ns3,80.0,242,1,0,1,1,234,224,1.000000
ns3,80.0,243,1,0,1,1,235,225,1.000000
ns3,80.0,244,0,0,0,1,235,225,1.000000
ns3,80.0,245,1,0,1,1,236,226,1.000000
ns3,80.0,246,1,0,1,1,237,227,1.000000
ns3,80.0,247,1,1,0,1,238,227,1.000000
ns3,80.0,248,1,0,1,1,239,228,1.000000
ns3,80.0,249,1,0,1,1,240,229,1.000000
ns3,80.0,250,1,0,1,1,241,230,1.000000
ns3,80.0,251,1,0,1,1,242,231,1.000000
ns3,80.0,252,1,0,1,1,243,232,1.000000
ns3,80.0,253,1,0,1,1,244,233,1.000000
ns3,80.0,254,1,0,1,1,245,234,1.000000
ns3,80.0,255,1,0,1,1,246,235,1.000000
ns3,80.0,256,1,0,1,1,247,236,1.000000
ns3,80.0,257,1,0,1,1,248,237,1.000000
ns3,80.0,258,1,1,0,1,249,237,1.000000
ns3,80.0,259,1,0,1,1,250,238,1.000000
ns3,80.0,260,1,0,1,1,251,239,1.000000
ns3,80.0,261,1,0,1,1,252,240,1.000000
ns3,80.0,262,1,0,1,1,253,241,1.000000
ns3,80.0,263,1,0,1,1,254,242,1.000000
ns3,80.0,264,1,0,1,1,255,243,1.000000
ns3,80.0,265,1,0,1,1,256,244,1.000000
ns3,80.0,266,1,0,1,1,257,245,1.000000
ns3,80.0,267,0,0,0,1,257,245,1.000000
ns3,80.0,268,1,0,1,1,258,246,1.000000
ns3,80.0,269,1,0,1,1,259,247,1.000000
ns3,80.0,270,1,0,1,1,260,248,1.000000
ns3,80.0,271,1,0,1,1,261,249,1.000000
ns3,80.0,272,1,0,1,1,262,250,1.000000
ns3,80.0,273,1,0,1,1,263,251,1.000000
ns3,80.0,274,1,0,1,1,264,252,1.000000
ns3,80.0,275,1,0,1,1,265,253,1.000000
ns3,80.0,276,1,0,1,1,266,254,1.000000
ns3,80.0,277,1,0,1,1,267,255,1.000000
ns3,80.0,278,1,0,1,1,268,256,1.000000
ns3,80.0,279,1,0,1,1,269,257,1.000000
ns3,80.0,280,1,0,1,1,270,258,1.000000
ns3,80.0,281,1,1,0,1,271,258,1.000000
ns3,80.0,282,1,0,1,1,272,259,1.000000
ns3,80.0,283,1,0,1,1,273,260,1.000000
ns3,80.0,284,1,0,1,1,274,261,1.000000
ns3,80.0,285,1,0,1,1,275,262,1.000000
ns3,80.0,286,1,0,1,1,276,263,1.000000
ns3,80.0,287,0,0,0,1,276,263,1.000000
ns3,80.0,288,1,0,1,1,277,264,1.000000
ns3,80.0,289,1,0,1,1,278,265,1.000000
ns3,80.0,290,1,0,1,1,279,266,1.000000
ns3,80.0,291,1,0,1,1,280,267,1.000000
ns3,80.0,292,1,0,1,1,281,268,1.000000
ns3,80.0,293,0,0,0,1,281,268,1.000000
ns3,80.0,294,1,0,1,1,282,269,1.000000
ns3,80.0,295,1,0,1,1,283,270,1.000000
ns3,80.0,296,1,0,1,1,284,271,1.000000
ns3,80.0,297,1,0,1,1,285,272,1.000000
ns3,80.0,298,1,0,1,1,286,273,1.000000
ns3,80.0,299,1,0,1,1,287,274,1.000000
ns3,80.0,300,1,0,1,1,288,275,1.000000
ns3,80.0,301,1,0,1,1,289,276,1.000000
ns3,80.0,302,1,0,1,1,290,277,1.000000
ns3,80.0,303,1,0,1,1,291,278,1.000000
ns3,80.0,304,1,0,1,1,292,279,1.000000
ns3,80.0,305,1,0,1,1,293,280,1.000000
ns3,80.0,306,1,0,1,1,294,281,1.000000
ns3,80.0,307,1,0,1,1,295,282,1.000000
ns3,80.0,308,1,0,1,1,296,283,1.000000
ns3,80.0,309,1,0,1,1,297,284,1.000000
ns3,80.0,310,1,0,1,1,298,285,1.000000
ns3,80.0,311,1,0,1,1,299,286,1.000000
ns3,80.0,312,1,0,1,1,300,287,1.000000
ns3,80.0,313,1,0,1,1,301,288,1.000000
ns3,80.0,314,1,0,1,1,302,289,1.000000
ns3,80.0,315,1,0,1,1,303,290,1.000000
ns3,80.0,316,1,0,1,1,304,291,1.000000
ns3,80.0,317,1,0,1,1,305,292,1.000000
ns3,80.0,318,1,0,1,1,306,293,1.000000
ns3,80.0,319,1,0,1,1,307,294,1.000000
ns3,80.0,320,1,0,1,1,308,295,1.000000
ns3,80.0,321,1,0,1,1,309,296,1.000000
ns3,80.0,322,1,0,1,1,310,297,1.000000
ns3,80.0,323,1,0,1,1,311,298,1.000000
ns3,80.0,324,1,0,1,1,312,299,1.000000
ns3,80.0,325,1,0,1,1,313,300,1.000000
ns3,80.0,326,1,0,1,1,314,301,1.000000
ns3,80.0,327,1,0,1,1,315,302,1.000000
ns3,80.0,328,1,0,1,1,316,303,1.000000
ns3,80.0,329,1,0,1,1,317,304,1.000000
ns3,80.0,330,1,0,1,1,318,305,1.000000
ns3,80.0,331,1,0,1,1,319,306,1.000000
ns3,80.0,332,1,1,0,1,320,306,1.000000
ns3,80.0,333,1,0,1,1,321,307,1.000000
ns3,80.0,334,1,0,1,1,322,308,1.000000
ns3,80.0,335,1,0,1,1,323,309,1.000000
ns3,80.0,336,1,0,1,1,324,310,1.000000
ns3,80.0,337,1,0,1,1,325,311,1.000000
ns3,80.0,338,0,0,0,1,325,311,1.000000
ns3,80.0,339,0,0,0,1,325,311,1.000000
ns3,80.0,340,1,0,1,1,326,312,1.000000
ns3,80.0,341,1,0,1,1,327,313,1.000000
ns3,80.0,342,1,0,1,1,328,314,1.000000
ns3,80.0,343,1,0,1,1,329,315,1.000000
ns3,80.0,344,1,0,1,1,330,316,1.000000
ns3,80.0,345,1,0,1,1,331,317,1.000000
ns3,80.0,346,1,0,1,1,332,318,1.000000
ns3,80.0,347,1,0,1,1,333,319,1.000000
ns3,80.0,348,1,0,1,1,334,320,1.000000
ns3,80.0,349,1,0,1,1,335,321,1.000000
ns3,80.0,350,1,0,1,1,336,322,1.000000
ns3,80.0,351,1,0,1,1,337,323,1.000000
ns3,80.0,352,1,0,1,1,338,324,1.000000
ns3,80.0,353,1,0,1,1,339,325,1.000000
ns3,80.0,354,1,0,1,1,340,326,1.000000
ns3,80.0,355,1,0,1,1,341,327,1.000000
ns3,80.0,356,1,0,1,1,342,328,1.000000
ns3,80.0,357,1,0,1,1,343,329,1.000000
ns3,80.0,358,1,0,1,1,344,330,1.000000
ns3,80.0,359,1,0,1,1,345,331,1.000000
ns3,80.0,360,1,0,1,1,346,332,1.000000
ns3,80.0,361,1,0,1,1,347,333,1.000000
ns3,80.0,362,1,0,1,1,348,334,1.000000
ns3,80.0,363,1,0,1,1,349,335,1.000000
ns3,80.0,364,1,0,1,1,350,336,1.000000
ns3,80.0,365,1,0,1,1,351,337,1.000000
ns3,80.0,366,1,0,1,1,352,338,1.000000
ns3,80.0,367,1,0,1,1,353,339,1.000000
ns3,80.0,368,1,0,1,1,354,340,1.000000
ns3,80.0,369,1,0,1,1,355,341,1.000000
ns3,80.0,370,1,0,1,1,356,342,1.000000
ns3,80.0,371,1,0,1,1,357,343,1.000000
ns3,80.0,372,1,0,1,1,358,344,1.000000
ns3,80.0,373,1,0,1,1,359,345,1.000000
ns3,80.0,374,1,0,1,1,360,346,1.000000
ns3,80.0,375,1,0,1,1,361,347,1.000000
ns3,80.0,376,1,0,1,1,362,348,1.000000
ns3,80.0,377,1,0,1,1,363,349,1.000000
ns3,80.0,378,0,0,0,1,363,349,1.000000
ns3,80.0,379,1,0,1,1,364,350,1.000000
ns3,80.0,380,1,0,1,1,365,351,1.000000
ns3,80.0,381,1,0,1,1,366,352,1.000000
ns3,80.0,382,1,0,1,1,367,353,1.000000
ns3,80.0,383,1,0,1,1,368,354,1.000000
ns3,80.0,384,1,0,1,1,369,355,1.000000
ns3,80.0,385,1,0,1,1,370,356,1.000000
ns3,80.0,386,1,0,1,1,371,357,1.000000
ns3,80.0,387,1,0,1,1,372,358,1.000000
ns3,80.0,388,1,1,0,1,373,358,1.000000
ns3,80.0,389,1,0,1,1,374,359,1.000000
ns3,80.0,390,1,0,1,1,375,360,1.000000
ns3,80.0,391,1,0,1,1,376,361,1.000000
ns3,80.0,392,1,0,1,1,377,362,1.000000
ns3,80.0,393,1,0,1,1,378,363,1.000000
ns3,80.0,394,1,0,1,1,379,364,1.000000
ns3,80.0,395,1,0,1,1,380,365,1.000000
ns3,80.0,396,1,0,1,1,381,366,1.000000
ns3,80.0,397,1,0,1,1,382,367,1.000000
ns3,80.0,398,1,0,1,1,383,368,1.000000
ns3,80.0,399,0,0,0,1,383,368,1.000000
ns3,80.0,400,1,1,0,1,384,368,1.000000
ns3,85.0,1,1,0,1,1,1,1,1.000000
ns3,85.0,2,1,0,1,1,2,2,1.000000
ns3,85.0,3,1,0,1,1,3,3,1.000000
ns3,85.0,4,1,1,0,1,4,3,0.996094
ns3,85.0,5,1,0,1,1,5,4,0.999680
ns3,85.0,6,1,0,1,1,6,5,0.999979
ns3,85.0,7,1,0,1,1,7,6,0.999999
ns3,85.0,8,1,0,1,1,8,7,1.000000
ns3,85.0,9,1,0,1,1,9,8,1.000000
ns3,85.0,10,1,0,1,1,10,9,1.000000
ns3,85.0,11,1,0,1,1,11,10,1.000000
ns3,85.0,12,1,0,1,1,12,11,1.000000
ns3,85.0,13,1,0,1,1,13,12,1.000000
ns3,85.0,14,0,0,0,1,13,12,1.000000
ns3,85.0,15,1,0,1,1,14,13,1.000000
ns3,85.0,16,1,0,1,1,15,14,1.000000
ns3,85.0,17,1,0,1,1,16,15,1.000000
ns3,85.0,18,1,0,1,1,17,16,1.000000
ns3,85.0,19,1,0,1,1,18,17,1.000000
ns3,85.0,20,1,0,1,1,19,18,1.000000
ns3,85.0,21,1,0,1,1,20,19,1.000000
ns3,85.0,22,1,0,1,1,21,20,1.000000
ns3,85.0,23,1,0,1,1,22,21,1.000000
ns3,85.0,24,1,0,1,1,23,22,1.000000
ns3,85.0,25,1,0,1,1,24,23,1.000000
ns3,85.0,26,1,0,1,1,25,24,1.000000
ns3,85.0,27,1,0,1,1,26,25,1.000000
ns3,85.0,28,0,0,0,1,26,25,1.000000
ns3,85.0,29,1,0,1,1,27,26,1.000000
ns3,85.0,30,1,0,1,1,28,27,1.000000
ns3,85.0,31,1,0,1,1,29,28,1.000000
ns3,85.0,32,1,0,1,1,30,29,1.000000
ns3,85.0,33,1,0,1,1,31,30,1.000000
ns3,85.0,34,1,0,1,1,32,31,1.000000
ns3,85.0,35,1,0,1,1,33,32,1.000000
ns3,85.0,36,1,0,1,1,34,33,1.000000
ns3,85.0,37,1,0,1,1,35,34,1.000000
ns3,85.0,38,1,0,1,1,36,35,1.000000
ns3,85.0,39,1,0,1,1,37,36,1.000000
ns3,85.0,40,1,0,1,1,38,37,1.000000
ns3,85.0,41,1,0,1,1,39,38,1.000000
ns3,85.0,42,1,0,1,1,40,39,1.000000
ns3,85.0,43,1,0,1,1,41,40,1.000000
ns3,85.0,44,1,0,1,1,42,41,1.000000
ns3,85.0,45,1,0,1,1,43,42,1.000000
ns3,85.0,46,1,0,1,1,44,43,1.000000
ns3,85.0,47,1,0,1,1,45,44,1.000000
ns3,85.0,48,1,0,1,1,46,45,1.000000
ns3,85.0,49,1,0,1,1,47,46,1.000000
ns3,85.0,50,1,0,1,1,48,47,1.000000
ns3,85.0,51,1,0,1,1,49,48,1.000000
ns3,85.0,52,1,0,1,1,50,49,1.000000
ns3,85.0,53,1,0,1,1,51,50,1.000000
ns3,85.0,54,1,0,1,1,52,51,1.000000
ns3,85.0,55,1,0,1,1,53,52,1.000000
ns3,85.0,56,1,0,1,1,54,53,1.000000
ns3,85.0,57,1,0,1,1,55,54,1.000000
ns3,85.0,58,1,0,1,1,56,55,1.000000
ns3,85.0,59,0,0,0,1,56,55,1.000000
ns3,85.0,60,1,0,1,1,57,56,1.000000
ns3,85.0,61,1,0,1,1,58,57,1.000000
ns3,85.0,62,1,0,1,1,59,58,1.000000
ns3,85.0,63,1,0,1,1,60,59,1.000000
ns3,85.0,64,0,0,0,1,60,59,1.000000
ns3,85.0,65,1,0,1,1,61,60,1.000000
ns3,85.0,66,1,0,1,1,62,61,1.000000
ns3,85.0,67,1,0,1,1,63,62,1.000000
ns3,85.0,68,1,0,1,1,64,63,1.000000
ns3,85.0,69,1,0,1,1,65,64,1.000000
ns3,85.0,70,1,0,1,1,66,65,1.000000
ns3,85.0,71,1,0,1,1,67,66,1.000000
ns3,85.0,72,1,0,1,1,68,67,1.000000
ns3,85.0,73,1,0,1,1,69,68,1.000000
ns3,85.0,74,1,0,1,1,70,69,1.000000
ns3,85.0,75,1,0,1,1,71,70,1.000000
ns3,85.0,76,1,0,1,1,72,71,1.000000
ns3,85.0,77,1,0,1,1,73,72,1.000000
ns3,85.0,78,1,0,1,1,74,73,1.000000
ns3,85.0,79,1,0,1,1,75,74,1.000000
ns3,85.0,80,1,0,1,1,76,75,1.000000
ns3,85.0,81,1,0,1,1,77,76,1.000000
ns3,85.0,82,1,0,1,1,78,77,1.000000
ns3,85.0,83,1,0,1,1,79,78,1.000000
ns3,85.0,84,1,0,1,1,80,79,1.000000
ns3,85.0,85,1,0,1,1,81,80,1.000000
ns3,85.0,86,1,0,1,1,82,81,1.000000
ns3,85.0,87,1,0,1,1,83,82,1.000000
ns3,85.0,88,1,0,1,1,84,83,1.000000
ns3,85.0,89,1,0,1,1,85,84,1.000000
ns3,85.0,90,1,0,1,1,86,85,1.000000
ns3,85.0,91,1,0,1,1,87,86,1.000000
ns3,85.0,92,1,0,1,1,88,87,1.000000
ns3,85.0,93,1,0,1,1,89,88,1.000000
ns3,85.0,94,1,0,1,1,90,89,1.000000
ns3,85.0,95,1,0,1,1,91,90,1.000000
ns3,85.0,96,1,0,1,1,92,91,1.000000
ns3,85.0,97,1,0,1,1,93,92,1.000000
ns3,85.0,98,1,0,1,1,94,93,1.000000
ns3,85.0,99,1,0,1,1,95,94,1.000000
ns3,85.0,100,1,0,1,1,96,95,1.000000
ns3,85.0,101,1,0,1,1,97,96,1.000000
ns3,85.0,102,1,0,1,1,98,97,1.000000
ns3,85.0,103,0,0,0,1,98,97,1.000000
ns3,85.0,104,1,0,1,1,99,98,1.000000
ns3,85.0,105,0,0,0,1,99,98,1.000000
ns3,85.0,106,1,0,1,1,100,99,1.000000
ns3,85.0,107,1,0,1,1,101,100,1.000000
ns3,85.0,108,1,0,1,1,102,101,1.000000
ns3,85.0,109,1,0,1,1,103,102,1.000000
ns3,85.0,110,1,0,1,1,104,103,1.000000
ns3,85.0,111,1,0,1,1,105,104,1.000000
ns3,85.0,112,1,0,1,1,106,105,1.000000
ns3,85.0,113,1,0,1,1,107,106,1.000000
ns3,85.0,114,1,0,1,1,108,107,1.000000
ns3,85.0,115,1,0,1,1,109,108,1.000000
ns3,85.0,116,1,0,1,1,110,109,1.000000
ns3,85.0,117,1,0,1,1,111,110,1.000000
ns3,85.0,118,1,0,1,1,112,111,1.000000
ns3,85.0,119,1,0,1,1,113,112,1.000000
ns3,85.0,120,1,0,1,1,114,113,1.000000
ns3,85.0,121,1,0,1,1,115,114,1.000000
ns3,85.0,122,1,0,1,1,116,115,1.000000
ns3,85.0,123,0,0,0,1,116,115,1.000000
ns3,85.0,124,1,0,1,1,117,116,1.000000
ns3,85.0,125,1,0,1,1,118,117,1.000000
ns3,85.0,126,1,0,1,1,119,118,1.000000
ns3,85.0,127,1,0,1,1,120,119,1.000000
ns3,85.0,128,1,0,1,1,121,120,1.000000
ns3,85.0,129,1,0,1,1,122,121,1.000000
ns3,85.0,130,1,0,1,1,123,122,1.000000
ns3,85.0,131,1,0,1,1,124,123,1.000000
ns3,85.0,132,1,0,1,1,125,124,1.000000
ns3,85.0,133,1,1,0,1,126,124,1.000000
ns3,85.0,134,1,0,1,1,127,125,1.000000
ns3,85.0,135,1,0,1,1,128,126,1.000000
ns3,85.0,136,1,0,1,1,129,127,1.000000
ns3,85.0,137,1,0,1,1,130,128,1.000000
ns3,85.0,138,1,0,1,1,131,129,1.000000
ns3,85.0,139,1,0,1,1,132,130,1.000000
ns3,85.0,140,1,0,1,1,133,131,1.000000
ns3,85.0,141,1,0,1,1,134,132,1.000000
ns3,85.0,142,1,0,1,1,135,133,1.000000
ns3,85.0,143,1,0,1,1,136,134,1.000000
ns3,85.0,144,1,0,1,1,137,135,1.000000
ns3,85.0,145,1,0,1,1,138,136,1.000000
ns3,85.0,146,1,0,1,1,139,137,1.000000
ns3,85.0,147,1,0,1,1,140,138,1.000000
ns3,85.0,148,1,0,1,1,141,139,1.000000
ns3,85.0,149,1,0,1,1,142,140,1.000000
ns3,85.0,150,1,0,1,1,143,141,1.000000
ns3,85.0,151,1,0,1,1,144,142,1.000000
ns3,85.0,152,1,0,1,1,145,143,1.000000
ns3,85.0,153,1,0,1,1,146,144,1.000000
ns3,85.0,154,1,0,1,1,147,145,1.000000
ns3,85.0,155,1,0,1,1,148,146,1.000000
ns3,85.0,156,1,0,1,1,149,147,1.000000
ns3,85.0,157,1,0,1,1,150,148,1.000000
ns3,85.0,158,1,0,1,1,151,149,1.000000
ns3,85.0,159,1,0,1,1,152,150,1.000000
ns3,85.0,160,1,0,1,1,153,151,1.000000
ns3,85.0,161,0,0,0,1,153,151,1.000000
ns3,85.0,162,1,0,1,1,154,152,1.000000
ns3,85.0,163,1,0,1,1,155,153,1.000000
ns3,85.0,164,0,0,0,1,155,153,1.000000
ns3,85.0,165,1,0,1,1,156,154,1.000000
ns3,85.0,166,1,0,1,1,157,155,1.000000
ns3,85.0,167,1,0,1,1,158,156,1.000000
ns3,85.0,168,1,0,1,1,159,157,1.000000
ns3,85.0,169,1,0,1,1,160,158,1.000000
ns3,85.0,170,1,0,1,1,161,159,1.000000
ns3,85.0,171,1,0,1,1,162,160,1.000000
ns3,85.0,172,1,0,1,1,163,161,1.000000
ns3,85.0,173,1,0,1,1,164,162,1.000000
ns3,85.0,174,0,0,0,1,164,162,1.000000
ns3,85.0,175,1,0,1,1,165,163,1.000000
ns3,85.0,176,1,0,1,1,166,164,1.000000
ns3,85.0,177,1,0,1,1,167,165,1.000000
ns3,85.0,178,1,0,1,1,168,166,1.000000
ns3,85.0,179,1,0,1,1,169,167,1.000000
ns3,85.0,180,1,0,1,1,170,168,1.000000
ns3,85.0,181,1,0,1,1,171,169,1.000000
ns3,85.0,182,1,1,0,1,172,169,1.000000
ns3,85.0,183,1,0,1,1,173,170,1.000000
ns3,85.0,184,1,0,1,1,174,171,1.000000
ns3,85.0,185,1,0,1,1,175,172,1.000000
ns3,85.0,186,1,0,1,1,176,173,1.000000
ns3,85.0,187,1,0,1,1,177,174,1.000000
ns3,85.0,188,1,0,1,1,178,175,1.000000
ns3,85.0,189,1,0,1,1,179,176,1.000000
ns3,85.0,190,0,0,0,1,179,176,1.000000
ns3,85.0,191,1,0,1,1,180,177,1.000000
ns3,85.0,192,1,0,1,1,181,178,1.000000
ns3,85.0,193,1,0,1,1,182,179,1.000000
ns3,85.0,194,1,0,1,1,183,180,1.000000
ns3,85.0,195,1,0,1,1,184,181,1.000000
ns3,85.0,196,1,0,1,1,185,182,1.000000
ns3,85.0,197,1,0,1,1,186,183,1.000000
ns3,85.0,198,1,0,1,1,187,184,1.000000
ns3,85.0,199,1,0,1,1,188,185,1.000000
ns3,85.0,200,1,0,1,1,189,186,1.000000
ns3,85.0,201,1,0,1,1,190,187,1.000000
ns3,85.0,202,1,0,1,1,191,188,1.000000
ns3,85.0,203,1,0,1,1,192,189,1.000000
ns3,85.0,204,1,1,0,1,193,189,1.000000
ns3,85.0,205,1,0,1,1,194,190,1.000000
ns3,85.0,206,1,0,1,1,195,191,1.000000
ns3,85.0,207,1,0,1,1,196,192,1.000000
ns3,85.0,208,1,0,1,1,197,193,1.000000
ns3,85.0,209,1,1,0,1,198,193,1.000000
ns3,85.0,210,1,0,1,1,199,194,1.000000
ns3,85.0,211,0,0,0,1,199,194,1.000000
ns3,85.0,212,1,0,1,1,200,195,1.000000
ns3,85.0,213,1,0,1,1,201,196,1.000000
ns3,85.0,214,1,0,1,1,202,197,1.000000
ns3,85.0,215,0,0,0,1,202,197,1.000000
ns3,85.0,216,1,0,1,1,203,198,1.000000
ns3,85.0,217,1,0,1,1,204,199,1.000000
ns3,85.0,218,1,0,1,1,205,200,1.000000
ns3,85.0,219,1,0,1,1,206,201,1.000000
ns3,85.0,220,1,0,1,1,207,202,1.000000
ns3,85.0,221,1,0,1,1,208,203,1.000000
ns3,85.0,222,1,0,1,1,209,204,1.000000
ns3,85.0,223,1,0,1,1,210,205,1.000000
ns3,85.0,224,1,0,1,1,211,206,1.000000
ns3,85.0,225,1,0,1,1,212,207,1.000000
ns3,85.0,226,1,0,1,1,213,208,1.000000
ns3,85.0,227,1,0,1,1,214,209,1.000000
ns3,85.0,228,1,0,1,1,215,210,1.000000
ns3,85.0,229,1,0,1,1,216,211,1.000000
ns3,85.0,230,1,0,1,1,217,212,1.000000
ns3,85.0,231,1,0,1,1,218,213,1.000000
ns3,85.0,232,0,0,0,1,218,213,1.000000
ns3,85.0,233,1,0,1,1,219,214,1.000000
ns3,85.0,234,1,0,1,1,220,215,1.000000
ns3,85.0,235,1,0,1,1,221,216,1.000000
ns3,85.0,236,1,0,1,1,222,217,1.000000
ns3,85.0,237,1,0,1,1,223,218,1.000000
ns3,85.0,238,1,0,1,1,224,219,1.000000
ns3,85.0,239,1,0,1,1,225,220,1.000000
ns3,85.0,240,1,0,1,1,226,221,1.000000
ns3,85.0,241,0,0,0,1,226,221,1.000000
ns3,85.0,242,1,0,1,1,227,222,1.000000
ns3,85.0,243,1,0,1,1,228,223,1.000000
ns3,85.0,244,1,0,1,1,229,224,1.000000
ns3,85.0,245,1,0,1,1,230,225,1.000000
ns3,85.0,246,1,0,1,1,231,226,1.000000
ns3,85.0,247,1,0,1,1,232,227,1.000000
ns3,85.0,248,1,0,1,1,233,228,1.000000
ns3,85.0,249,1,0,1,1,234,229,1.000000
ns3,85.0,250,1,0,1,1,235,230,1.000000
ns3,85.0,251,1,0,1,1,236,231,1.000000
ns3,85.0,252,0,0,0,1,236,231,1.000000
ns3,85.0,253,1,0,1,1,237,232,1.000000
ns3,85.0,254,1,0,1,1,238,233,1.000000
ns3,85.0,255,1,0,1,1,239,234,1.000000
ns3,85.0,256,1,0,1,1,240,235,1.000000
ns3,85.0,257,1,0,1,1,241,236,1.000000
ns3,85.0,258,1,0,1,1,242,237,1.000000
ns3,85.0,259,1,0,1,1,243,238,1.000000
ns3,85.0,260,1,0,1,1,244,239,1.000000
ns3,85.0,261,1,0,1,1,245,240,1.000000
ns3,85.0,262,1,0,1,1,246,241,1.000000
ns3,85.0,263,1,0,1,1,247,242,1.000000
ns3,85.0,264,1,0,1,1,248,243,1.000000
ns3,85.0,265,1,0,1,1,249,244,1.000000
ns3,85.0,266,1,0,1,1,250,245,1.000000
ns3,85.0,267,1,0,1,1,251,246,1.000000
ns3,85.0,268,1,0,1,1,252,247,1.000000
ns3,85.0,269,1,0,1,1,253,248,1.000000
ns3,85.0,270,1,0,1,1,254,249,1.000000
ns3,85.0,271,1,0,1,1,255,250,1.000000
ns3,85.0,272,1,0,1,1,256,251,1.000000
ns3,85.0,273,1,0,1,1,257,252,1.000000
ns3,85.0,274,1,0,1,1,258,253,1.000000
ns3,85.0,275,1,0,1,1,259,254,1.000000
ns3,85.0,276,1,0,1,1,260,255,1.000000
ns3,85.0,277,0,0,0,1,260,255,1.000000
ns3,85.0,278,1,0,1,1,261,256,1.000000
ns3,85.0,279,0,0,0,1,261,256,1.000000
ns3,85.0,280,1,0,1,1,262,257,1.000000
ns3,85.0,281,1,0,1,1,263,258,1.000000
ns3,85.0,282,1,0,1,1,264,259,1.000000
ns3,85.0,283,1,0,1,1,265,260,1.000000
ns3,85.0,284,1,0,1,1,266,261,1.000000
ns3,85.0,285,1,0,1,1,267,262,1.000000
ns3,85.0,286,1,0,1,1,268,263,1.000000
ns3,85.0,287,1,0,1,1,269,264,1.000000
ns3,85.0,288,1,0,1,1,270,265,1.000000
ns3,85.0,289,1,0,1,1,271,266,1.000000
ns3,85.0,290,1,0,1,1,272,267,1.000000
ns3,85.0,291,1,0,1,1,273,268,1.000000
ns3,85.0,292,1,0,1,1,274,269,1.000000
ns3,85.0,293,1,0,1,1,275,270,1.000000
ns3,85.0,294,1,0,1,1,276,271,1.000000
ns3,85.0,295,1,0,1,1,277,272,1.000000
ns3,85.0,296,1,0,1,1,278,273,1.000000
ns3,85.0,297,1,0,1,1,279,274,1.000000
ns3,85.0,298,1,0,1,1,280,275,1.000000
ns3,85.0,299,1,0,1,1,281,276,1.000000
ns3,85.0,300,1,0,1,1,282,277,1.000000
ns3,85.0,301,1,0,1,1,283,278,1.000000
ns3,85.0,302,1,0,1,1,284,279,1.000000
ns3,85.0,303,1,0,1,1,285,280,1.000000
ns3,85.0,304,1,0,1,1,286,281,1.000000
ns3,85.0,305,1,1,0,1,287,281,1.000000
ns3,85.0,306,1,0,1,1,288,282,1.000000
ns3,85.0,307,1,0,1,1,289,283,1.000000
ns3,85.0,308,1,0,1,1,290,284,1.000000
ns3,85.0,309,1,0,1,1,291,285,1.000000
ns3,85.0,310,1,0,1,1,292,286,1.000000
ns3,85.0,311,1,0,1,1,293,287,1.000000
ns3,85.0,312,1,0,1,1,294,288,1.000000
ns3,85.0,313,1,0,1,1,295,289,1.000000
ns3,85.0,314,1,0,1,1,296,290,1.000000
ns3,85.0,315,1,0,1,1,297,291,1.000000
ns3,85.0,316,1,0,1,1,298,292,1.000000
ns3,85.0,317,1,0,1,1,299,293,1.000000
ns3,85.0,318,1,0,1,1,300,294,1.000000
ns3,85.0,319,1,0,1,1,301,295,1.000000
ns3,85.0,320,1,0,1,1,302,296,1.000000
ns3,85.0,321,1,0,1,1,303,297,1.000000
ns3,85.0,322,1,0,1,1,304,298,1.000000
ns3,85.0,323,1,0,1,1,305,299,1.000000
ns3,85.0,324,1,0,1,1,306,300,1.000000
ns3,85.0,325,1,0,1,1,307,301,1.000000
ns3,85.0,326,1,0,1,1,308,302,1.000000
ns3,85.0,327,1,0,1,1,309,303,1.000000
ns3,85.0,328,1,0,1,1,310,304,1.000000
ns3,85.0,329,1,0,1,1,311,305,1.000000
ns3,85.0,330,1,0,1,1,312,306,1.000000
ns3,85.0,331,1,0,1,1,313,307,1.000000
ns3,85.0,332,1,0,1,1,314,308,1.000000
ns3,85.0,333,1,0,1,1,315,309,1.000000
ns3,85.0,334,1,0,1,1,316,310,1.000000
ns3,85.0,335,1,0,1,1,317,311,1.000000
ns3,85.0,336,1,0,1,1,318,312,1.000000
ns3,85.0,337,1,0,1,1,319,313,1.000000
ns3,85.0,338,1,0,1,1,320,314,1.000000
ns3,85.0,339,1,0,1,1,321,315,1.000000
ns3,85.0,340,1,0,1,1,322,316,1.000000
ns3,85.0,341,1,0,1,1,323,317,1.000000
ns3,85.0,342,1,0,1,1,324,318,1.000000
ns3,85.0,343,1,0,1,1,325,319,1.000000
ns3,85.0,344,1,0,1,1,326,320,1.000000
ns3,85.0,345,0,0,0,1,326,320,1.000000
ns3,85.0,346,1,0,1,1,327,321,1.000000
ns3,85.0,347,1,0,1,1,328,322,1.000000
ns3,85.0,348,1,0,1,1,329,323,1.000000
ns3,85.0,349,1,0,1,1,330,324,1.000000
ns3,85.0,350,1,0,1,1,331,325,1.000000
ns3,85.0,351,1,0,1,1,332,326,1.000000
ns3,85.0,352,1,0,1,1,333,327,1.000000
ns3,85.0,353,1,0,1,1,334,328,1.000000
ns3,85.0,354,1,0,1,1,335,329,1.000000
ns3,85.0,355,1,0,1,1,336,330,1.000000
ns3,85.0,356,1,0,1,1,337,331,1.000000
ns3,85.0,357,1,0,1,1,338,332,1.000000
ns3,85.0,358,1,0,1,1,339,333,1.000000
ns3,85.0,359,1,0,1,1,340,334,1.000000
ns3,85.0,360,1,0,1,1,341,335,1.000000
ns3,85.0,361,1,0,1,1,342,336,1.000000
ns3,85.0,362,1,0,1,1,343,337,1.000000
ns3,85.0,363,1,0,1,1,344,338,1.000000
ns3,85.0,364,1,0,1,1,345,339,1.000000
ns3,85.0,365,1,0,1,1,346,340,1.000000
ns3,85.0,366,1,0,1,1,347,341,1.000000
ns3,85.0,367,1,0,1,1,348,342,1.000000
ns3,85.0,368,0,0,0,1,348,342,1.000000
ns3,85.0,369,1,0,1,1,349,343,1.000000
ns3,85.0,370,1,0,1,1,350,344,1.000000
ns3,85.0,371,1,0,1,1,351,345,1.000000
ns3,85.0,372,0,0,0,1,351,345,1.000000
ns3,85.0,373,1,0,1,1,352,346,1.000000
ns3,85.0,374,1,0,1,1,353,347,1.000000
ns3,85.0,375,1,1,0,1,354,347,1.000000
ns3,85.0,376,1,0,1,1,355,348,1.000000
ns3,85.0,377,0,0,0,1,355,348,1.000000
ns3,85.0,378,1,0,1,1,356,349,1.000000
ns3,85.0,379,1,0,1,1,357,350,1.000000
ns3,85.0,380,1,0,1,1,358,351,1.000000
ns3,85.0,381,1,0,1,1,359,352,1.000000
ns3,85.0,382,1,0,1,1,360,353,1.000000
ns3,85.0,383,0,0,0,1,360,353,1.000000
ns3,85.0,384,1,0,1,1,361,354,1.000000
ns3,85.0,385,1,0,1,1,362,355,1.000000
ns3,85.0,386,1,0,1,1,363,356,1.000000
ns3,85.0,387,1,0,1,1,364,357,1.000000
ns3,85.0,388,1,0,1,1,365,358,1.000000
ns3,85.0,389,1,0,1,1,366,359,1.000000
ns3,85.0,390,1,0,1,1,367,360,1.000000
ns3,85.0,391,0,0,0,1,367,360,1.000000
ns3,85.0,392,1,0,1,1,368,361,1.000000
ns3,85.0,393,1,0,1,1,369,362,1.000000
ns3,85.0,394,1,0,1,1,370,363,1.000000
ns3,85.0,395,1,0,1,1,371,364,1.000000
ns3,85.0,396,1,0,1,1,372,365,1.000000
ns3,85.0,397,1,0,1,1,373,366,1.000000
ns3,85.0,398,1,0,1,1,374,367,1.000000
ns3,85.0,399,1,0,1,1,375,368,1.000000
ns3,85.0,400,1,0,1,1,376,369,1.000000
ns3,90.0,1,1,0,1,1,1,1,1.000000
ns3,90.0,2,1,0,1,1,2,2,1.000000
ns3,90.0,3,1,0,1,1,3,3,1.000000
ns3,90.0,4,1,0,1,1,4,4,1.000000
ns3,90.0,5,1,0,1,1,5,5,1.000000
ns3,90.0,6,1,0,1,1,6,6,1.000000
ns3,90.0,7,1,0,1,1,7,7,1.000000
ns3,90.0,8,1,0,1,1,8,8,1.000000
ns3,90.0,9,1,0,1,1,9,9,1.000000
ns3,90.0,10,1,0,1,1,10,10,1.000000
ns3,90.0,11,1,0,1,1,11,11,1.000000
ns3,90.0,12,1,0,1,1,12,12,1.000000
ns3,90.0,13,1,0,1,1,13,13,1.000000
ns3,90.0,14,1,0,1,1,14,14,1.000000
ns3,90.0,15,1,0,1,1,15,15,1.000000
ns3,90.0,16,1,0,1,1,16,16,1.000000
ns3,90.0,17,1,0,1,1,17,17,1.000000
ns3,90.0,18,1,0,1,1,18,18,1.000000
ns3,90.0,19,1,0,1,1,19,19,1.000000
ns3,90.0,20,0,0,0,1,19,19,1.000000
ns3,90.0,21,0,0,0,1,19,19,1.000000
ns3,90.0,22,1,0,1,1,20,20,1.000000
ns3,90.0,23,1,0,1,1,21,21,1.000000
ns3,90.0,24,1,0,1,1,22,22,1.000000
ns3,90.0,25,1,0,1,1,23,23,1.000000
ns3,90.0,26,1,0,1,1,24,24,1.000000
ns3,90.0,27,1,0,1,1,25,25,1.000000
ns3,90.0,28,1,0,1,1,26,26,1.000000
ns3,90.0,29,1,0,1,1,27,27,1.000000
ns3,90.0,30,1,0,1,1,28,28,1.000000
ns3,90.0,31,1,0,1,1,29,29,1.000000
ns3,90.0,32,0,0,0,1,29,29,1.000000
ns3,90.0,33,1,0,1,1,30,30,1.000000
ns3,90.0,34,1,0,1,1,31,31,1.000000
ns3,90.0,35,1,0,1,1,32,32,1.000000
ns3,90.0,36,1,0,1,1,33,33,1.000000
ns3,90.0,37,1,0,1,1,34,34,1.000000
ns3,90.0,38,1,0,1,1,35,35,1.000000
ns3,90.0,39,1,0,1,1,36,36,1.000000
ns3,90.0,40,1,0,1,1,37,37,1.000000
ns3,90.0,41,1,0,1,1,38,38,1.000000
ns3,90.0,42,1,0,1,1,39,39,1.000000
ns3,90.0,43,1,0,1,1,40,40,1.000000
ns3,90.0,44,1,0,1,1,41,41,1.000000
ns3,90.0,45,1,0,1,1,42,42,1.000000
ns3,90.0,46,1,0,1,1,43,43,1.000000
ns3,90.0,47,1,0,1,1,44,44,1.000000
ns3,90.0,48,1,0,1,1,45,45,1.000000
ns3,90.0,49,1,0,1,1,46,46,1.000000
ns3,90.0,50,1,0,1,1,47,47,1.000000
ns3,90.0,51,0,0,0,1,47,47,1.000000
ns3,90.0,52,1,0,1,1,48,48,1.000000
ns3,90.0,53,1,0,1,1,49,49,1.000000
ns3,90.0,54,1,0,1,1,50,50,1.000000
ns3,90.0,55,0,0,0,1,50,50,1.000000
ns3,90.0,56,1,0,1,1,51,51,1.000000
ns3,90.0,57,1,0,1,1,52,52,1.000000
ns3,90.0,58,1,0,1,1,53,53,1.000000
ns3,90.0,59,0,0,0,1,53,53,1.000000
ns3,90.0,60,1,0,1,1,54,54,1.000000
ns3,90.0,61,1,0,1,1,55,55,1.000000
ns3,90.0,62,1,0,1,1,56,56,1.000000
ns3,90.0,63,1,0,1,1,57,57,1.000000
ns3,90.0,64,1,0,1,1,58,58,1.000000
ns3,90.0,65,0,0,0,1,58,58,1.000000
ns3,90.0,66,1,0,1,1,59,59,1.000000
ns3,90.0,67,1,0,1,1,60,60,1.000000
ns3,90.0,68,1,0,1,1,61,61,1.000000
ns3,90.0,69,1,0,1,1,62,62,1.000000
ns3,90.0,70,1,0,1,1,63,63,1.000000
ns3,90.0,71,0,0,0,1,63,63,1.000000
ns3,90.0,72,1,0,1,1,64,64,1.000000
ns3,90.0,73,1,0,1,1,65,65,1.000000
ns3,90.0,74,1,1,0,1,66,65,1.000000
ns3,90.0,75,1,0,1,1,67,66,1.000000
ns3,90.0,76,1,0,1,1,68,67,1.000000
ns3,90.0,77,1,0,1,1,69,68,1.000000
ns3,90.0,78,1,0,1,1,70,69,1.000000
ns3,90.0,79,1,0,1,1,71,70,1.000000
ns3,90.0,80,1,0,1,1,72,71,1.000000
ns3,90.0,81,1,0,1,1,73,72,1.000000
ns3,90.0,82,1,0,1,1,74,73,1.000000
ns3,90.0,83,1,0,1,1,75,74,1.000000
ns3,90.0,84,1,0,1,1,76,75,1.000000
ns3,90.0,85,1,0,1,1,77,76,1.000000
ns3,90.0,86,1,0,1,1,78,77,1.000000
ns3,90.0,87,1,0,1,1,79,78,1.000000
ns3,90.0,88,0,0,0,1,79,78,1.000000
ns3,90.0,89,1,0,1,1,80,79,1.000000
ns3,90.0,90,1,0,1,1,81,80,1.000000
ns3,90.0,91,1,0,1,1,82,81,1.000000
ns3,90.0,92,1,0,1,1,83,82,1.000000
ns3,90.0,93,1,0,1,1,84,83,1.000000
ns3,90.0,94,1,0,1,1,85,84,1.000000
ns3,90.0,95,1,0,1,1,86,85,1.000000
ns3,90.0,96,1,0,1,1,87,86,1.000000
ns3,90.0,97,0,0,0,1,87,86,1.000000
ns3,90.0,98,1,0,1,1,88,87,1.000000
ns3,90.0,99,1,0,1,1,89,88,1.000000
ns3,90.0,100,1,0,1,1,90,89,1.000000
ns3,90.0,101,1,0,1,1,91,90,1.000000
ns3,90.0,102,1,0,1,1,92,91,1.000000
ns3,90.0,103,1,0,1,1,93,92,1.000000
ns3,90.0,104,1,0,1,1,94,93,1.000000
ns3,90.0,105,1,0,1,1,95,94,1.000000
ns3,90.0,106,1,0,1,1,96,95,1.000000
ns3,90.0,107,1,0,1,1,97,96,1.000000
ns3,90.0,108,1,0,1,1,98,97,1.000000
ns3,90.0,109,1,0,1,1,99,98,1.000000
ns3,90.0,110,1,0,1,1,100,99,1.000000
ns3,90.0,111,1,0,1,1,101,100,1.000000
ns3,90.0,112,1,0,1,1,102,101,1.000000
ns3,90.0,113,1,0,1,1,103,102,1.000000
ns3,90.0,114,1,0,1,1,104,103,1.000000
ns3,90.0,115,1,0,1,1,105,104,1.000000
ns3,90.0,116,1,0,1,1,106,105,1.000000
ns3,90.0,117,1,0,1,1,107,106,1.000000
ns3,90.0,118,1,0,1,1,108,107,1.000000
ns3,90.0,119,1,1,0,1,109,107,1.000000
ns3,90.0,120,1,0,1,1,110,108,1.000000
ns3,90.0,121,1,0,1,1,111,109,1.000000
ns3,90.0,122,1,0,1,1,112,110,1.000000
ns3,90.0,123,1,0,1,1,113,111,1.000000
ns3,90.0,124,1,0,1,1,114,112,1.000000
ns3,90.0,125,1,0,1,1,115,113,1.000000
ns3,90.0,126,1,0,1,1,116,114,1.000000
ns3,90.0,127,1,0,1,1,117,115,1.000000
ns3,90.0,128,1,0,1,1,118,116,1.000000
ns3,90.0,129,0,0,0,1,118,116,1.000000
ns3,90.0,130,1,0,1,1,119,117,1.000000
ns3,90.0,131,1,0,1,1,120,118,1.000000
ns3,90.0,132,1,0,1,1,121,119,1.000000
ns3,90.0,133,1,0,1,1,122,120,1.000000
ns3,90.0,134,1,0,1,1,123,121,1.000000
ns3,90.0,135,1,0,1,1,124,122,1.000000
ns3,90.0,136,1,0,1,1,125,123,1.000000
ns3,90.0,137,1,0,1,1,126,124,1.000000
ns3,90.0,138,1,0,1,1,127,125,1.000000
ns3,90.0,139,1,0,1,1,128,126,1.000000
ns3,90.0,140,1,0,1,1,129,127,1.000000
ns3,90.0,141,1,0,1,1,130,128,1.000000
ns3,90.0,142,1,0,1,1,131,129,1.000000
ns3,90.0,143,1,0,1,1,132,130,1.000000
ns3,90.0,144,1,0,1,1,133,131,1.000000
ns3,90.0,145,1,0,1,1,134,132,1.000000
ns3,90.0,146,1,0,1,1,135,133,1.000000
ns3,90.0,147,1,0,1,1,136,134,1.000000
ns3,90.0,148,1,0,1,1,137,135,1.000000
ns3,90.0,149,1,0,1,1,138,136,1.000000
ns3,90.0,150,1,0,1,1,139,137,1.000000
ns3,90.0,151,1,0,1,1,140,138,1.000000
ns3,90.0,152,1,0,1,1,141,139,1.000000
ns3,90.0,153,0,0,0,1,141,139,1.000000
ns3,90.0,154,1,0,1,1,142,140,1.000000
ns3,90.0,155,1,0,1,1,143,141,1.000000
ns3,90.0,156,1,0,1,1,144,142,1.000000
ns3,90.0,157,1,0,1,1,145,143,1.000000
ns3,90.0,158,1,0,1,1,146,144,1.000000
ns3,90.0,159,1,0,1,1,147,145,1.000000
ns3,90.0,160,1,0,1,1,148,146,1.000000
ns3,90.0,161,1,0,1,1,149,147,1.000000
ns3,90.0,162,1,0,1,1,150,148,1.000000
ns3,90.0,163,0,0,0,1,150,148,1.000000
ns3,90.0,164,1,0,1,1,151,149,1.000000
ns3,90.0,165,1,0,1,1,152,150,1.000000
ns3,90.0,166,1,0,1,1,153,151,1.000000
ns3,90.0,167,1,0,1,1,154,152,1.000000
ns3,90.0,168,1,0,1,1,155,153,1.000000
ns3,90.0,169,1,0,1,1,156,154,1.000000
ns3,90.0,170,1,0,1,1,157,155,1.000000
ns3,90.0,171,1,0,1,1,158,156,1.000000
ns3,90.0,172,1,0,1,1,159,157,1.000000
ns3,90.0,173,1,0,1,1,160,158,1.000000
ns3,90.0,174,1,0,1,1,161,159,1.000000
ns3,90.0,175,1,0,1,1,162,160,1.000000
ns3,90.0,176,1,0,1,1,163,161,1.000000
ns3,90.0,177,1,0,1,1,164,162,1.000000
ns3,90.0,178,1,0,1,1,165,163,1.000000
ns3,90.0,179,1,0,1,1,166,164,1.000000
ns3,90.0,180,1,0,1,1,167,165,1.000000
ns3,90.0,181,1,0,1,1,168,166,1.000000
ns3,90.0,182,1,0,1,1,169,167,1.000000
ns3,90.0,183,1,0,1,1,170,168,1.000000
ns3,90.0,184,1,0,1,1,171,169,1.000000
ns3,90.0,185,1,0,1,1,172,170,1.000000
ns3,90.0,186,1,0,1,1,173,171,1.000000
ns3,90.0,187,1,0,1,1,174,172,1.000000
ns3,90.0,188,0,0,0,1,174,172,1.000000
ns3,90.0,189,1,0,1,1,175,173,1.000000
ns3,90.0,190,1,0,1,1,176,174,1.000000
ns3,90.0,191,1,0,1,1,177,175,1.000000
ns3,90.0,192,1,0,1,1,178,176,1.000000
ns3,90.0,193,1,0,1,1,179,177,1.000000
ns3,90.0,194,1,0,1,1,180,178,1.000000
ns3,90.0,195,1,0,1,1,181,179,1.000000
ns3,90.0,196,1,0,1,1,182,180,1.000000
ns3,90.0,197,1,0,1,1,183,181,1.000000
ns3,90.0,198,1,0,1,1,184,182,1.000000
ns3,90.0,199,1,0,1,1,185,183,1.000000
ns3,90.0,200,1,0,1,1,186,184,1.000000
ns3,90.0,201,1,0,1,1,187,185,1.000000
ns3,90.0,202,1,0,1,1,188,186,1.000000
ns3,90.0,203,1,0,1,1,189,187,1.000000
ns3,90.0,204,1,0,1,1,190,188,1.000000
ns3,90.0,205,1,0,1,1,191,189,1.000000
ns3,90.0,206,1,0,1,1,192,190,1.000000
ns3,90.0,207,1,0,1,1,193,191,1.000000
ns3,90.0,208,1,0,1,1,194,192,1.000000
ns3,90.0,209,1,0,1,1,195,193,1.000000
ns3,90.0,210,1,0,1,1,196,194,1.000000
ns3,90.0,211,1,0,1,1,197,195,1.000000
ns3,90.0,212,1,0,1,1,198,196,1.000000
ns3,90.0,213,1,0,1,1,199,197,1.000000
ns3,90.0,214,1,0,1,1,200,198,1.000000
ns3,90.0,215,0,0,0,1,200,198,1.000000
ns3,90.0,216,1,0,1,1,201,199,1.000000
ns3,90.0,217,1,0,1,1,202,200,1.000000
ns3,90.0,218,1,0,1,1,203,201,1.000000
ns3,90.0,219,1,0,1,1,204,202,1.000000
ns3,90.0,220,1,0,1,1,205,203,1.000000
ns3,90.0,221,1,0,1,1,206,204,1.000000
ns3,90.0,222,1,0,1,1,207,205,1.000000
ns3,90.0,223,1,0,1,1,208,206,1.000000
ns3,90.0,224,0,0,0,1,208,206,1.000000
ns3,90.0,225,1,0,1,1,209,207,1.000000
ns3,90.0,226,1,0,1,1,210,208,1.000000
ns3,90.0,227,1,0,1,1,211,209,1.000000
ns3,90.0,228,1,0,1,1,212,210,1.000000
ns3,90.0,229,0,1,0,1,212,210,1.000000
ns3,90.0,230,1,0,1,1,213,211,1.000000
ns3,90.0,231,1,0,1,1,214,212,1.000000
ns3,90.0,232,1,0,1,1,215,213,1.000000
ns3,90.0,233,1,0,1,1,216,214,1.000000
ns3,90.0,234,1,0,1,1,217,215,1.000000
ns3,90.0,235,1,0,1,1,218,216,1.000000
ns3,90.0,236,1,0,1,1,219,217,1.000000
ns3,90.0,237,1,0,1,1,220,218,1.000000
ns3,90.0,238,1,0,1,1,221,219,1.000000
ns3,90.0,239,1,0,1,1,222,220,1.000000
ns3,90.0,240,1,0,1,1,223,221,1.000000
ns3,90.0,241,1,0,1,1,224,222,1.000000
ns3,90.0,242,1,0,1,1,225,223,1.000000
ns3,90.0,243,0,0,0,1,225,223,1.000000
ns3,90.0,244,1,0,1,1,226,224,1.000000
ns3,90.0,245,1,0,1,1,227,225,1.000000
ns3,90.0,246,1,0,1,1,228,226,1.000000
ns3,90.0,247,1,0,1,1,229,227,1.000000
ns3,90.0,248,1,0,1,1,230,228,1.000000
ns3,90.0,249,1,0,1,1,231,229,1.000000
ns3,90.0,250,1,0,1,1,232,230,1.000000
ns3,90.0,251,1,0,1,1,233,231,1.000000
ns3,90.0,252,1,0,1,1,234,232,1.000000
ns3,90.0,253,1,0,1,1,235,233,1.000000
ns3,90.0,254,1,0,1,1,236,234,1.000000
ns3,90.0,255,1,0,1,1,237,235,1.000000
ns3,90.0,256,1,0,1,1,238,236,1.000000
ns3,90.0,257,1,0,1,1,239,237,1.000000
ns3,90.0,258,1,0,1,1,240,238,1.000000
ns3,90.0,259,1,0,1,1,241,239,1.000000
ns3,90.0,260,1,0,1,1,242,240,1.000000
ns3,90.0,261,1,0,1,1,243,241,1.000000
ns3,90.0,262,1,0,1,1,244,242,1.000000
ns3,90.0,263,1,0,1,1,245,243,1.000000
ns3,90.0,264,1,0,1,1,246,244,1.000000
ns3,90.0,265,1,0,1,1,247,245,1.000000
ns3,90.0,266,1,0,1,1,248,246,1.000000
ns3,90.0,267,0,0,0,1,248,246,1.000000
ns3,90.0,268,1,0,1,1,249,247,1.000000
ns3,90.0,269,1,0,1,1,250,248,1.000000
ns3,90.0,270,1,0,1,1,251,249,1.000000
ns3,90.0,271,1,0,1,1,252,250,1.000000
ns3,90.0,272,1,0,1,1,253,251,1.000000
ns3,90.0,273,1,0,1,1,254,252,1.000000
ns3,90.0,274,0,0,0,1,254,252,1.000000
ns3,90.0,275,1,0,1,1,255,253,1.000000
ns3,90.0,276,1,0,1,1,256,254,1.000000
ns3,90.0,277,1,0,1,1,257,255,1.000000
ns3,90.0,278,1,0,1,1,258,256,1.000000
ns3,90.0,279,1,0,1,1,259,257,1.000000
ns3,90.0,280,1,0,1,1,260,258,1.000000
ns3,90.0,281,1,0,1,1,261,259,1.000000
ns3,90.0,282,1,0,1,1,262,260,1.000000
ns3,90.0,283,1,0,1,1,263,261,1.000000
ns3,90.0,284,1,0,1,1,264,262,1.000000
ns3,90.0,285,1,0,1,1,265,263,1.000000
ns3,90.0,286,1,0,1,1,266,264,1.000000
ns3,90.0,287,1,0,1,1,267,265,1.000000
ns3,90.0,288,1,0,1,1,268,266,1.000000
ns3,90.0,289,1,0,1,1,269,267,1.000000
ns3,90.0,290,1,0,1,1,270,268,1.000000
ns3,90.0,291,1,0,1,1,271,269,1.000000
ns3,90.0,292,1,0,1,1,272,270,1.000000
ns3,90.0,293,1,0,1,1,273,271,1.000000
ns3,90.0,294,0,0,0,1,273,271,1.000000
ns3,90.0,295,1,0,1,1,274,272,1.000000
ns3,90.0,296,1,0,1,1,275,273,1.000000
ns3,90.0,297,1,0,1,1,276,274,1.000000
ns3,90.0,298,1,0,1,1,277,275,1.000000
ns3,90.0,299,1,0,1,1,278,276,1.000000
ns3,90.0,300,1,0,1,1,279,277,1.000000
ns3,90.0,301,1,0,1,1,280,278,1.000000
ns3,90.0,302,1,0,1,1,281,279,1.000000
ns3,90.0,303,1,0,1,1,282,280,1.000000
ns3,90.0,304,1,0,1,1,283,281,1.000000
ns3,90.0,305,1,0,1,1,284,282,1.000000
ns3,90.0,306,1,0,1,1,285,283,1.000000
ns3,90.0,307,1,0,1,1,286,284,1.000000
ns3,90.0,308,1,0,1,1,287,285,1.000000
ns3,90.0,309,0,0,0,1,287,285,1.000000
ns3,90.0,310,1,0,1,1,288,286,1.000000
ns3,90.0,311,1,0,1,1,289,287,1.000000
ns3,90.0,312,1,0,1,1,290,288,1.000000
ns3,90.0,313,1,0,1,1,291,289,1.000000
ns3,90.0,314,1,0,1,1,292,290,1.000000
ns3,90.0,315,1,0,1,1,293,291,1.000000
ns3,90.0,316,1,0,1,1,294,292,1.000000
ns3,90.0,317,1,0,1,1,295,293,1.000000
ns3,90.0,318,1,0,1,1,296,294,1.000000
ns3,90.0,319,0,0,0,1,296,294,1.000000
ns3,90.0,320,1,0,1,1,297,295,1.000000
ns3,90.0,321,1,0,1,1,298,296,1.000000
ns3,90.0,322,1,0,1,1,299,297,1.000000
ns3,90.0,323,1,0,1,1,300,298,1.000000
ns3,90.0,324,1,0,1,1,301,299,1.000000
ns3,90.0,325,1,0,1,1,302,300,1.000000
ns3,90.0,326,1,0,1,1,303,301,1.000000
ns3,90.0,327,1,0,1,1,304,302,1.000000
ns3,90.0,328,1,0,1,1,305,303,1.000000
ns3,90.0,329,1,0,1,1,306,304,1.000000
ns3,90.0,330,1,0,1,1,307,305,1.000000
ns3,90.0,331,1,0,1,1,308,306,1.000000
ns3,90.0,332,1,0,1,1,309,307,1.000000
ns3,90.0,333,1,1,0,1,310,307,1.000000
ns3,90.0,334,1,0,1,1,311,308,1.000000
ns3,90.0,335,1,0,1,1,312,309,1.000000
ns3,90.0,336,1,0,1,1,313,310,1.000000
ns3,90.0,337,1,0,1,1,314,311,1.000000
ns3,90.0,338,1,0,1,1,315,312,1.000000
ns3,90.0,339,1,0,1,1,316,313,1.000000
ns3,90.0,340,1,0,1,1,317,314,1.000000
ns3,90.0,341,1,0,1,1,318,315,1.000000
ns3,90.0,342,1,0,1,1,319,316,1.000000
ns3,90.0,343,1,0,1,1,320,317,1.000000
ns3,90.0,344,1,0,1,1,321,318,1.000000
ns3,90.0,345,1,0,1,1,322,319,1.000000
ns3,90.0,346,1,0,1,1,323,320,1.000000
ns3,90.0,347,1,0,1,1,324,321,1.000000
ns3,90.0,348,1,0,1,1,325,322,1.000000
ns3,90.0,349,1,0,1,1,326,323,1.000000
ns3,90.0,350,1,0,1,1,327,324,1.000000
ns3,90.0,351,1,0,1,1,328,325,1.000000
ns3,90.0,352,1,0,1,1,329,326,1.000000
ns3,90.0,353,1,0,1,1,330,327,1.000000
ns3,90.0,354,1,0,1,1,331,328,1.000000
ns3,90.0,355,1,0,1,1,332,329,1.000000
ns3,90.0,356,1,0,1,1,333,330,1.000000
ns3,90.0,357,0,0,0,1,333,330,1.000000
ns3,90.0,358,0,0,0,1,333,330,1.000000
ns3,90.0,359,1,0,1,1,334,331,1.000000
ns3,90.0,360,1,0,1,1,335,332,1.000000
ns3,90.0,361,1,0,1,1,336,333,1.000000
ns3,90.0,362,1,0,1,1,337,334,1.000000
ns3,90.0,363,1,0,1,1,338,335,1.000000
ns3,90.0,364,1,0,1,1,339,336,1.000000
ns3,90.0,365,1,0,1,1,340,337,1.000000
ns3,90.0,366,1,0,1,1,341,338,1.000000
ns3,90.0,367,1,0,1,1,342,339,1.000000
ns3,90.0,368,1,0,1,1,343,340,1.000000
ns3,90.0,369,1,0,1,1,344,341,1.000000
ns3,90.0,370,1,0,1,1,345,342,1.000000
ns3,90.0,371,1,0,1,1,346,343,1.000000
ns3,90.0,372,1,0,1,1,347,344,1.000000
ns3,90.0,373,1,0,1,1,348,345,1.000000
ns3,90.0,374,1,0,1,1,349,346,1.000000
ns3,90.0,375,1,0,1,1,350,347,1.000000
ns3,90.0,376,0,0,0,1,350,347,1.000000
ns3,90.0,377,1,0,1,1,351,348,1.000000
ns3,90.0,378,1,0,1,1,352,349,1.000000
ns3,90.0,379,1,0,1,1,353,350,1.000000
ns3,90.0,380,1,0,1,1,354,351,1.000000
ns3,90.0,381,1,0,1,1,355,352,1.000000
ns3,90.0,382,1,0,1,1,356,353,1.000000
ns3,90.0,383,1,0,1,1,357,354,1.000000
ns3,90.0,384,1,0,1,1,358,355,1.000000
ns3,90.0,385,1,0,1,1,359,356,1.000000
ns3,90.0,386,1,0,1,1,360,357,1.000000
ns3,90.0,387,1,0,1,1,361,358,1.000000
ns3,90.0,388,1,0,1,1,362,359,1.000000
ns3,90.0,389,1,0,1,1,363,360,1.000000
ns3,90.0,390,1,0,1,1,364,361,1.000000
ns3,90.0,391,1,0,1,1,365,362,1.000000
ns3,90.0,392,1,0,1,1,366,363,1.000000
ns3,90.0,393,1,0,1,1,367,364,1.000000
ns3,90.0,394,1,0,1,1,368,365,1.000000
ns3,90.0,395,1,0,1,1,369,366,1.000000
ns3,90.0,396,1,0,1,1,370,367,1.000000
ns3,90.0,397,1,0,1,1,371,368,1.000000
ns3,90.0,398,1,0,1,1,372,369,1.000000
ns3,90.0,399,1,0,1,1,373,370,1.000000
ns3,90.0,400,1,0,1,1,374,371,1.000000
